      date, seed, suits, dealtUp, moves,   score,  evals, microsecs, depth, timedOut,   win
2026-08-29,  100,     1,   False,   119, 443.200,   3055,     25933,     2,    False,  True
2026-08-29,  101,     1,   False,   111, 443.200,   3096,     25121,     2,    False,  True
2026-08-29,  102,     1,   False,   113, 443.200,   2334,     17996,     2,    False,  True
2026-08-29,  103,     1,   False,   126, 443.200,   3002,     23132,     2,    False,  True
2026-08-29,  104,     1,   False,   114, 443.200,   2414,     19075,     2,    False,  True
2026-08-29,  105,     1,   False,   112, 443.200,   2594,     20817,     2,    False,  True
2026-08-29,  106,     1,   False,   113, 443.200,   3235,     24815,     2,    False,  True
2026-08-29,  107,     1,   False,   122, 443.200,   3006,     25341,     2,    False,  True
2026-08-29,  108,     1,   False,    68, 188.700,   1263,      9475,     2,    False, False
2026-08-29,  109,     1,   False,   117, 443.200,   2304,     18347,     2,    False,  True
2026-08-29,  110,     1,   False,   116, 443.200,   2894,     24461,     2,    False,  True
2026-08-29,  111,     1,   False,    66, 185.900,   1408,     11546,     2,    False, False
2026-08-29,  112,     1,   False,   117, 443.200,   3574,     27826,     2,    False,  True
2026-08-29,  113,     1,   False,   117, 443.200,   3322,     25080,     2,    False,  True
2026-08-29,  114,     1,   False,   123, 443.200,   3039,     24300,     2,    False,  True
2026-08-29,  115,     1,   False,   123, 443.200,   3403,     27651,     2,    False,  True
2026-08-29,  116,     1,   False,   110, 443.200,   2847,     21481,     2,    False,  True
2026-08-29,  117,     1,   False,   112, 443.200,   2588,     20254,     2,    False,  True
2026-08-29,  118,     1,   False,    65, 170.000,    992,      7477,     2,    False, False
2026-08-29,  119,     1,   False,    91, 259.300,   1987,     15536,     2,    False, False
2026-08-29,  120,     1,   False,   113, 443.200,   2950,     23421,     2,    False,  True
2026-08-29,  121,     1,   False,   120, 443.200,   2913,     23623,     2,    False,  True
2026-08-29,  122,     1,   False,   118, 443.200,   3420,     26958,     2,    False,  True
2026-08-29,  123,     1,   False,    71, 235.200,   1759,     12124,     2,    False, False
2026-08-29,  124,     1,   False,   107, 443.200,   2697,     20333,     2,    False,  True
2026-08-29,  125,     1,   False,   111, 443.200,   2142,     16334,     2,    False,  True
2026-08-29,  126,     1,   False,    52, 137.500,    906,      6887,     2,    False, False
2026-08-29,  127,     1,   False,   109, 443.200,   2211,     17393,     2,    False,  True
2026-08-29,  128,     1,   False,   114, 443.200,   2838,     22408,     2,    False,  True
2026-08-29,  129,     1,   False,   121, 443.200,   3360,     26795,     2,    False,  True
2026-08-29,  130,     1,   False,   115, 443.200,   1901,     14829,     2,    False,  True
2026-08-29,  131,     1,   False,   114, 443.200,   3180,     25640,     2,    False,  True
2026-08-29,  132,     1,   False,   117, 443.200,   3065,     25026,     2,    False,  True
2026-08-29,  133,     1,   False,   115, 443.200,   2904,     22217,     2,    False,  True
2026-08-29,  134,     1,   False,   114, 443.200,   2546,     20567,     2,    False,  True
2026-08-29,  135,     1,   False,   121, 443.200,   2729,     21384,     2,    False,  True
2026-08-29,  136,     1,   False,   109, 443.200,   2855,     22314,     2,    False,  True
2026-08-29,  137,     1,   False,   125, 443.200,   2757,     20618,     2,    False,  True
2026-08-29,  138,     1,   False,   117, 443.200,   2640,     20056,     2,    False,  True
2026-08-29,  139,     1,   False,   113, 443.200,   2869,     22110,     2,    False,  True
2026-08-29,  140,     1,   False,   124, 443.200,   3282,     27029,     2,    False,  True
2026-08-29,  141,     1,   False,   114, 443.200,   2758,     20725,     2,    False,  True
2026-08-29,  142,     1,   False,   118, 443.200,   3574,     29751,     2,    False,  True
2026-08-29,  143,     1,   False,   118, 443.200,   3206,     26366,     2,    False,  True
2026-08-29,  144,     1,   False,   111, 443.200,   2762,     22678,     2,    False,  True
2026-08-29,  145,     1,   False,   116, 443.200,   1984,     15567,     2,    False,  True
2026-08-29,  146,     1,   False,    64, 202.500,   1263,      9403,     2,    False, False
2026-08-29,  147,     1,   False,   116, 443.200,   3003,     23380,     2,    False,  True
2026-08-29,  148,     1,   False,    64, 179.600,   1523,     11280,     2,    False, False
2026-08-29,  149,     1,   False,   117, 443.200,   2534,     20694,     2,    False,  True
2026-08-29,  150,     1,   False,   116, 443.200,   3128,     25104,     2,    False,  True
2026-08-29,  151,     1,   False,   113, 443.200,   2087,     15759,     2,    False,  True
2026-08-29,  152,     1,   False,   124, 443.200,   3185,     26743,     2,    False,  True
2026-08-29,  153,     1,   False,   113, 443.200,   2291,     18686,     2,    False,  True
2026-08-29,  154,     1,   False,   119, 443.200,   2581,     20206,     2,    False,  True
2026-08-29,  155,     1,   False,   115, 443.200,   2502,     20410,     2,    False,  True
2026-08-29,  156,     1,   False,   112, 443.200,   2718,     21482,     2,    False,  True
2026-08-29,  157,     1,   False,   118, 443.200,   2220,     17178,     2,    False,  True
2026-08-29,  158,     1,   False,    74, 233.400,   1131,      8753,     2,    False, False
2026-08-29,  159,     1,   False,   115, 443.200,   2444,     19084,     2,    False,  True
2026-08-29,  160,     1,   False,   115, 443.200,   3160,     23645,     2,    False,  True
2026-08-29,  161,     1,   False,   105, 443.200,   2762,     21600,     2,    False,  True
2026-08-29,  162,     1,   False,   119, 443.200,   2850,     23054,     2,    False,  True
2026-08-29,  163,     1,   False,   118, 443.200,   2127,     15947,     2,    False,  True
2026-08-29,  164,     1,   False,   118, 443.200,   2583,     19570,     2,    False,  True
2026-08-29,  165,     1,   False,   117, 443.200,   3223,     27362,     2,    False,  True
2026-08-29,  166,     1,   False,   125, 443.200,   3202,     25659,     2,    False,  True
2026-08-29,  167,     1,   False,   123, 443.200,   2892,     21657,     2,    False,  True
2026-08-29,  168,     1,   False,   122, 443.200,   3335,     27105,     2,    False,  True
2026-08-29,  169,     1,   False,   106, 443.200,   3009,     23656,     2,    False,  True
2026-08-29,  170,     1,   False,   118, 443.200,   2818,     22534,     2,    False,  True
2026-08-29,  171,     1,   False,   118, 443.200,   1979,     15646,     2,    False,  True
2026-08-29,  172,     1,   False,   111, 443.200,   2044,     15355,     2,    False,  True
2026-08-29,  173,     1,   False,   118, 443.200,   2706,     21224,     2,    False,  True
2026-08-29,  174,     1,   False,   117, 443.200,   3167,     26682,     2,    False,  True
2026-08-29,  175,     1,   False,   116, 443.200,   3541,     27441,     2,    False,  True
2026-08-29,  176,     1,   False,   127, 443.200,   2379,     19271,     2,    False,  True
2026-08-29,  177,     1,   False,   121, 443.200,   2407,     20332,     2,    False,  True
2026-08-29,  178,     1,   False,   112, 443.200,   2380,     17656,     2,    False,  True
2026-08-29,  179,     1,   False,    57, 166.300,   1171,      8659,     2,    False, False
2026-08-29,  180,     1,   False,   116, 443.200,   3289,     25998,     2,    False,  True
2026-08-29,  181,     1,   False,   118, 443.200,   3112,     24544,     2,    False,  True
2026-08-29,  182,     1,   False,   114, 443.200,   1978,     15222,     2,    False,  True
2026-08-29,  183,     1,   False,   113, 443.200,   2831,     22081,     2,    False,  True
2026-08-29,  184,     1,   False,   120, 443.200,   2923,     22416,     2,    False,  True
2026-08-29,  185,     1,   False,   111, 443.200,   2559,     20184,     2,    False,  True
2026-08-29,  186,     1,   False,   117, 443.200,   3021,     23110,     2,    False,  True
2026-08-29,  187,     1,   False,   114, 443.200,   2730,     22511,     2,    False,  True
2026-08-29,  188,     1,   False,   114, 443.200,   2636,     21315,     2,    False,  True
2026-08-29,  189,     1,   False,   115, 443.200,   2054,     16705,     2,    False,  True
2026-08-29,  190,     1,   False,   115, 443.200,   3078,     24153,     2,    False,  True
2026-08-29,  191,     1,   False,   106, 443.200,   2999,     24269,     2,    False,  True
2026-08-29,  192,     1,   False,   102, 443.200,   2440,     18853,     2,    False,  True
2026-08-29,  193,     1,   False,    59, 171.500,   1216,      9478,     2,    False, False
2026-08-29,  194,     1,   False,   111, 443.200,   2503,     20205,     2,    False,  True
2026-08-29,  195,     1,   False,   115, 443.200,   3015,     25122,     2,    False,  True
2026-08-29,  196,     1,   False,     1,   6.000,      2,        23,     2,    False, False
2026-08-29,  197,     1,   False,   122, 443.200,   2973,     22805,     2,    False,  True
2026-08-29,  198,     1,   False,   117, 443.200,   2903,     23668,     2,    False,  True
2026-08-29,  199,     1,   False,    76, 245.800,   1127,      8674,     2,    False, False
2026-08-29,  200,     1,   False,   123, 443.200,   2788,     22183,     2,    False,  True
2026-08-29,  201,     1,   False,   118, 443.200,   3312,     26319,     2,    False,  True
2026-08-29,  202,     1,   False,   112, 443.200,   1908,     15945,     2,    False,  True
2026-08-29,  203,     1,   False,   122, 443.200,   2438,     18652,     2,    False,  True
2026-08-29,  204,     1,   False,   111, 443.200,   2803,     22000,     2,    False,  True
2026-08-29,  205,     1,   False,   113, 443.200,   2774,     21789,     2,    False,  True
2026-08-29,  206,     1,   False,   112, 443.200,   3212,     24800,     2,    False,  True
2026-08-29,  207,     1,   False,   109, 443.200,   2055,     16416,     2,    False,  True
2026-08-29,  208,     1,   False,   114, 443.200,   2689,     21612,     2,    False,  True
2026-08-29,  209,     1,   False,   117, 443.200,   2734,     21437,     2,    False,  True
2026-08-29,  210,     1,   False,    45,  96.900,    659,      5185,     2,    False, False
2026-08-29,  211,     1,   False,   107, 443.200,   3256,     25906,     2,    False,  True
2026-08-29,  212,     1,   False,   123, 443.200,   3093,     25106,     2,    False,  True
2026-08-29,  213,     1,   False,   112, 443.200,   2376,     19072,     2,    False,  True
2026-08-29,  214,     1,   False,   121, 443.200,   3588,     29695,     2,    False,  True
2026-08-29,  215,     1,   False,    42, 105.100,    977,      7280,     2,    False, False
2026-08-29,  216,     1,   False,   115, 443.200,   2641,     21741,     2,    False,  True
2026-08-29,  217,     1,   False,   102, 443.200,   3358,     25735,     2,    False,  True
2026-08-29,  218,     1,   False,   112, 443.200,   2604,     21336,     2,    False,  True
2026-08-29,  219,     1,   False,   113, 443.200,   2506,     19948,     2,    False,  True
2026-08-29,  220,     1,   False,   100, 340.200,   1840,     14752,     2,    False, False
2026-08-29,  221,     1,   False,   106, 443.200,   2051,     16562,     2,    False,  True
2026-08-29,  222,     1,   False,   107, 443.200,   1981,     14587,     2,    False,  True
2026-08-29,  223,     1,   False,   115, 443.200,   2415,     19199,     2,    False,  True
2026-08-29,  224,     1,   False,   120, 443.200,   2528,     19907,     2,    False,  True
2026-08-29,  225,     1,   False,   118, 443.200,   3221,     26082,     2,    False,  True
2026-08-29,  226,     1,   False,   118, 443.200,   2509,     19515,     2,    False,  True
2026-08-29,  227,     1,   False,   111, 443.200,   2983,     24532,     2,    False,  True
2026-08-29,  228,     1,   False,   119, 443.200,   2996,     23144,     2,    False,  True
2026-08-29,  229,     1,   False,   110, 443.200,   2557,     19767,     2,    False,  True
2026-08-29,  230,     1,   False,   116, 443.200,   2407,     20044,     2,    False,  True
2026-08-29,  231,     1,   False,   114, 443.200,   2642,     20566,     2,    False,  True
2026-08-29,  232,     1,   False,   117, 443.200,   3426,     27336,     2,    False,  True
2026-08-29,  233,     1,   False,   118, 443.200,   2799,     23097,     2,    False,  True
2026-08-29,  234,     1,   False,   113, 443.200,   3172,     24517,     2,    False,  True
2026-08-29,  235,     1,   False,   120, 443.200,   2844,     20999,     2,    False,  True
2026-08-29,  236,     1,   False,   118, 443.200,   3581,     29426,     2,    False,  True
2026-08-29,  237,     1,   False,   120, 443.200,   3198,     25559,     2,    False,  True
2026-08-29,  238,     1,   False,   111, 443.200,   2116,     16069,     2,    False,  True
2026-08-29,  239,     1,   False,   117, 443.200,   2355,     20034,     2,    False,  True
2026-08-29,  240,     1,   False,   116, 443.200,   2542,     19054,     2,    False,  True
2026-08-29,  241,     1,   False,   124, 443.200,   3138,     23723,     2,    False,  True
2026-08-29,  242,     1,   False,   109, 443.200,   3002,     24480,     2,    False,  True
2026-08-29,  243,     1,   False,   105, 443.200,   1713,     14850,     2,    False,  True
2026-08-29,  244,     1,   False,   110, 443.200,   1981,     15595,     2,    False,  True
2026-08-29,  245,     1,   False,   114, 443.200,   2839,     24673,     2,    False,  True
2026-08-29,  246,     1,   False,   116, 443.200,   2723,     21149,     2,    False,  True
2026-08-29,  247,     1,   False,   110, 443.200,   2807,     22343,     2,    False,  True
2026-08-29,  248,     1,   False,   121, 443.200,   3008,     25148,     2,    False,  True
2026-08-29,  249,     1,   False,   111, 443.200,   2928,     22956,     2,    False,  True
2026-08-29,  250,     1,   False,   116, 443.200,   2722,     20969,     2,    False,  True
2026-08-29,  251,     1,   False,   116, 443.200,   2817,     23577,     2,    False,  True
2026-08-29,  252,     1,   False,   117, 443.200,   2935,     23015,     2,    False,  True
2026-08-29,  253,     1,   False,   115, 443.200,   2858,     22426,     2,    False,  True
2026-08-29,  254,     1,   False,   105, 443.200,   2365,     18294,     2,    False,  True
2026-08-29,  255,     1,   False,   113, 443.200,   2785,     22161,     2,    False,  True
2026-08-29,  256,     1,   False,   118, 443.200,   3174,     25180,     2,    False,  True
2026-08-29,  257,     1,   False,   116, 443.200,   3073,     23844,     2,    False,  True
2026-08-29,  258,     1,   False,   118, 443.200,   2930,     23666,     2,    False,  True
2026-08-29,  259,     1,   False,   114, 443.200,   2066,     16184,     2,    False,  True
2026-08-29,  260,     1,   False,   115, 443.200,   3036,     23062,     2,    False,  True
2026-08-29,  261,     1,   False,   101, 443.200,   1965,     14529,     2,    False,  True
2026-08-29,  262,     1,   False,   112, 443.200,   2715,     22598,     2,    False,  True
2026-08-29,  263,     1,   False,   116, 443.200,   2869,     22890,     2,    False,  True
2026-08-29,  264,     1,   False,   109, 443.200,   2884,     20561,     2,    False,  True
2026-08-29,  265,     1,   False,   113, 443.200,   2325,     18141,     2,    False,  True
2026-08-29,  266,     1,   False,   107, 443.200,   1821,     14747,     2,    False,  True
2026-08-29,  267,     1,   False,   119, 443.200,   3125,     25007,     2,    False,  True
2026-08-29,  268,     1,   False,    61, 158.600,   1131,      8627,     2,    False, False
2026-08-29,  269,     1,   False,   111, 443.200,   2799,     22280,     2,    False,  True
2026-08-29,  270,     1,   False,   119, 443.200,   2572,     20075,     2,    False,  True
2026-08-29,  271,     1,   False,   110, 443.200,   2934,     23520,     2,    False,  True
2026-08-29,  272,     1,   False,   114, 443.200,   2618,     21041,     2,    False,  True
2026-08-29,  273,     1,   False,   115, 443.200,   2507,     20345,     2,    False,  True
2026-08-29,  274,     1,   False,   118, 443.200,   2958,     23352,     2,    False,  True
2026-08-29,  275,     1,   False,   115, 443.200,   3106,     23472,     2,    False,  True
2026-08-29,  276,     1,   False,   123, 443.200,   3459,     27515,     2,    False,  True
2026-08-29,  277,     1,   False,   116, 443.200,   2664,     22100,     2,    False,  True
2026-08-29,  278,     1,   False,   114, 443.200,   2876,     23314,     2,    False,  True
2026-08-29,  279,     1,   False,   113, 443.200,   2279,     18550,     2,    False,  True
2026-08-29,  280,     1,   False,    71, 173.500,   1440,     10711,     2,    False, False
2026-08-29,  281,     1,   False,   117, 443.200,   2987,     23877,     2,    False,  True
2026-08-29,  282,     1,   False,   113, 443.200,   3106,     23195,     2,    False,  True
2026-08-29,  283,     1,   False,   117, 443.200,   3499,     28874,     2,    False,  True
2026-08-29,  284,     1,   False,   112, 443.200,   2485,     20409,     2,    False,  True
2026-08-29,  285,     1,   False,   131, 443.200,   3267,     26956,     2,    False,  True
2026-08-29,  286,     1,   False,   117, 443.200,   2430,     18830,     2,    False,  True
2026-08-29,  287,     1,   False,   125, 443.200,   2982,     23793,     2,    False,  True
2026-08-29,  288,     1,   False,   114, 443.200,   2136,     16261,     2,    False,  True
2026-08-29,  289,     1,   False,   116, 443.200,   3520,     28535,     2,    False,  True
2026-08-29,  290,     1,   False,   107, 443.200,   2480,     19321,     2,    False,  True
2026-08-29,  291,     1,   False,   113, 443.200,   3260,     26260,     2,    False,  True
2026-08-29,  292,     1,   False,    99, 269.500,   3302,     26794,     2,    False, False
2026-08-29,  293,     1,   False,   118, 443.200,   2525,     18963,     2,    False,  True
2026-08-29,  294,     1,   False,   127, 443.200,   3210,     26395,     2,    False,  True
2026-08-29,  295,     1,   False,   119, 443.200,   3105,     24092,     2,    False,  True
2026-08-29,  296,     1,   False,   113, 443.200,   2901,     22238,     2,    False,  True
2026-08-29,  297,     1,   False,   114, 443.200,   2446,     20143,     2,    False,  True
2026-08-29,  298,     1,   False,   110, 443.200,   2630,     19524,     2,    False,  True
2026-08-29,  299,     1,   False,   113, 443.200,   2919,     23628,     2,    False,  True
2026-08-29,  100,     1,   False,   120, 443.200,   9097,    112705,     3,    False,  True
2026-08-29,  101,     1,   False,   110, 443.200,   9323,    112193,     3,    False,  True
2026-08-29,  102,     1,   False,   124, 443.200,   7413,     84688,     3,    False,  True
2026-08-29,  103,     1,   False,   114, 443.200,   5316,     59128,     3,    False,  True
2026-08-29,  104,     1,   False,   125, 443.200,   7344,     84035,     3,    False,  True
2026-08-29,  105,     1,   False,   104, 443.200,   6378,     74378,     3,    False,  True
2026-08-29,  106,     1,   False,   116, 443.200,   9706,    114339,     3,    False,  True
2026-08-29,  107,     1,   False,   117, 443.200,   7497,     83470,     3,    False,  True
2026-08-29,  108,     1,   False,   116, 443.200,   4693,     46540,     3,    False,  True
2026-08-29,  109,     1,   False,   127, 443.200,   8001,     94412,     3,    False,  True
2026-08-29,  110,     1,   False,   112, 443.200,   6598,     79814,     3,    False,  True
2026-08-29,  111,     1,   False,    61, 164.200,   4579,     48202,     3,    False, False
2026-08-29,  112,     1,   False,   117, 443.200,   9059,    106522,     3,    False,  True
2026-08-29,  113,     1,   False,   121, 443.200,   8307,     95891,     3,    False,  True
2026-08-29,  114,     1,   False,   115, 443.200,   6719,     72362,     3,    False,  True
2026-08-29,  115,     1,   False,   122, 443.200,   7367,     86999,     3,    False,  True
2026-08-29,  116,     1,   False,   129, 443.200,   7811,     90454,     3,    False,  True
2026-08-29,  117,     1,   False,   116, 443.200,   5366,     61268,     3,    False,  True
2026-08-29,  118,     1,   False,   120, 443.200,   3869,     42937,     3,    False,  True
2026-08-29,  119,     1,   False,   117, 443.200,   4147,     47824,     3,    False,  True
2026-08-29,  120,     1,   False,   113, 443.200,   8552,     97540,     3,    False,  True
2026-08-29,  121,     1,   False,   120, 443.200,   7506,     87616,     3,    False,  True
2026-08-29,  122,     1,   False,   124, 443.200,  11483,    132862,     3,    False,  True
2026-08-29,  123,     1,   False,   110, 443.200,   5476,     54677,     3,    False,  True
2026-08-29,  124,     1,   False,   110, 443.200,   5125,     55819,     3,    False,  True
2026-08-29,  125,     1,   False,   117, 443.200,   4000,     41198,     3,    False,  True
2026-08-29,  126,     1,   False,    61, 196.100,   3055,     32204,     3,    False, False
2026-08-29,  127,     1,   False,   114, 443.200,   4378,     46667,     3,    False,  True
2026-08-29,  128,     1,   False,   116, 443.200,  10649,    128134,     3,    False,  True
2026-08-29,  129,     1,   False,   116, 443.200,   5179,     57821,     3,    False,  True
2026-08-29,  130,     1,   False,   116, 443.200,   4291,     48082,     3,    False,  True
2026-08-29,  131,     1,   False,   107, 443.200,   4847,     55993,     3,    False,  True
2026-08-29,  132,     1,   False,   115, 443.200,   7689,     92141,     3,    False,  True
2026-08-29,  133,     1,   False,   101, 443.200,   9077,     99463,     3,    False,  True
2026-08-29,  134,     1,   False,   115, 443.200,   7158,     84558,     3,    False,  True
2026-08-29,  135,     1,   False,   109, 443.200,   9126,    102216,     3,    False,  True
2026-08-29,  136,     1,   False,   114, 443.200,   5960,     64466,     3,    False,  True
2026-08-29,  137,     1,   False,   111, 443.200,   7987,     90981,     3,    False,  True
2026-08-29,  138,     1,   False,   117, 443.200,   7477,     88319,     3,    False,  True
2026-08-29,  139,     1,   False,   113, 443.200,   5521,     63631,     3,    False,  True
2026-08-29,  140,     1,   False,   118, 443.200,   9647,    107167,     3,    False,  True
2026-08-29,  141,     1,   False,    59, 153.500,   3011,     29923,     3,    False, False
2026-08-29,  142,     1,   False,   115, 443.200,   7083,     82512,     3,    False,  True
2026-08-29,  143,     1,   False,   109, 443.200,   9419,    114544,     3,    False,  True
2026-08-29,  144,     1,   False,   109, 443.200,   4787,     58402,     3,    False,  True
2026-08-29,  145,     1,   False,   119, 443.200,   5448,     63616,     3,    False,  True
2026-08-29,  146,     1,   False,   111, 443.200,   3507,     35870,     3,    False,  True
2026-08-29,  147,     1,   False,   117, 443.200,   6927,     78865,     3,    False,  True
2026-08-29,  148,     1,   False,    61, 179.600,   3261,     33729,     3,    False, False
2026-08-29,  149,     1,   False,   107, 443.200,   6806,     78823,     3,    False,  True
2026-08-29,  150,     1,   False,   112, 443.200,   8814,    102500,     3,    False,  True
2026-08-29,  151,     1,   False,   105, 443.200,   5430,     57645,     3,    False,  True
2026-08-29,  152,     1,   False,   111, 443.200,   5769,     66934,     3,    False,  True
2026-08-29,  153,     1,   False,   116, 443.200,   5805,     63964,     3,    False,  True
2026-08-29,  154,     1,   False,   108, 443.200,   5199,     52557,     3,    False,  True
2026-08-29,  155,     1,   False,   114, 443.200,   8426,     99987,     3,    False,  True
2026-08-29,  156,     1,   False,   119, 443.200,   7650,     92933,     3,    False,  True
2026-08-29,  157,     1,   False,   117, 443.200,   4859,     56300,     3,    False,  True
2026-08-29,  158,     1,   False,   116, 443.200,   8733,    105342,     3,    False,  True
2026-08-29,  159,     1,   False,   106, 443.200,   6523,     70072,     3,    False,  True
2026-08-29,  160,     1,   False,   116, 443.200,   6068,     70138,     3,    False,  True
2026-08-29,  161,     1,   False,   107, 443.200,   6474,     70168,     3,    False,  True
2026-08-29,  162,     1,   False,   121, 443.200,   7736,     88089,     3,    False,  True
2026-08-29,  163,     1,   False,   117, 443.200,   3952,     39893,     3,    False,  True
2026-08-29,  164,     1,   False,   116, 443.200,   6533,     73424,     3,    False,  True
2026-08-29,  165,     1,   False,   122, 443.200,   6992,     82538,     3,    False,  True
2026-08-29,  166,     1,   False,   122, 443.200,   8166,     93502,     3,    False,  True
2026-08-29,  167,     1,   False,   119, 443.200,  11502,    135855,     3,    False,  True
2026-08-29,  168,     1,   False,   121, 443.200,   8594,    102211,     3,    False,  True
2026-08-29,  169,     1,   False,   114, 443.200,   6596,     77571,     3,    False,  True
2026-08-29,  170,     1,   False,   120, 443.200,   4420,     51504,     3,    False,  True
2026-08-29,  171,     1,   False,    66, 157.000,   2345,     24652,     3,    False, False
2026-08-29,  172,     1,   False,   115, 443.200,   5553,     62284,     3,    False,  True
2026-08-29,  173,     1,   False,   120, 443.200,   8668,    105583,     3,    False,  True
2026-08-29,  174,     1,   False,   119, 443.200,  10393,    129739,     3,    False,  True
2026-08-29,  175,     1,   False,   110, 443.200,   6274,     70167,     3,    False,  True
2026-08-29,  176,     1,   False,   117, 443.200,   5969,     66050,     3,    False,  True
2026-08-29,  177,     1,   False,   113, 443.200,   6487,     84021,     3,    False,  True
2026-08-29,  178,     1,   False,   119, 443.200,   9560,    110278,     3,    False,  True
2026-08-29,  179,     1,   False,   109, 443.200,   5458,     55307,     3,    False,  True
2026-08-29,  180,     1,   False,   113, 443.200,  10017,    112973,     3,    False,  True
2026-08-29,  181,     1,   False,   122, 443.200,   6464,     71736,     3,    False,  True
2026-08-29,  182,     1,   False,    70, 220.100,   3199,     35383,     3,    False, False
2026-08-29,  183,     1,   False,   112, 443.200,   7487,     80508,     3,    False,  True
2026-08-29,  184,     1,   False,   118, 443.200,   8560,     92603,     3,    False,  True
2026-08-29,  185,     1,   False,   113, 443.200,   8919,    100349,     3,    False,  True
2026-08-29,  186,     1,   False,   110, 443.200,   5083,     57309,     3,    False,  True
2026-08-29,  187,     1,   False,   113, 443.200,   6425,     80634,     3,    False,  True
2026-08-29,  188,     1,   False,   119, 443.200,   4895,     52169,     3,    False,  True
2026-08-29,  189,     1,   False,   111, 443.200,   3707,     42124,     3,    False,  True
2026-08-29,  190,     1,   False,   107, 443.200,   7052,     81329,     3,    False,  True
2026-08-29,  191,     1,   False,   108, 443.200,   9259,    113657,     3,    False,  True
2026-08-29,  192,     1,   False,   110, 443.200,   8895,     94698,     3,    False,  True
2026-08-29,  193,     1,   False,    70, 220.200,   3300,     33121,     3,    False, False
2026-08-29,  194,     1,   False,   111, 443.200,   7275,     90212,     3,    False,  True
2026-08-29,  195,     1,   False,   122, 443.200,   7798,     92483,     3,    False,  True
2026-08-29,  196,     1,   False,     1,   6.000,      2,        25,     3,    False, False
2026-08-29,  197,     1,   False,   122, 443.200,   4646,     49446,     3,    False,  True
2026-08-29,  198,     1,   False,   122, 443.200,   5634,     65963,     3,    False,  True
2026-08-29,  199,     1,   False,   115, 443.200,   4732,     50034,     3,    False,  True
2026-08-29,  200,     1,   False,   121, 443.200,   7260,     89759,     3,    False,  True
2026-08-29,  201,     1,   False,   116, 443.200,   6842,     76725,     3,    False,  True
2026-08-29,  202,     1,   False,   120, 443.200,   8844,    112353,     3,    False,  True
2026-08-29,  203,     1,   False,   117, 443.200,   5023,     53676,     3,    False,  True
2026-08-29,  204,     1,   False,   107, 443.200,   6742,     80935,     3,    False,  True
2026-08-29,  205,     1,   False,   109, 443.200,   8661,     99638,     3,    False,  True
2026-08-29,  206,     1,   False,   107, 443.200,   6453,     69598,     3,    False,  True
2026-08-29,  207,     1,   False,   121, 443.200,   5070,     55286,     3,    False,  True
2026-08-29,  208,     1,   False,   111, 443.200,   6238,     76011,     3,    False,  True
2026-08-29,  209,     1,   False,   117, 443.200,   6156,     72551,     3,    False,  True
2026-08-29,  210,     1,   False,   113, 443.200,   8482,     92902,     3,    False,  True
2026-08-29,  211,     1,   False,   121, 443.200,   7621,     91230,     3,    False,  True
2026-08-29,  212,     1,   False,   125, 443.200,   6888,     83302,     3,    False,  True
2026-08-29,  213,     1,   False,   117, 443.200,   5814,     60985,     3,    False,  True
2026-08-29,  214,     1,   False,   115, 443.200,   8260,    100593,     3,    False,  True
2026-08-29,  215,     1,   False,    48, 132.200,   2434,     25361,     3,    False, False
2026-08-29,  216,     1,   False,   116, 443.200,   7077,     84950,     3,    False,  True
2026-08-29,  217,     1,   False,   103, 443.200,  10570,    113158,     3,    False,  True
2026-08-29,  218,     1,   False,   118, 443.200,   8586,    101413,     3,    False,  True
2026-08-29,  219,     1,   False,   107, 443.200,   5704,     68031,     3,    False,  True
2026-08-29,  220,     1,   False,   109, 340.200,   4581,     54921,     3,    False, False
2026-08-29,  221,     1,   False,   125, 443.200,   6081,     67799,     3,    False,  True
2026-08-29,  222,     1,   False,    57, 142.300,   1920,     21303,     3,    False, False
2026-08-29,  223,     1,   False,   111, 443.200,   7633,     86984,     3,    False,  True
2026-08-29,  224,     1,   False,   109, 443.200,   5752,     62571,     3,    False,  True
2026-08-29,  225,     1,   False,   115, 443.200,   4563,     49415,     3,    False,  True
2026-08-29,  226,     1,   False,   109, 443.200,   5742,     65752,     3,    False,  True
2026-08-29,  227,     1,   False,   117, 443.200,   6125,     67993,     3,    False,  True
2026-08-29,  228,     1,   False,   121, 443.200,   8352,     98362,     3,    False,  True
2026-08-29,  229,     1,   False,   113, 443.200,   5801,     67207,     3,    False,  True
2026-08-29,  230,     1,   False,   115, 443.200,   5643,     64516,     3,    False,  True
2026-08-29,  231,     1,   False,   120, 443.200,   6205,     71504,     3,    False,  True
2026-08-29,  232,     1,   False,   116, 443.200,   9033,    107524,     3,    False,  True
2026-08-29,  233,     1,   False,   119, 443.200,   9631,    110422,     3,    False,  True
2026-08-29,  234,     1,   False,   114, 443.200,   8594,     94133,     3,    False,  True
2026-08-29,  235,     1,   False,   119, 443.200,   7846,     88698,     3,    False,  True
2026-08-29,  236,     1,   False,   120, 443.200,   5749,     62338,     3,    False,  True
2026-08-29,  237,     1,   False,   115, 443.200,   5916,     72342,     3,    False,  True
2026-08-29,  238,     1,   False,   111, 443.200,   6289,     72986,     3,    False,  True
2026-08-29,  239,     1,   False,   121, 443.200,   6751,     71838,     3,    False,  True
2026-08-29,  240,     1,   False,   117, 443.200,   6099,     66906,     3,    False,  True
2026-08-29,  241,     1,   False,   125, 443.200,   7493,     85777,     3,    False,  True
2026-08-29,  242,     1,   False,   118, 443.200,  11467,    138457,     3,    False,  True
2026-08-29,  243,     1,   False,   107, 443.200,   5541,     58063,     3,    False,  True
2026-08-29,  244,     1,   False,   117, 443.200,   7719,     89179,     3,    False,  True
2026-08-29,  245,     1,   False,   121, 443.200,   8734,    111303,     3,    False,  True
2026-08-29,  246,     1,   False,   122, 443.200,   7699,     82527,     3,    False,  True
2026-08-29,  247,     1,   False,   112, 443.200,   7766,     94525,     3,    False,  True
2026-08-29,  248,     1,   False,   114, 443.200,   6379,     80547,     3,    False,  True
2026-08-29,  249,     1,   False,   107, 443.200,   5731,     64735,     3,    False,  True
2026-08-29,  250,     1,   False,   102, 443.200,   4225,     45984,     3,    False,  True
2026-08-29,  251,     1,   False,   115, 443.200,   3678,     39634,     3,    False,  True
2026-08-29,  252,     1,   False,   116, 443.200,   7687,     96418,     3,    False,  True
2026-08-29,  253,     1,   False,   115, 443.200,   9607,    110315,     3,    False,  True
2026-08-29,  254,     1,   False,   108, 443.200,   5450,     62001,     3,    False,  True
2026-08-29,  255,     1,   False,   110, 443.200,   7536,     84502,     3,    False,  True
2026-08-29,  256,     1,   False,   115, 443.200,   6519,     72349,     3,    False,  True
2026-08-29,  257,     1,   False,   116, 443.200,   5308,     64569,     3,    False,  True
2026-08-29,  258,     1,   False,    71, 177.000,   3857,     39994,     3,    False, False
2026-08-29,  259,     1,   False,   112, 443.200,   6680,     74641,     3,    False,  True
2026-08-29,  260,     1,   False,   114, 443.200,   7331,     82375,     3,    False,  True
2026-08-29,  261,     1,   False,   105, 443.200,   4907,     48017,     3,    False,  True
2026-08-29,  262,     1,   False,   110, 443.200,   6577,     66175,     3,    False,  True
2026-08-29,  263,     1,   False,   110, 443.200,   6195,     75507,     3,    False,  True
2026-08-29,  264,     1,   False,   113, 443.200,   7163,     78691,     3,    False,  True
2026-08-29,  265,     1,   False,   107, 443.200,   7320,     75663,     3,    False,  True
2026-08-29,  266,     1,   False,   122, 443.200,   5537,     62172,     3,    False,  True
2026-08-29,  267,     1,   False,   122, 443.200,   7941,     95458,     3,    False,  True
2026-08-29,  268,     1,   False,    70, 193.800,   4094,     44980,     3,    False, False
2026-08-29,  269,     1,   False,   111, 443.200,   9919,    112922,     3,    False,  True
2026-08-29,  270,     1,   False,   122, 443.200,   6136,     69789,     3,    False,  True
2026-08-29,  271,     1,   False,   111, 443.200,   8527,    100542,     3,    False,  True
2026-08-29,  272,     1,   False,   114, 443.200,   6486,     71082,     3,    False,  True
2026-08-29,  273,     1,   False,   115, 443.200,   6309,     77613,     3,    False,  True
2026-08-29,  274,     1,   False,   115, 443.200,   6626,     74367,     3,    False,  True
2026-08-29,  275,     1,   False,   115, 443.200,   6217,     63913,     3,    False,  True
2026-08-29,  276,     1,   False,   114, 443.200,  11103,    120582,     3,    False,  True
2026-08-29,  277,     1,   False,   109, 443.200,   7448,     84442,     3,    False,  True
2026-08-29,  278,     1,   False,   116, 443.200,   8918,    101815,     3,    False,  True
2026-08-29,  279,     1,   False,   113, 443.200,   5605,     68153,     3,    False,  True
2026-08-29,  280,     1,   False,   124, 443.200,   5034,     59623,     3,    False,  True
2026-08-29,  281,     1,   False,   119, 443.200,   9979,    116375,     3,    False,  True
2026-08-29,  282,     1,   False,   117, 443.200,   5627,     58062,     3,    False,  True
2026-08-29,  283,     1,   False,   114, 443.200,  10049,    111453,     3,    False,  True
2026-08-29,  284,     1,   False,   109, 443.200,   4939,     57105,     3,    False,  True
2026-08-29,  285,     1,   False,   121, 443.200,   5097,     53892,     3,    False,  True
2026-08-29,  286,     1,   False,   115, 443.200,   6405,     75602,     3,    False,  True
2026-08-29,  287,     1,   False,   104, 443.200,   7702,     94633,     3,    False,  True
2026-08-29,  288,     1,   False,   119, 443.200,   5029,     53485,     3,    False,  True
2026-08-29,  289,     1,   False,   110, 443.200,   6924,     75295,     3,    False,  True
2026-08-29,  290,     1,   False,   112, 443.200,   6422,     70911,     3,    False,  True
2026-08-29,  291,     1,   False,   108, 443.200,   8643,     99211,     3,    False,  True
2026-08-29,  292,     1,   False,    97, 269.600,   5248,     56189,     3,    False, False
2026-08-29,  293,     1,   False,   114, 443.200,   4450,     45867,     3,    False,  True
2026-08-29,  294,     1,   False,   129, 443.200,   7450,     90092,     3,    False,  True
2026-08-29,  295,     1,   False,   120, 443.200,   6771,     78559,     3,    False,  True
2026-08-29,  296,     1,   False,   120, 443.200,   6620,     70835,     3,    False,  True
2026-08-29,  297,     1,   False,   111, 443.200,   7085,     85857,     3,    False,  True
2026-08-29,  298,     1,   False,   116, 443.200,   7099,     83113,     3,    False,  True
2026-08-29,  299,     1,   False,   117, 443.200,   8834,    106510,     3,    False,  True
2026-08-29,  100,     1,   False,   121, 443.200,  22674,    406420,     4,    False,  True
2026-08-29,  101,     1,   False,   113, 443.200,  30559,    478405,     4,    False,  True
2026-08-29,  102,     1,   False,   116, 443.200,  15174,    232694,     4,    False,  True
2026-08-29,  103,     1,   False,   116, 443.200,  14830,    221453,     4,    False,  True
2026-08-29,  104,     1,   False,   123, 443.200,  15373,    259809,     4,    False,  True
2026-08-29,  105,     1,   False,   110, 443.200,  10768,    166758,     4,    False,  True
2026-08-29,  106,     1,   False,   111, 443.200,  30301,    480169,     4,    False,  True
2026-08-29,  107,     1,   False,   120, 443.200,  16590,    278158,     4,    False,  True
2026-08-29,  108,     1,   False,    71, 202.300,   4851,     60814,     4,    False, False
2026-08-29,  109,     1,   False,   125, 443.200,  19413,    324228,     4,    False,  True
2026-08-29,  110,     1,   False,   112, 443.200,  12745,    232933,     4,    False,  True
2026-08-29,  111,     1,   False,    69, 185.300,   7382,    100410,     4,    False, False
2026-08-29,  112,     1,   False,   121, 443.200,  25693,    411395,     4,    False,  True
2026-08-29,  113,     1,   False,   126, 443.200,  17161,    279430,     4,    False,  True
2026-08-29,  114,     1,   False,   116, 443.200,  18908,    267961,     4,    False,  True
2026-08-29,  115,     1,   False,   120, 443.200,  20584,    346798,     4,    False,  True
2026-08-29,  116,     1,   False,   125, 443.200,  25516,    387533,     4,    False,  True
2026-08-29,  117,     1,   False,   117, 443.200,  19678,    298325,     4,    False,  True
2026-08-29,  118,     1,   False,   117, 443.200,  13080,    195624,     4,    False,  True
2026-08-29,  119,     1,   False,   117, 443.200,   8330,    129188,     4,    False,  True
2026-08-29,  120,     1,   False,   106, 443.200,  19792,    304550,     4,    False,  True
2026-08-29,  121,     1,   False,   107, 443.200,  11454,    194110,     4,    False,  True
2026-08-29,  122,     1,   False,   120, 443.200,  23247,    383460,     4,    False,  True
2026-08-29,  123,     1,   False,    60, 203.300,   8182,    110299,     4,    False, False
2026-08-29,  124,     1,   False,   112, 443.200,  13944,    202151,     4,    False,  True
2026-08-29,  125,     1,   False,   113, 443.200,   5968,     91617,     4,    False,  True
2026-08-29,  126,     1,   False,    62, 194.100,   6075,     85708,     4,    False, False
2026-08-29,  127,     1,   False,   113, 443.200,   7811,    112429,     4,    False,  True
2026-08-29,  128,     1,   False,   110, 443.200,  15434,    276051,     4,    False,  True
2026-08-29,  129,     1,   False,   118, 443.200,  22798,    368429,     4,    False,  True
2026-08-29,  130,     1,   False,   108, 443.200,   6045,     85213,     4,    False,  True
2026-08-29,  131,     1,   False,   112, 443.200,  12109,    182505,     4,    False,  True
2026-08-29,  132,     1,   False,   116, 443.200,  19676,    325538,     4,    False,  True
2026-08-29,  133,     1,   False,   113, 443.200,  28379,    439933,     4,    False,  True
2026-08-29,  134,     1,   False,   116, 443.200,  14467,    220589,     4,    False,  True
2026-08-29,  135,     1,   False,   114, 443.200,  20826,    308831,     4,    False,  True
2026-08-29,  136,     1,   False,   114, 443.200,  11479,    166695,     4,    False,  True
2026-08-29,  137,     1,   False,   122, 443.200,  15963,    211544,     4,    False,  True
2026-08-29,  138,     1,   False,   119, 443.200,  20231,    328424,     4,    False,  True
2026-08-29,  139,     1,   False,   111, 443.200,  14095,    233367,     4,    False,  True
2026-08-29,  140,     1,   False,   112, 443.200,  21651,    344481,     4,    False,  True
2026-08-29,  141,     1,   False,   110, 443.200,  12882,    178212,     4,    False,  True
2026-08-29,  142,     1,   False,   111, 443.200,  17146,    265170,     4,    False,  True
2026-08-29,  143,     1,   False,   110, 443.200,  13827,    210285,     4,    False,  True
2026-08-29,  144,     1,   False,   114, 443.200,  16547,    280576,     4,    False,  True
2026-08-29,  145,     1,   False,   119, 443.200,  10225,    165265,     4,    False,  True
2026-08-29,  146,     1,   False,   106, 443.200,   5850,     78608,     4,    False,  True
2026-08-29,  147,     1,   False,   117, 443.200,  15567,    260759,     4,    False,  True
2026-08-29,  148,     1,   False,   114, 443.200,  11471,    175931,     4,    False,  True
2026-08-29,  149,     1,   False,   110, 443.200,  24894,    404802,     4,    False,  True
2026-08-29,  150,     1,   False,   118, 443.200,  20962,    341264,     4,    False,  True
2026-08-29,  151,     1,   False,   107, 443.200,  12503,    187921,     4,    False,  True
2026-08-29,  152,     1,   False,   119, 443.200,  17310,    281953,     4,    False,  True
2026-08-29,  153,     1,   False,   125, 443.200,  11556,    171445,     4,    False,  True
2026-08-29,  154,     1,   False,   112, 443.200,  16399,    227201,     4,    False,  True
2026-08-29,  155,     1,   False,    66, 165.500,   2186,     24949,     4,    False, False
2026-08-29,  156,     1,   False,   119, 443.200,  14108,    222872,     4,    False,  True
2026-08-29,  157,     1,   False,   117, 443.200,  17914,    299475,     4,    False,  True
2026-08-29,  158,     1,   False,   118, 443.200,  41610,    668706,     4,    False,  True
2026-08-29,  159,     1,   False,   107, 443.200,  14179,    199388,     4,    False,  True
2026-08-29,  160,     1,   False,   117, 443.200,  11884,    194270,     4,    False,  True
2026-08-29,  161,     1,   False,    64, 183.600,   6570,     87222,     4,    False, False
2026-08-29,  162,     1,   False,   120, 443.200,  20283,    323222,     4,    False,  True
2026-08-29,  163,     1,   False,   113, 443.200,  16068,    244038,     4,    False,  True
2026-08-29,  164,     1,   False,   118, 443.200,  15139,    225849,     4,    False,  True
2026-08-29,  165,     1,   False,   122, 443.200,  21469,    362532,     4,    False,  True
2026-08-29,  166,     1,   False,   125, 443.200,  19128,    304978,     4,    False,  True
2026-08-29,  167,     1,   False,   121, 443.200,  23325,    390204,     4,    False,  True
2026-08-29,  168,     1,   False,   117, 443.200,  21222,    333025,     4,    False,  True
2026-08-29,  169,     1,   False,   115, 443.200,  16547,    227654,     4,    False,  True
2026-08-29,  170,     1,   False,   120, 443.200,   7321,    116782,     4,    False,  True
2026-08-29,  171,     1,   False,   125, 443.200,   7102,    109927,     4,    False,  True
2026-08-29,  172,     1,   False,   105, 443.200,   7647,    120026,     4,    False,  True
2026-08-29,  173,     1,   False,   118, 443.200,  18612,    311436,     4,    False,  True
2026-08-29,  174,     1,   False,   122, 443.200,  19187,    319955,     4,    False,  True
2026-08-29,  175,     1,   False,    85, 222.300,   7831,    106135,     4,    False, False
2026-08-29,  176,     1,   False,   117, 443.200,  14163,    229408,     4,    False,  True
2026-08-29,  177,     1,   False,   113, 443.200,  17849,    307168,     4,    False,  True
2026-08-29,  178,     1,   False,   124, 443.200,  19583,    283905,     4,    False,  True
2026-08-29,  179,     1,   False,   111, 443.200,  14503,    196319,     4,    False,  True
2026-08-29,  180,     1,   False,   114, 443.200,  21636,    342079,     4,    False,  True
2026-08-29,  181,     1,   False,   117, 443.200,  17612,    289655,     4,    False,  True
2026-08-29,  182,     1,   False,   118, 443.200,  17102,    256368,     4,    False,  True
2026-08-29,  183,     1,   False,   112, 443.200,  18247,    292464,     4,    False,  True
2026-08-29,  184,     1,   False,   119, 443.200,  18462,    265045,     4,    False,  True
2026-08-29,  185,     1,   False,   114, 443.200,  13162,    217845,     4,    False,  True
2026-08-29,  186,     1,   False,   113, 443.200,  12707,    199630,     4,    False,  True
2026-08-29,  187,     1,   False,   112, 443.200,  12962,    216640,     4,    False,  True
2026-08-29,  188,     1,   False,   112, 443.200,  14939,    256728,     4,    False,  True
2026-08-29,  189,     1,   False,   111, 443.200,   7808,    123905,     4,    False,  True
2026-08-29,  190,     1,   False,   119, 443.200,  27926,    405865,     4,    False,  True
2026-08-29,  191,     1,   False,   109, 443.200,  24491,    437800,     4,    False,  True
2026-08-29,  192,     1,   False,   102, 443.200,  18611,    297238,     4,    False,  True
2026-08-29,  193,     1,   False,    70, 220.200,   5553,     75958,     4,    False, False
2026-08-29,  194,     1,   False,   115, 443.200,  14728,    258663,     4,    False,  True
2026-08-29,  195,     1,   False,   115, 443.200,  13879,    226271,     4,    False,  True
2026-08-29,  196,     1,   False,     1,   6.000,      2,        25,     4,    False, False
2026-08-29,  197,     1,   False,    78, 230.000,   8392,    114771,     4,    False, False
2026-08-29,  198,     1,   False,   132, 443.200,  12729,    189684,     4,    False,  True
2026-08-29,  199,     1,   False,   117, 443.200,   8776,    126731,     4,    False,  True
2026-08-29,  200,     1,   False,   124, 443.200,  15390,    252438,     4,    False,  True
2026-08-29,  201,     1,   False,   118, 443.200,  17795,    268334,     4,    False,  True
2026-08-29,  202,     1,   False,   111, 443.200,   8496,    123768,     4,    False,  True
2026-08-29,  203,     1,   False,   122, 443.200,   9210,    132929,     4,    False,  True
2026-08-29,  204,     1,   False,   111, 443.200,  25822,    449087,     4,    False,  True
2026-08-29,  205,     1,   False,   112, 443.200,  14696,    225676,     4,    False,  True
2026-08-29,  206,     1,   False,   114, 443.200,  24750,    395413,     4,    False,  True
2026-08-29,  207,     1,   False,   115, 443.200,   9533,    141096,     4,    False,  True
2026-08-29,  208,     1,   False,   115, 443.200,  15192,    251663,     4,    False,  True
2026-08-29,  209,     1,   False,   111, 443.200,  19168,    309623,     4,    False,  True
2026-08-29,  210,     1,   False,   115, 443.200,  12738,    188174,     4,    False,  True
2026-08-29,  211,     1,   False,   121, 443.200,  24599,    430207,     4,    False,  True
2026-08-29,  212,     1,   False,   114, 443.200,  18525,    324686,     4,    False,  True
2026-08-29,  213,     1,   False,   114, 443.200,  16548,    235245,     4,    False,  True
2026-08-29,  214,     1,   False,   124, 443.200,  20973,    354835,     4,    False,  True
2026-08-29,  215,     1,   False,    51, 137.300,   5066,     68481,     4,    False, False
2026-08-29,  216,     1,   False,   118, 443.200,  20336,    337491,     4,    False,  True
2026-08-29,  217,     1,   False,   106, 443.200,  32930,    490610,     4,    False,  True
2026-08-29,  218,     1,   False,   117, 443.200,  20371,    344784,     4,    False,  True
2026-08-29,  219,     1,   False,   114, 443.200,  12089,    178672,     4,    False,  True
2026-08-29,  220,     1,   False,   122, 443.200,  25647,    423020,     4,    False,  True
2026-08-29,  221,     1,   False,   117, 443.200,   5949,     77807,     4,    False,  True
2026-08-29,  222,     1,   False,    77, 217.600,   4259,     60820,     4,    False, False
2026-08-29,  223,     1,   False,   118, 443.200,  24287,    383810,     4,    False,  True
2026-08-29,  224,     1,   False,   116, 443.200,  15276,    229207,     4,    False,  True
2026-08-29,  225,     1,   False,   116, 443.200,  10293,    140107,     4,    False,  True
2026-08-29,  226,     1,   False,   111, 443.200,  13676,    212977,     4,    False,  True
2026-08-29,  227,     1,   False,   114, 443.200,  16133,    237886,     4,    False,  True
2026-08-29,  228,     1,   False,   120, 443.200,  13260,    190318,     4,    False,  True
2026-08-29,  229,     1,   False,   110, 443.200,  10055,    153626,     4,    False,  True
2026-08-29,  230,     1,   False,   116, 443.200,  12322,    186158,     4,    False,  True
2026-08-29,  231,     1,   False,   116, 443.200,  14747,    244716,     4,    False,  True
2026-08-29,  232,     1,   False,   126, 443.200,  32802,    491586,     4,    False,  True
2026-08-29,  233,     1,   False,   119, 443.200,  10875,    172694,     4,    False,  True
2026-08-29,  234,     1,   False,   114, 443.200,  22156,    322769,     4,    False,  True
2026-08-29,  235,     1,   False,   120, 443.200,   7072,     92422,     4,    False,  True
2026-08-29,  236,     1,   False,   118, 443.200,  13504,    206005,     4,    False,  True
2026-08-29,  237,     1,   False,   119, 443.200,  23189,    358771,     4,    False,  True
2026-08-29,  238,     1,   False,   113, 443.200,  11834,    187508,     4,    False,  True
2026-08-29,  239,     1,   False,   108, 443.200,  10164,    135451,     4,    False,  True
2026-08-29,  240,     1,   False,   116, 443.200,  12848,    186208,     4,    False,  True
2026-08-29,  241,     1,   False,   124, 443.200,  16313,    263054,     4,    False,  True
2026-08-29,  242,     1,   False,   111, 443.200,  21943,    366383,     4,    False,  True
2026-08-29,  243,     1,   False,   116, 443.200,  19418,    279815,     4,    False,  True
2026-08-29,  244,     1,   False,   119, 443.200,  23096,    369303,     4,    False,  True
2026-08-29,  245,     1,   False,   120, 443.200,  22494,    408664,     4,    False,  True
2026-08-29,  246,     1,   False,   124, 443.200,  11963,    153264,     4,    False,  True
2026-08-29,  247,     1,   False,   113, 443.200,  18102,    290330,     4,    False,  True
2026-08-29,  248,     1,   False,   116, 443.200,  21537,    369826,     4,    False,  True
2026-08-29,  249,     1,   False,   108, 443.200,  11239,    156713,     4,    False,  True
2026-08-29,  250,     1,   False,   103, 443.200,   8542,    120075,     4,    False,  True
2026-08-29,  251,     1,   False,   113, 443.200,   7712,    108393,     4,    False,  True
2026-08-29,  252,     1,   False,   112, 443.200,  11769,    219815,     4,    False,  True
2026-08-29,  253,     1,   False,   114, 443.200,  20489,    308379,     4,    False,  True
2026-08-29,  254,     1,   False,   105, 443.200,  11558,    188110,     4,    False,  True
2026-08-29,  255,     1,   False,   114, 443.200,  20165,    319166,     4,    False,  True
2026-08-29,  256,     1,   False,   108, 443.200,  15997,    242947,     4,    False,  True
2026-08-29,  257,     1,   False,   116, 443.200,  17522,    292536,     4,    False,  True
2026-08-29,  258,     1,   False,   117, 443.200,  22498,    344528,     4,    False,  True
2026-08-29,  259,     1,   False,   106, 443.200,   8929,    130056,     4,    False,  True
2026-08-29,  260,     1,   False,   116, 443.200,  15837,    265825,     4,    False,  True
2026-08-29,  261,     1,   False,    69, 223.000,  11006,    151563,     4,    False, False
2026-08-29,  262,     1,   False,   119, 443.200,  11550,    152795,     4,    False,  True
2026-08-29,  263,     1,   False,   116, 443.200,  15093,    254524,     4,    False,  True
2026-08-29,  264,     1,   False,   117, 443.200,  13040,    168538,     4,    False,  True
2026-08-29,  265,     1,   False,   112, 443.200,  13740,    194023,     4,    False,  True
2026-08-29,  266,     1,   False,   112, 443.200,  16479,    255309,     4,    False,  True
2026-08-29,  267,     1,   False,   124, 443.200,  24791,    397214,     4,    False,  True
2026-08-29,  268,     1,   False,    78, 226.300,   7537,    101877,     4,    False, False
2026-08-29,  269,     1,   False,   112, 443.200,  30015,    483089,     4,    False,  True
2026-08-29,  270,     1,   False,   120, 443.200,  20243,    321683,     4,    False,  True
2026-08-29,  271,     1,   False,   111, 443.200,  17774,    293936,     4,    False,  True
2026-08-29,  272,     1,   False,   117, 443.200,  14913,    231297,     4,    False,  True
2026-08-29,  273,     1,   False,   112, 443.200,  10526,    172322,     4,    False,  True
2026-08-29,  274,     1,   False,   118, 443.200,  14167,    196883,     4,    False,  True
2026-08-29,  275,     1,   False,   118, 443.200,  15763,    209787,     4,    False,  True
2026-08-29,  276,     1,   False,   120, 443.200,  23238,    351956,     4,    False,  True
2026-08-29,  277,     1,   False,   115, 443.200,  21337,    339025,     4,    False,  True
2026-08-29,  278,     1,   False,   109, 443.200,  17373,    290285,     4,    False,  True
2026-08-29,  279,     1,   False,   112, 443.200,  10766,    196264,     4,    False,  True
2026-08-29,  280,     1,   False,   124, 443.200,   9940,    138556,     4,    False,  True
2026-08-29,  281,     1,   False,   117, 443.200,  20366,    327148,     4,    False,  True
2026-08-29,  282,     1,   False,   119, 443.200,  20481,    296472,     4,    False,  True
2026-08-29,  283,     1,   False,   116, 443.200,  25329,    408930,     4,    False,  True
2026-08-29,  284,     1,   False,   109, 443.200,  11839,    283197,     4,    False,  True
2026-08-29,  285,     1,   False,   132, 443.200,  16654,    262474,     4,    False,  True
2026-08-29,  286,     1,   False,   116, 443.200,  11936,    194827,     4,    False,  True
2026-08-29,  287,     1,   False,   105, 443.200,  20362,    322327,     4,    False,  True
2026-08-29,  288,     1,   False,   121, 443.200,  10084,    135744,     4,    False,  True
2026-08-29,  289,     1,   False,   114, 443.200,  19150,    307866,     4,    False,  True
2026-08-29,  290,     1,   False,   115, 443.200,  12122,    168054,     4,    False,  True
2026-08-29,  291,     1,   False,   108, 443.200,  21934,    352067,     4,    False,  True
2026-08-29,  292,     1,   False,    98, 265.600,   8668,    124137,     4,    False, False
2026-08-29,  293,     1,   False,    70, 194.900,   5085,     70746,     4,    False, False
2026-08-29,  294,     1,   False,   127, 443.200,  18440,    308824,     4,    False,  True
2026-08-29,  295,     1,   False,   116, 443.200,  22395,    379264,     4,    False,  True
2026-08-29,  296,     1,   False,   116, 443.200,  15742,    236165,     4,    False,  True
2026-08-29,  297,     1,   False,   117, 443.200,  22100,    368198,     4,    False,  True
2026-08-29,  298,     1,   False,   114, 443.200,  19364,    327598,     4,    False,  True
2026-08-29,  299,     1,   False,   116, 443.200,  23271,    395161,     4,    False,  True
2026-08-29,  100,     1,   False,   123, 443.200,  51111,   1256150,     5,    False,  True
2026-08-29,  101,     1,   False,   110, 443.200,  56982,   1257234,     5,    False,  True
2026-08-29,  102,     1,   False,   119, 443.200,  21015,    380713,     5,    False,  True
2026-08-29,  103,     1,   False,   116, 443.200,  21452,    455071,     5,    False,  True
2026-08-29,  104,     1,   False,   123, 443.200,  29198,    665064,     5,    False,  True
2026-08-29,  105,     1,   False,   120, 443.200,  35577,    791965,     5,    False,  True
2026-08-29,  106,     1,   False,   119, 443.200,  76367,   1597406,     5,    False,  True
2026-08-29,  107,     1,   False,   116, 443.200,  49108,    993133,     5,    False,  True
2026-08-29,  108,     1,   False,    71, 202.300,   9595,    150569,     5,    False, False
2026-08-29,  109,     1,   False,   125, 443.200,  42613,    984229,     5,    False,  True
2026-08-29,  110,     1,   False,   109, 443.200,  38441,    991826,     5,    False,  True
2026-08-29,  111,     1,   False,    68, 179.900,  20403,    343009,     5,    False, False
2026-08-29,  112,     1,   False,   120, 443.200,  73430,   1594900,     5,    False,  True
2026-08-29,  113,     1,   False,   127, 443.200,  39305,    847433,     5,    False,  True
2026-08-29,  114,     1,   False,   116, 443.200,  40138,    734176,     5,    False,  True
2026-08-29,  115,     1,   False,   121, 443.200,  42548,    961230,     5,    False,  True
2026-08-29,  116,     1,   False,   128, 443.200,  47068,   1016452,     5,    False,  True
2026-08-29,  117,     1,   False,   114, 443.200,  48685,    985827,     5,    False,  True
2026-08-29,  118,     1,   False,   119, 443.200,  28585,    623666,     5,    False,  True
2026-08-29,  119,     1,   False,   116, 443.200,  12179,    253103,     5,    False,  True
2026-08-29,  120,     1,   False,   107, 443.200,  46823,    934925,     5,    False,  True
2026-08-29,  121,     1,   False,   109, 443.200,  25645,    645991,     5,    False,  True
2026-08-29,  122,     1,   False,   118, 443.200,  85674,   1923773,     5,    False,  True
2026-08-29,  123,     1,   False,    76, 252.400,  17795,    300665,     5,    False, False
2026-08-29,  124,     1,   False,   115, 443.200,  22307,    390406,     5,    False,  True
2026-08-29,  125,     1,   False,   107, 443.200,  30770,    533739,     5,    False,  True
2026-08-29,  126,     1,   False,    64, 194.100,  10806,    193622,     5,    False, False
2026-08-29,  127,     1,   False,   111, 443.200,  14645,    278402,     5,    False,  True
2026-08-29,  128,     1,   False,   119, 443.200,  49275,   1177436,     5,    False,  True
2026-08-29,  129,     1,   False,   123, 443.200,  24904,    475892,     5,    False,  True
2026-08-29,  130,     1,   False,   108, 443.200,   8627,    142785,     5,    False,  True
2026-08-29,  131,     1,   False,   111, 443.200,  24376,    454761,     5,    False,  True
2026-08-29,  132,     1,   False,   115, 443.200,  48031,   1099646,     5,    False,  True
2026-08-29,  133,     1,   False,   111, 443.200,  71994,   1536957,     5,    False,  True
2026-08-29,  134,     1,   False,   119, 443.200,  41864,    892004,     5,    False,  True
2026-08-29,  135,     1,   False,    92, 251.600,  14927,    262090,     5,    False, False
2026-08-29,  136,     1,   False,   114, 443.200,  23906,    460540,     5,    False,  True
2026-08-29,  137,     1,   False,    93, 278.400,  45542,    751626,     5,    False, False
2026-08-29,  138,     1,   False,   120, 443.200,  61464,   1326771,     5,    False,  True
2026-08-29,  139,     1,   False,   113, 443.200,  23358,    553154,     5,    False,  True
2026-08-29,  140,     1,   False,   119, 443.200,  39926,    876471,     5,    False,  True
2026-08-29,  141,     1,   False,   110, 443.200,  19261,    346197,     5,    False,  True
2026-08-29,  142,     1,   False,   110, 443.200,  36125,    742474,     5,    False,  True
2026-08-29,  143,     1,   False,   115, 443.200,  92461,   1859559,     5,    False,  True
2026-08-29,  144,     1,   False,   116, 443.200,  25987,    553067,     5,    False,  True
2026-08-29,  145,     1,   False,   120, 443.200,  16341,    348948,     5,    False,  True
2026-08-29,  146,     1,   False,   109, 443.200,  10350,    185155,     5,    False,  True
2026-08-29,  147,     1,   False,   118, 443.200,  31114,    714559,     5,    False,  True
2026-08-29,  148,     1,   False,   105, 443.200,  17823,    328858,     5,    False,  True
2026-08-29,  149,     1,   False,   113, 443.200,  45124,    963036,     5,    False,  True
2026-08-29,  150,     1,   False,   115, 443.200,  51628,   1166898,     5,    False,  True
2026-08-29,  151,     1,   False,   109, 443.200,  25264,    521336,     5,    False,  True
2026-08-29,  152,     1,   False,   118, 443.200,  28792,    631045,     5,    False,  True
2026-08-29,  153,     1,   False,   123, 443.200, 111355,   2517411,     5,    False,  True
2026-08-29,  154,     1,   False,   115, 443.200,  40634,    788911,     5,    False,  True
2026-08-29,  155,     1,   False,   115, 443.200,  41209,    853605,     5,    False,  True
2026-08-29,  156,     1,   False,   112, 443.200,  35301,    800080,     5,    False,  True
2026-08-29,  157,     1,   False,   116, 443.200,  41946,    953455,     5,    False,  True
2026-08-29,  158,     1,   False,   112, 443.200,  73322,   1557994,     5,    False,  True
2026-08-29,  159,     1,   False,   113, 443.200,  41135,    818921,     5,    False,  True
2026-08-29,  160,     1,   False,   117, 443.200,  19823,    444381,     5,    False,  True
2026-08-29,  161,     1,   False,   121, 443.200,  54968,   1020425,     5,    False,  True
2026-08-29,  162,     1,   False,   124, 443.200,  44607,   1004859,     5,    False,  True
2026-08-29,  163,     1,   False,   113, 443.200,  27334,    479930,     5,    False,  True
2026-08-29,  164,     1,   False,   117, 443.200,  17631,    378551,     5,    False,  True
2026-08-29,  165,     1,   False,   122, 443.200,  54653,   1238595,     5,    False,  True
2026-08-29,  166,     1,   False,   122, 443.200,  51632,   1066191,     5,    False,  True
2026-08-29,  167,     1,   False,   119, 443.200,  48624,   1197491,     5,    False,  True
2026-08-29,  168,     1,   False,   113, 443.200,  29339,    579595,     5,    False,  True
2026-08-29,  169,     1,   False,   113, 443.200,  18695,    321071,     5,    False,  True
2026-08-29,  170,     1,   False,   121, 443.200,  10540,    222384,     5,    False,  True
2026-08-29,  171,     1,   False,   127, 443.200,  11501,    190524,     5,    False,  True
2026-08-29,  172,     1,   False,   105, 443.200,  11812,    252876,     5,    False,  True
2026-08-29,  173,     1,   False,   119, 443.200,  36298,    835341,     5,    False,  True
2026-08-29,  174,     1,   False,   123, 443.200,  49796,   1165605,     5,    False,  True
2026-08-29,  175,     1,   False,    85, 242.400,  14563,    244684,     5,    False, False
2026-08-29,  176,     1,   False,   112, 443.200,  27892,    597692,     5,    False,  True
2026-08-29,  177,     1,   False,   113, 443.200,  44555,   1053782,     5,    False,  True
2026-08-29,  178,     1,   False,   119, 443.200,  47530,   1177606,     5,    False,  True
2026-08-29,  179,     1,   False,    74, 212.000,  10761,    177522,     5,    False, False
2026-08-29,  180,     1,   False,   112, 443.200,  48511,   1051145,     5,    False,  True
2026-08-29,  181,     1,   False,    75, 224.500,  26228,    482726,     5,    False, False
2026-08-29,  182,     1,   False,   117, 443.200,  42203,    855657,     5,    False,  True
2026-08-29,  183,     1,   False,   116, 443.200,  42866,    835514,     5,    False,  True
2026-08-29,  184,     1,   False,   124, 443.200,  52578,   1067610,     5,    False,  True
2026-08-29,  185,     1,   False,   118, 443.200,  33206,    719007,     5,    False,  True
2026-08-29,  186,     1,   False,   107, 443.200,  20872,    451527,     5,    False,  True
2026-08-29,  187,     1,   False,   117, 443.200,  26703,    581282,     5,    False,  True
2026-08-29,  188,     1,   False,   110, 443.200,  31128,    743771,     5,    False,  True
2026-08-29,  189,     1,   False,   110, 443.200,  10598,    224767,     5,    False,  True
2026-08-29,  190,     1,   False,   117, 443.200,  53800,   1151635,     5,    False,  True
2026-08-29,  191,     1,   False,   109, 443.200,  45163,   1128125,     5,    False,  True
2026-08-29,  192,     1,   False,   105, 443.200,  40556,    778486,     5,    False,  True
2026-08-29,  193,     1,   False,    70, 220.200,   8323,    146688,     5,    False, False
2026-08-29,  194,     1,   False,   115, 443.200,  28722,    729889,     5,    False,  True
2026-08-29,  195,     1,   False,   114, 443.200,  37015,    838696,     5,    False,  True
2026-08-29,  196,     1,   False,     1,   6.000,      2,        39,     5,    False, False
2026-08-29,  197,     1,   False,   117, 443.200,  16131,    325641,     5,    False,  True
2026-08-29,  198,     1,   False,   119, 443.200,  35001,    721013,     5,    False,  True
2026-08-29,  199,     1,   False,   110, 443.200,  27568,    462639,     5,    False,  True
2026-08-29,  200,     1,   False,   122, 443.200,  22310,    489281,     5,    False,  True
2026-08-29,  201,     1,   False,   118, 443.200,  38313,    739996,     5,    False,  True
2026-08-29,  202,     1,   False,   112, 443.200,  15129,    303268,     5,    False,  True
2026-08-29,  203,     1,   False,   120, 443.200,  18666,    341523,     5,    False,  True
2026-08-29,  204,     1,   False,   107, 443.200,  50913,   1339640,     5,    False,  True
2026-08-29,  205,     1,   False,   114, 443.200,  43048,    800757,     5,    False,  True
2026-08-29,  206,     1,   False,   117, 443.200,  48116,   1094483,     5,    False,  True
2026-08-29,  207,     1,   False,   114, 443.200,  13726,    257541,     5,    False,  True
2026-08-29,  208,     1,   False,   113, 443.200,  23424,    533546,     5,    False,  True
2026-08-29,  209,     1,   False,   106, 443.200,  31890,    702815,     5,    False,  True
2026-08-29,  210,     1,   False,   114, 443.200,  26621,    530799,     5,    False,  True
2026-08-29,  211,     1,   False,   121, 443.200,  55500,   1309059,     5,    False,  True
2026-08-29,  212,     1,   False,   126, 443.200,  41296,    991558,     5,    False,  True
2026-08-29,  213,     1,   False,   111, 443.200,  35440,    709073,     5,    False,  True
2026-08-29,  214,     1,   False,   123, 443.200,  38439,    883139,     5,    False,  True
2026-08-29,  215,     1,   False,    50, 137.300,  11228,    194874,     5,    False, False
2026-08-29,  216,     1,   False,   114, 443.200,  19045,    416785,     5,    False,  True
2026-08-29,  217,     1,   False,   109, 443.200,  73749,   1449844,     5,    False,  True
2026-08-29,  218,     1,   False,   119, 443.200,  45926,   1033416,     5,    False,  True
2026-08-29,  219,     1,   False,   112, 443.200,  30444,    666740,     5,    False,  True
2026-08-29,  220,     1,   False,   124, 443.200,  57780,   1324166,     5,    False,  True
2026-08-29,  221,     1,   False,    75, 215.700,  20050,    360996,     5,    False, False
2026-08-29,  222,     1,   False,    59, 151.800,   5141,     92691,     5,    False, False
2026-08-29,  223,     1,   False,   110, 443.200,  71574,   1513920,     5,    False,  True
2026-08-29,  224,     1,   False,   106, 443.200,  22467,    467817,     5,    False,  True
2026-08-29,  225,     1,   False,   117, 443.200,  18663,    329449,     5,    False,  True
2026-08-29,  226,     1,   False,   120, 443.200,  32784,    639969,     5,    False,  True
2026-08-29,  227,     1,   False,   113, 443.200,  37092,    710796,     5,    False,  True
2026-08-29,  228,     1,   False,   119, 443.200,  30203,    541569,     5,    False,  True
2026-08-29,  229,     1,   False,   119, 443.200,  19144,    335451,     5,    False,  True
2026-08-29,  230,     1,   False,   117, 443.200,  27385,    554998,     5,    False,  True
2026-08-29,  231,     1,   False,   119, 443.200,  22801,    515174,     5,    False,  True
2026-08-29,  232,     1,   False,   124, 443.200, 112086,   2454231,     5,    False,  True
2026-08-29,  233,     1,   False,   113, 443.200,  33120,    828983,     5,    False,  True
2026-08-29,  234,     1,   False,   115, 443.200,  43205,    895852,     5,    False,  True
2026-08-29,  235,     1,   False,   118, 443.200,   7944,    124332,     5,    False,  True
2026-08-29,  236,     1,   False,   121, 443.200,  44435,    948538,     5,    False,  True
2026-08-29,  237,     1,   False,   116, 443.200,  74685,   1537705,     5,    False,  True
2026-08-29,  238,     1,   False,   111, 443.200,  19433,    439172,     5,    False,  True
2026-08-29,  239,     1,   False,   113, 443.200,  27841,    467147,     5,    False,  True
2026-08-29,  240,     1,   False,   117, 443.200,  26066,    530279,     5,    False,  True
2026-08-29,  241,     1,   False,   126, 443.200,  35599,    806711,     5,    False,  True
2026-08-29,  242,     1,   False,   111, 443.200,  70155,   1584260,     5,    False,  True
2026-08-29,  243,     1,   False,   116, 443.200,  49172,    908098,     5,    False,  True
2026-08-29,  244,     1,   False,   121, 443.200,  70336,   1485849,     5,    False,  True
2026-08-29,  245,     1,   False,   120, 443.200,  45064,   1145821,     5,    False,  True
2026-08-29,  246,     1,   False,    74, 212.400,  14862,    240295,     5,    False, False
2026-08-29,  247,     1,   False,   111, 443.200,  32476,    765823,     5,    False,  True
2026-08-29,  248,     1,   False,   114, 443.200,  33858,    802089,     5,    False,  True
2026-08-29,  249,     1,   False,   112, 443.200,  20963,    360790,     5,    False,  True
2026-08-29,  250,     1,   False,   111, 443.200,  48496,    931494,     5,    False,  True
2026-08-29,  251,     1,   False,   117, 443.200,  26405,    494525,     5,    False,  True
2026-08-29,  252,     1,   False,   110, 443.200,  18336,    490355,     5,    False,  True
2026-08-29,  253,     1,   False,   117, 443.200,  66233,   1419685,     5,    False,  True
2026-08-29,  254,     1,   False,   105, 443.200,  23280,    549967,     5,    False,  True
2026-08-29,  255,     1,   False,   115, 443.200,  65331,   1370704,     5,    False,  True
2026-08-29,  256,     1,   False,   123, 443.200,  48508,   1124882,     5,    False,  True
2026-08-29,  257,     1,   False,   112, 443.200,  42133,    946673,     5,    False,  True
2026-08-29,  258,     1,   False,   120, 443.200,  39511,    737088,     5,    False,  True
2026-08-29,  259,     1,   False,   107, 443.200,  17886,    363240,     5,    False,  True
2026-08-29,  260,     1,   False,   113, 443.200,  33395,    757938,     5,    False,  True
2026-08-29,  261,     1,   False,   104, 443.200,  37309,    713196,     5,    False,  True
2026-08-29,  262,     1,   False,   116, 443.200,  29672,    547516,     5,    False,  True
2026-08-29,  263,     1,   False,   114, 443.200,  27354,    661081,     5,    False,  True
2026-08-29,  264,     1,   False,   116, 443.200,  68362,   1237332,     5,    False,  True
2026-08-29,  265,     1,   False,   113, 443.200,  18573,    303033,     5,    False,  True
2026-08-29,  266,     1,   False,   126, 443.200,  63091,   1339513,     5,    False,  True
2026-08-29,  267,     1,   False,   122, 443.200,  51422,   1065461,     5,    False,  True
2026-08-29,  268,     1,   False,    78, 226.300,  17530,    287101,     5,    False, False
2026-08-29,  269,     1,   False,   109, 443.200,  40819,    851831,     5,    False,  True
2026-08-29,  270,     1,   False,   120, 443.200,  35091,    659187,     5,    False,  True
2026-08-29,  271,     1,   False,   118, 443.200,  24906,    581675,     5,    False,  True
2026-08-29,  272,     1,   False,   115, 443.200,  42156,    891917,     5,    False,  True
2026-08-29,  273,     1,   False,   113, 443.200,  17544,    392961,     5,    False,  True
2026-08-29,  274,     1,   False,   122, 443.200,  41575,    880001,     5,    False,  True
2026-08-29,  275,     1,   False,   115, 443.200,  20535,    387218,     5,    False,  True
2026-08-29,  276,     1,   False,   121, 443.200,  46336,    978993,     5,    False,  True
2026-08-29,  277,     1,   False,   118, 443.200,  48218,   1167742,     5,    False,  True
2026-08-29,  278,     1,   False,   115, 443.200,  32591,    710237,     5,    False,  True
2026-08-29,  279,     1,   False,   114, 443.200,  23501,    608567,     5,    False,  True
2026-08-29,  280,     1,   False,   118, 443.200,  26340,    475324,     5,    False,  True
2026-08-29,  281,     1,   False,   116, 443.200,  47612,    960537,     5,    False,  True
2026-08-29,  282,     1,   False,   115, 443.200,  20902,    329366,     5,    False,  True
2026-08-29,  283,     1,   False,   117, 443.200,  64144,   1208118,     5,    False,  True
2026-08-29,  284,     1,   False,   109, 443.200,  18619,    413421,     5,    False,  True
2026-08-29,  285,     1,   False,   128, 443.200,  31499,    644295,     5,    False,  True
2026-08-29,  286,     1,   False,   118, 443.200,  29206,    644988,     5,    False,  True
2026-08-29,  287,     1,   False,   106, 443.200,  28189,    604439,     5,    False,  True
2026-08-29,  288,     1,   False,   116, 443.200,  26636,    462525,     5,    False,  True
2026-08-29,  289,     1,   False,   112, 443.200,  30975,    679322,     5,    False,  True
2026-08-29,  290,     1,   False,    81, 238.800,  10642,    182682,     5,    False, False
2026-08-29,  291,     1,   False,   106, 443.200,  47375,    995566,     5,    False,  True
2026-08-29,  292,     1,   False,    99, 265.600,  12502,    224944,     5,    False, False
2026-08-29,  293,     1,   False,   115, 443.200,  27337,    571971,     5,    False,  True
2026-08-29,  294,     1,   False,   127, 443.200,  35428,    797560,     5,    False,  True
2026-08-29,  295,     1,   False,   120, 443.200,  72196,   1564996,     5,    False,  True
2026-08-29,  296,     1,   False,   113, 443.200,  29636,    559237,     5,    False,  True
2026-08-29,  297,     1,   False,   117, 443.200,  42571,   1023030,     5,    False,  True
2026-08-29,  298,     1,   False,   115, 443.200,  37031,    881506,     5,    False,  True
2026-08-29,  299,     1,   False,   116, 443.200,  43640,   1018644,     5,    False,  True
2026-08-29,  100,     1,   False,   119, 443.200,  79344,   2563236,     6,    False,  True
2026-08-29,  101,     1,   False,   108, 443.200, 107924,   3506127,     6,    False,  True
2026-08-29,  102,     1,   False,   127, 443.200,  52603,   1506715,     6,    False,  True
2026-08-29,  103,     1,   False,   115, 443.200,  31243,    817230,     6,    False,  True
2026-08-29,  104,     1,   False,   120, 443.200,  42239,   1329253,     6,    False,  True
2026-08-29,  105,     1,   False,   123, 443.200,  65542,   2045803,     6,    False,  True
2026-08-29,  106,     1,   False,   114, 443.200, 148041,   3453751,     6,    False,  True
2026-08-29,  107,     1,   False,   115, 443.200, 107931,   2680588,     6,    False,  True
2026-08-29,  108,     1,   False,    74, 207.300,  17584,    339207,     6,    False, False
2026-08-29,  109,     1,   False,   127, 443.200,  77528,   2517649,     6,    False,  True
2026-08-29,  110,     1,   False,   113, 443.200,  59222,   2018775,     6,    False,  True
2026-08-29,  111,     1,   False,    69, 186.600,  56024,   1118270,     6,    False, False
2026-08-29,  112,     1,   False,   123, 443.200, 193416,   5776835,     6,    False,  True
2026-08-29,  113,     1,   False,   126, 443.200,  93707,   2531190,     6,    False,  True
2026-08-29,  114,     1,   False,   118, 443.200,  85198,   1993694,     6,    False,  True
2026-08-29,  115,     1,   False,   121, 443.200,  80524,   2339745,     6,    False,  True
2026-08-29,  116,     1,   False,   129, 443.200, 108743,   3095698,     6,    False,  True
2026-08-29,  117,     1,   False,   117, 443.200, 111018,   3029948,     6,    False,  True
2026-08-29,  118,     1,   False,   117, 443.200,  53605,   1552917,     6,    False,  True
2026-08-29,  119,     1,   False,   105, 443.200,  12734,    316016,     6,    False,  True
2026-08-29,  120,     1,   False,   107, 443.200,  76787,   2237953,     6,    False,  True
2026-08-29,  121,     1,   False,   106, 443.200,  43063,   1477079,     6,    False,  True
2026-08-29,  122,     1,   False,   120, 443.200, 195962,   6115054,     6,    False,  True
2026-08-29,  123,     1,   False,   112, 443.200, 156371,   4164422,     6,    False,  True
2026-08-29,  124,     1,   False,   113, 443.200,  46065,    973426,     6,    False,  True
2026-08-29,  125,     1,   False,   118, 443.200,  57473,   1159633,     6,    False,  True
2026-08-29,  126,     1,   False,    81, 243.400,  38519,    943616,     6,    False, False
2026-08-29,  127,     1,   False,   112, 443.200,  32353,    783517,     6,    False,  True
2026-08-29,  128,     1,   False,   108, 443.200, 102801,   3199151,     6,    False,  True
2026-08-29,  129,     1,   False,   118, 443.200, 115366,   3048466,     6,    False,  True
2026-08-29,  130,     1,   False,   107, 443.200,  31331,    706108,     6,    False,  True
2026-08-29,  131,     1,   False,   111, 443.200,  33539,    763592,     6,    False,  True
2026-08-29,  132,     1,   False,   115, 443.200, 123763,   3741179,     6,    False,  True
2026-08-29,  133,     1,   False,   108, 443.200,  77216,   1916610,     6,    False,  True
2026-08-29,  134,     1,   False,   117, 443.200, 102879,   2927014,     6,    False,  True
2026-08-29,  135,     1,   False,   119, 443.200, 100262,   2588705,     6,    False,  True
2026-08-29,  136,     1,   False,   115, 443.200,  52876,   1223834,     6,    False,  True
2026-08-29,  137,     1,   False,    96, 287.000,  82774,   1772018,     6,    False, False
2026-08-29,  138,     1,   False,   121, 443.200,  83020,   2480113,     6,    False,  True
2026-08-29,  139,     1,   False,   112, 443.200,  32890,   1017754,     6,    False,  True
2026-08-29,  140,     1,   False,   112, 443.200,  95454,   2787230,     6,    False,  True
2026-08-29,  141,     1,   False,    59, 153.200,  21637,    455400,     6,    False, False
2026-08-29,  142,     1,   False,   110, 443.200,  63584,   1784472,     6,    False,  True
2026-08-29,  143,     1,   False,   114, 443.200, 200472,   5258516,     6,    False,  True
2026-08-29,  144,     1,   False,   118, 443.200,  43188,   1253485,     6,    False,  True
2026-08-29,  145,     1,   False,   118, 443.200,  23963,    744932,     6,    False,  True
2026-08-29,  146,     1,   False,   110, 443.200,  17510,    409761,     6,    False,  True
2026-08-29,  147,     1,   False,   118, 443.200,  51750,   1557059,     6,    False,  True
2026-08-29,  148,     1,   False,   110, 443.200,  38322,    940933,     6,    False,  True
2026-08-29,  149,     1,   False,   114, 443.200,  96639,   2634157,     6,    False,  True
2026-08-29,  150,     1,   False,   115, 443.200,  96973,   2847032,     6,    False,  True
2026-08-29,  151,     1,   False,   109, 443.200,  21378,    484618,     6,    False,  True
2026-08-29,  152,     1,   False,   117, 443.200,  56440,   1727619,     6,    False,  True
2026-08-29,  153,     1,   False,   117, 443.200, 197383,   5977228,     6,    False,  True
2026-08-29,  154,     1,   False,   117, 443.200, 119536,   3027065,     6,    False,  True
2026-08-29,  155,     1,   False,   113, 443.200,  63609,   1818387,     6,    False,  True
2026-08-29,  156,     1,   False,   116, 443.200,  31604,    916578,     6,    False,  True
2026-08-29,  157,     1,   False,   116, 443.200,  73251,   2110366,     6,    False,  True
2026-08-29,  158,     1,   False,   117, 443.200, 284973,   8007293,     6,    False,  True
2026-08-29,  159,     1,   False,   111, 443.200,  58120,   1497573,     6,    False,  True
2026-08-29,  160,     1,   False,   118, 443.200,  30471,    912282,     6,    False,  True
2026-08-29,  161,     1,   False,   109, 443.200,  39501,    876671,     6,    False,  True
2026-08-29,  162,     1,   False,   118, 443.200,  60809,   1318375,     6,    False,  True
2026-08-29,  163,     1,   False,    70, 196.600,  27397,    560725,     6,    False, False
2026-08-29,  164,     1,   False,   123, 443.200,  59986,   1580359,     6,    False,  True
2026-08-29,  165,     1,   False,   122, 443.200, 126761,   3822558,     6,    False,  True
2026-08-29,  166,     1,   False,   125, 443.200, 124467,   3473983,     6,    False,  True
2026-08-29,  167,     1,   False,   121, 443.200,  81595,   2471526,     6,    False,  True
2026-08-29,  168,     1,   False,   111, 443.200,  58895,   1504118,     6,    False,  True
2026-08-29,  169,     1,   False,   115, 443.200,  31367,    708613,     6,    False,  True
2026-08-29,  170,     1,   False,   120, 443.200,  12374,    345197,     6,    False,  True
2026-08-29,  171,     1,   False,   122, 443.200,  15782,    333748,     6,    False,  True
2026-08-29,  172,     1,   False,   110, 443.200,  13039,    326230,     6,    False,  True
2026-08-29,  173,     1,   False,   120, 443.200,  69002,   2095143,     6,    False,  True
2026-08-29,  174,     1,   False,   122, 443.200, 127340,   3942551,     6,    False,  True
2026-08-29,  175,     1,   False,    84, 242.400,  22445,    495140,     6,    False, False
2026-08-29,  176,     1,   False,   122, 443.200,  60565,   1767110,     6,    False,  True
2026-08-29,  177,     1,   False,   113, 443.200,  93900,   3108392,     6,    False,  True
2026-08-29,  178,     1,   False,   111, 443.200, 101236,   3561764,     6,    False,  True
2026-08-29,  179,     1,   False,   113, 443.200,  21825,    484089,     6,    False,  True
2026-08-29,  180,     1,   False,   117, 443.200,  78883,   2245781,     6,    False,  True
2026-08-29,  181,     1,   False,   121, 443.200,  85897,   2843222,     6,    False,  True
2026-08-29,  182,     1,   False,   117, 443.200,  84818,   2345977,     6,    False,  True
2026-08-29,  183,     1,   False,   119, 443.200,  90947,   2383698,     6,    False,  True
2026-08-29,  184,     1,   False,   116, 443.200,  77810,   1995477,     6,    False,  True
2026-08-29,  185,     1,   False,   115, 443.200,  41500,   1185781,     6,    False,  True
2026-08-29,  186,     1,   False,   117, 443.200,  36620,   1064480,     6,    False,  True
2026-08-29,  187,     1,   False,   113, 443.200,  69542,   2060490,     6,    False,  True
2026-08-29,  188,     1,   False,   111, 443.200,  57158,   1962081,     6,    False,  True
2026-08-29,  189,     1,   False,   108, 443.200,  16608,    487083,     6,    False,  True
2026-08-29,  190,     1,   False,   111, 443.200,  70105,   2397143,     6,    False,  True
2026-08-29,  191,     1,   False,   112, 443.200, 115823,   4050983,     6,    False,  True
2026-08-29,  192,     1,   False,   107, 443.200, 105565,   3087647,     6,    False,  True
2026-08-29,  193,     1,   False,    66, 186.300,   5335,    106982,     6,    False, False
2026-08-29,  194,     1,   False,   115, 443.200,  46365,   1692113,     6,    False,  True
2026-08-29,  195,     1,   False,   116, 443.200,  62922,   1967938,     6,    False,  True
2026-08-29,  196,     1,   False,     1,   6.000,      2,        25,     6,    False, False
2026-08-29,  197,     1,   False,   120, 443.200, 140236,   4083438,     6,    False,  True
2026-08-29,  198,     1,   False,   122, 443.200,  71855,   1716847,     6,    False,  True
2026-08-29,  199,     1,   False,   113, 443.200,  32165,    655771,     6,    False,  True
2026-08-29,  200,     1,   False,   124, 443.200,  54632,   1663089,     6,    False,  True
2026-08-29,  201,     1,   False,   117, 443.200,  77455,   2059270,     6,    False,  True
2026-08-29,  202,     1,   False,   113, 443.200,  24280,    681057,     6,    False,  True
2026-08-29,  203,     1,   False,   121, 443.200,  34393,    862914,     6,    False,  True
2026-08-29,  204,     1,   False,   114, 443.200,  73119,   2761884,     6,    False,  True
2026-08-29,  205,     1,   False,   111, 443.200,  25886,    850616,     6,    False,  True
2026-08-29,  206,     1,   False,   115, 443.200,  78199,   2299694,     6,    False,  True
2026-08-29,  207,     1,   False,   116, 443.200,  22290,    567810,     6,    False,  True
2026-08-29,  208,     1,   False,   115, 443.200, 117610,   4087069,     6,    False,  True
2026-08-29,  209,     1,   False,   106, 443.200,  54027,   1571800,     6,    False,  True
2026-08-29,  210,     1,   False,   114, 443.200,  50841,   1433850,     6,    False,  True
2026-08-29,  211,     1,   False,   122, 443.200, 104136,   3505008,     6,    False,  True
2026-08-29,  212,     1,   False,   122, 443.200,  70662,   2215885,     6,    False,  True
2026-08-29,  213,     1,   False,   115, 443.200,  32746,    627316,     6,    False,  True
2026-08-29,  214,     1,   False,   120, 443.200,  75435,   2331374,     6,    False,  True
2026-08-29,  215,     1,   False,    52, 137.300,  17172,    401388,     6,    False, False
2026-08-29,  216,     1,   False,   121, 443.200,  38818,   1105826,     6,    False,  True
2026-08-29,  217,     1,   False,   109, 443.200, 155484,   4284214,     6,    False,  True
2026-08-29,  218,     1,   False,   118, 443.200,  65637,   2023581,     6,    False,  True
2026-08-29,  219,     1,   False,   113, 443.200,  55633,   1695313,     6,    False,  True
2026-08-29,  220,     1,   False,   120, 443.200, 138000,   4206206,     6,    False,  True
2026-08-29,  221,     1,   False,   119, 443.200,  12784,    297738,     6,    False,  True
2026-08-29,  222,     1,   False,    50, 121.600,   5136,    125325,     6,    False, False
2026-08-29,  223,     1,   False,   115, 443.200, 132346,   3718126,     6,    False,  True
2026-08-29,  224,     1,   False,   111, 443.200,  88800,   2434858,     6,    False,  True
2026-08-29,  225,     1,   False,   117, 443.200,  13677,    325938,     6,    False,  True
2026-08-29,  226,     1,   False,   117, 443.200,  65036,   1819107,     6,    False,  True
2026-08-29,  227,     1,   False,   111, 443.200,  52037,   1189918,     6,    False,  True
2026-08-29,  228,     1,   False,   119, 443.200,  56221,   1274899,     6,    False,  True
2026-08-29,  229,     1,   False,   119, 443.200,  35276,    770327,     6,    False,  True
2026-08-29,  230,     1,   False,   117, 443.200,  49343,   1322752,     6,    False,  True
2026-08-29,  231,     1,   False,   123, 443.200,  53586,   1682855,     6,    False,  True
2026-08-29,  232,     1,   False,   121, 443.200, 158761,   5539521,     6,    False,  True
2026-08-29,  233,     1,   False,   118, 443.200,  18408,    384304,     6,    False,  True
2026-08-29,  234,     1,   False,   114, 443.200,  84340,   2350085,     6,    False,  True
2026-08-29,  235,     1,   False,   119, 443.200,  10640,    210392,     6,    False,  True
2026-08-29,  236,     1,   False,   117, 443.200,  50203,   1447560,     6,    False,  True
2026-08-29,  237,     1,   False,   117, 443.200,  16520,    440777,     6,    False,  True
2026-08-29,  238,     1,   False,   113, 443.200,  47420,   1612710,     6,    False,  True
2026-08-29,  239,     1,   False,   109, 443.200,  39283,    823345,     6,    False,  True
2026-08-29,  240,     1,   False,   116, 443.200,  44511,   1310232,     6,    False,  True
2026-08-29,  241,     1,   False,   125, 443.200,  67175,   2199456,     6,    False,  True
2026-08-29,  242,     1,   False,   116, 443.200,  79725,   2794362,     6,    False,  True
2026-08-29,  243,     1,   False,   113, 443.200,  18934,    390356,     6,    False,  True
2026-08-29,  244,     1,   False,   122, 443.200, 172927,   4673623,     6,    False,  True
2026-08-29,  245,     1,   False,   120, 443.200,  85286,   3011053,     6,    False,  True
2026-08-29,  246,     1,   False,    71, 224.800,  15486,    335791,     6,    False, False
2026-08-29,  247,     1,   False,   117, 443.200,  73835,   2092497,     6,    False,  True
2026-08-29,  248,     1,   False,   114, 443.200,  70284,   2256633,     6,    False,  True
2026-08-29,  249,     1,   False,   108, 443.200,  34805,    833100,     6,    False,  True
2026-08-29,  250,     1,   False,   104, 443.200,  42222,   1163601,     6,    False,  True
2026-08-29,  251,     1,   False,    81, 250.300,  23510,    509596,     6,    False, False
2026-08-29,  252,     1,   False,   110, 443.200,  24259,    935272,     6,    False,  True
2026-08-29,  253,     1,   False,   110, 443.200,  78176,   2428308,     6,    False,  True
2026-08-29,  254,     1,   False,   105, 443.200,  37532,   1277306,     6,    False,  True
2026-08-29,  255,     1,   False,   115, 443.200, 108191,   2972321,     6,    False,  True
2026-08-29,  256,     1,   False,   107, 443.200,  47675,   1266153,     6,    False,  True
2026-08-29,  257,     1,   False,   117, 443.200,  81924,   2611436,     6,    False,  True
2026-08-29,  258,     1,   False,   122, 443.200,  73852,   1935380,     6,    False,  True
2026-08-29,  259,     1,   False,   108, 443.200,  26425,    723453,     6,    False,  True
2026-08-29,  260,     1,   False,   114, 443.200,  81448,   2400497,     6,    False,  True
2026-08-29,  261,     1,   False,    83, 259.200,  40341,    887567,     6,    False, False
2026-08-29,  262,     1,   False,    61, 159.800,  52550,   1001459,     6,    False, False
2026-08-29,  263,     1,   False,   116, 443.200,  54710,   1884353,     6,    False,  True
2026-08-29,  264,     1,   False,   117, 443.200,  44552,    995068,     6,    False,  True
2026-08-29,  265,     1,   False,   113, 443.200,  71305,   1639525,     6,    False,  True
2026-08-29,  266,     1,   False,   115, 443.200, 155537,   5096052,     6,    False,  True
2026-08-29,  267,     1,   False,   122, 443.200, 116755,   3341784,     6,    False,  True
2026-08-29,  268,     1,   False,    66, 167.300,  22221,    521407,     6,    False, False
2026-08-29,  269,     1,   False,   112, 443.200,  48387,   1088329,     6,    False,  True
2026-08-29,  270,     1,   False,   120, 443.200,  71022,   1753896,     6,    False,  True
2026-08-29,  271,     1,   False,   118, 443.200,  39433,   1311848,     6,    False,  True
2026-08-29,  272,     1,   False,   116, 443.200,  82154,   2267443,     6,    False,  True
2026-08-29,  273,     1,   False,   116, 443.200,  38480,   1200191,     6,    False,  True
2026-08-29,  274,     1,   False,   122, 443.200,  79321,   2301724,     6,    False,  True
2026-08-29,  275,     1,   False,   119, 443.200, 167954,   5024519,     6,    False,  True
2026-08-29,  276,     1,   False,   121, 443.200,  90908,   2705378,     6,    False,  True
2026-08-29,  277,     1,   False,   118, 443.200,  87728,   3038734,     6,    False,  True
2026-08-29,  278,     1,   False,   115, 443.200,  57492,   1758374,     6,    False,  True
2026-08-29,  279,     1,   False,   113, 443.200,  27238,   1060346,     6,    False,  True
2026-08-29,  280,     1,   False,   118, 443.200,  28685,    624018,     6,    False,  True
2026-08-29,  281,     1,   False,   116, 443.200, 110712,   3024142,     6,    False,  True
2026-08-29,  282,     1,   False,   112, 443.200,  33312,    691142,     6,    False,  True
2026-08-29,  283,     1,   False,   119, 443.200, 217901,   5345681,     6,    False,  True
2026-08-29,  284,     1,   False,   109, 443.200,  30452,    948187,     6,    False,  True
2026-08-29,  285,     1,   False,   129, 443.200,  61556,   1745413,     6,    False,  True
2026-08-29,  286,     1,   False,   114, 443.200,  49680,   1416571,     6,    False,  True
2026-08-29,  287,     1,   False,   105, 443.200,  64574,   2027555,     6,    False,  True
2026-08-29,  288,     1,   False,   119, 443.200,  30615,    627613,     6,    False,  True
2026-08-29,  289,     1,   False,   119, 443.200,  80231,   2490546,     6,    False,  True
2026-08-29,  290,     1,   False,    81, 238.800,  18803,    386972,     6,    False, False
2026-08-29,  291,     1,   False,   108, 443.200, 106529,   3042868,     6,    False,  True
2026-08-29,  292,     1,   False,    99, 270.600,  17935,    417100,     6,    False, False
2026-08-29,  293,     1,   False,   115, 443.200,  52910,   1491173,     6,    False,  True
2026-08-29,  294,     1,   False,   126, 443.200,  69576,   2110206,     6,    False,  True
2026-08-29,  295,     1,   False,   118, 443.200, 119210,   2440747,     6,    False,  True
2026-08-29,  296,     1,   False,   121, 443.200,  66571,   1664468,     6,    False,  True
2026-08-29,  297,     1,   False,   118, 443.200,  57339,   1992240,     6,    False,  True
2026-08-29,  298,     1,   False,   115, 443.200,  71700,   2354047,     6,    False,  True
2026-08-29,  299,     1,   False,   115, 443.200,  84801,   2720226,     6,    False,  True
2026-08-29,  100,     2,   False,   207, 443.200,    6705,     61675,     2,    False,  True
2026-08-29,  101,     2,   False,   131, 210.900,    4003,     38683,     2,    False, False
2026-08-29,  102,     2,   False,   190, 443.200,   14143,    123307,     2,    False,  True
2026-08-29,  103,     2,   False,   286, 443.200,    8798,     86450,     2,    False,  True
2026-08-29,  104,     2,   False,   177, 443.200,    5985,     51926,     2,    False,  True
2026-08-29,  105,     2,   False,   403, 443.200,   37673,    328740,     2,    False,  True
2026-08-29,  106,     2,   False,   185, 443.200,    6780,     61174,     2,    False,  True
2026-08-29,  107,     2,   False,   173, 443.200,    4406,     41433,     2,    False,  True
2026-08-29,  108,     2,   False,    86, 149.700,    2729,     24325,     2,    False, False
2026-08-29,  109,     2,   False,   203, 443.200,    5764,     51374,     2,    False,  True
2026-08-29,  110,     2,   False,    45, 111.400,    1025,      7920,     2,    False, False
2026-08-29,  111,     2,   False,    48, 101.700,     858,      7379,     2,    False, False
2026-08-29,  112,     2,   False,   196, 443.200,    9490,     80220,     2,    False,  True
2026-08-29,  113,     2,   False,   176, 443.200,    5739,     50890,     2,    False,  True
2026-08-29,  114,     2,   False,   172, 443.200,    5325,     46352,     2,    False,  True
2026-08-29,  115,     2,   False,   204, 443.200,   14062,    122789,     2,    False,  True
2026-08-29,  116,     2,   False,   172, 443.200,    5373,     45768,     2,    False,  True
2026-08-29,  117,     2,   False,   178, 443.200,    5891,     53209,     2,    False,  True
2026-08-29,  118,     2,   False,    65,  95.200,    1398,     11834,     2,    False, False
2026-08-29,  119,     2,   False,    65, 136.900,    1315,     10050,     2,    False, False
2026-08-29,  120,     2,   False,   186, 443.200,    4062,     37672,     2,    False,  True
2026-08-29,  121,     2,   False,   139, 238.200,    5073,     45507,     2,    False, False
2026-08-29,  122,     2,   False,    68, 116.700,    1492,     12122,     2,    False, False
2026-08-29,  123,     2,   False,    70, 118.300,    2004,     16281,     2,    False, False
2026-08-29,  124,     2,   False,   160, 443.200,    8135,     71680,     2,    False,  True
2026-08-29,  125,     2,   False,   107, 168.100,    6101,     52778,     2,    False, False
2026-08-29,  126,     2,   False,    66, 158.600,    1487,     12663,     2,    False, False
2026-08-29,  127,     2,   False,    52, 109.200,    1010,      7898,     2,    False, False
2026-08-29,  128,     2,   False,   168, 443.200,    6262,     53965,     2,    False,  True
2026-08-29,  129,     2,   False,   241, 443.200,   15840,    138243,     2,    False,  True
2026-08-29,  130,     2,   False,    44,  95.500,     711,      5417,     2,    False, False
2026-08-29,  131,     2,   False,    65, 134.600,    1526,     11954,     2,    False, False
2026-08-29,  132,     2,   False,   186, 443.200,    9592,     83260,     2,    False,  True
2026-08-29,  133,     2,   False,   190, 271.100,   12315,    106619,     2,    False, False
2026-08-29,  134,     2,   False,   169, 443.200,    6039,     55834,     2,    False,  True
2026-08-29,  135,     2,   False,    97, 206.700,    2688,     23473,     2,    False, False
2026-08-29,  136,     2,   False,    46,  91.600,    1140,      8750,     2,    False, False
2026-08-29,  137,     2,   False,    47,  96.100,    1000,      8094,     2,    False, False
2026-08-29,  138,     2,   False,   226, 443.200,    7827,     69247,     2,    False,  True
2026-08-29,  139,     2,   False,   130, 443.200,    3145,     26404,     2,    False,  True
2026-08-29,  140,     2,   False,   129, 221.200,    4170,     37329,     2,    False, False
2026-08-29,  141,     2,   False,   170, 180.300,   11098,     85577,     2,    False, False
2026-08-29,  142,     2,   False,   214, 443.200,   10039,     89701,     2,    False,  True
2026-08-29,  143,     2,   False,   263, 443.200,   14343,    130839,     2,    False,  True
2026-08-29,  144,     2,   False,    77, 195.100,    2001,     15788,     2,    False, False
2026-08-29,  145,     2,   False,   236, 443.200,   11679,    104348,     2,    False,  True
2026-08-29,  146,     2,   False,    50,  84.800,    1101,      8802,     2,    False, False
2026-08-29,  147,     2,   False,   210, 443.200,    9422,     85246,     2,    False,  True
2026-08-29,  148,     2,   False,   174, 443.200,    5121,     42389,     2,    False,  True
2026-08-29,  149,     2,   False,   207, 443.200,    5749,     52222,     2,    False,  True
2026-08-29,  150,     2,   False,   165, 443.200,    4924,     45113,     2,    False,  True
2026-08-29,  151,     2,   False,    47, 102.300,     751,      6416,     2,    False, False
2026-08-29,  152,     2,   False,   219, 443.200,    5596,     50296,     2,    False,  True
2026-08-29,  153,     2,   False,   265, 284.700,   15545,    144338,     2,    False, False
2026-08-29,  154,     2,   False,   211, 443.200,    8638,     77019,     2,    False,  True
2026-08-29,  155,     2,   False,    78, 184.300,    1381,     10889,     2,    False, False
2026-08-29,  156,     2,   False,   158, 443.200,    4837,     43520,     2,    False,  True
2026-08-29,  157,     2,   False,   217, 443.200,    9626,     83996,     2,    False,  True
2026-08-29,  158,     2,   False,    83, 162.000,    3013,     27488,     2,    False, False
2026-08-29,  159,     2,   False,   146, 443.200,    4569,     40466,     2,    False,  True
2026-08-29,  160,     2,   False,   123, 108.500,   19207,    159430,     2,    False, False
2026-08-29,  161,     2,   False,    67,  99.900,    2340,     18214,     2,    False, False
2026-08-29,  162,     2,   False,    65, 105.600,    1325,     11187,     2,    False, False
2026-08-29,  163,     2,   False,    60, 127.200,    1022,      8034,     2,    False, False
2026-08-29,  164,     2,   False,   169, 443.200,    6550,     57442,     2,    False,  True
2026-08-29,  165,     2,   False,    50,  87.900,    1036,      8247,     2,    False, False
2026-08-29,  166,     2,   False,   224, 159.800,   21581,    185733,     2,    False, False
2026-08-29,  167,     2,   False,   164, 443.200,    4437,     39891,     2,    False,  True
2026-08-29,  168,     2,   False,   260, 443.200,   13525,    117679,     2,    False,  True
2026-08-29,  169,     2,   False,    96, 193.100,    3156,     28384,     2,    False, False
2026-08-29,  170,     2,   False,    76, 104.700,    2232,     19664,     2,    False, False
2026-08-29,  171,     2,   False,    49,  87.100,     753,      5920,     2,    False, False
2026-08-29,  172,     2,   False,    74, 140.800,    1732,     13628,     2,    False, False
2026-08-29,  173,     2,   False,    80, 192.100,    1767,     13990,     2,    False, False
2026-08-29,  174,     2,   False,   217, 443.200,   13610,    122350,     2,    False,  True
2026-08-29,  175,     2,   False,   149, 153.300,    6196,     56697,     2,    False, False
2026-08-29,  176,     2,   False,    69, 123.600,    1708,     13834,     2,    False, False
2026-08-29,  177,     2,   False,    52, 101.600,    1070,      8822,     2,    False, False
2026-08-29,  178,     2,   False,   143, 443.200,    3905,     32823,     2,    False,  True
2026-08-29,  179,     2,   False,    47,  67.100,     808,      6314,     2,    False, False
2026-08-29,  180,     2,   False,   201, 443.200,    5373,     47704,     2,    False,  True
2026-08-29,  181,     2,   False,    91, 131.100,    2619,     22961,     2,    False, False
2026-08-29,  182,     2,   False,    70, 118.500,    1461,     12849,     2,    False, False
2026-08-29,  183,     2,   False,   127, 157.200,    5578,     49274,     2,    False, False
2026-08-29,  184,     2,   False,   167, 225.500,    7019,     60135,     2,    False, False
2026-08-29,  185,     2,   False,   275, 443.200,    8583,     78347,     2,    False,  True
2026-08-29,  186,     2,   False,    54,  89.800,    1181,      9940,     2,    False, False
2026-08-29,  187,     2,   False,   126, 443.200,    2093,     18097,     2,    False,  True
2026-08-29,  188,     2,   False,   143, 443.200,    3447,     30541,     2,    False,  True
2026-08-29,  189,     2,   False,    75, 157.400,    1858,     15994,     2,    False, False
2026-08-29,  190,     2,   False,   227, 443.200,   11089,     99515,     2,    False,  True
2026-08-29,  191,     2,   False,   161, 443.200,    5604,     47487,     2,    False,  True
2026-08-29,  192,     2,   False,   223, 443.200,   13985,    132024,     2,    False,  True
2026-08-29,  193,     2,   False,    39,  60.600,     780,      6349,     2,    False, False
2026-08-29,  194,     2,   False,   143, 443.200,    4947,     44217,     2,    False,  True
2026-08-29,  195,     2,   False,    96, 189.100,    2185,     17915,     2,    False, False
2026-08-29,  196,     2,   False,     1,   6.000,       2,        24,     2,    False, False
2026-08-29,  197,     2,   False,    50,  95.900,     995,      8253,     2,    False, False
2026-08-29,  198,     2,   False,    52, 101.800,    1064,      8488,     2,    False, False
2026-08-29,  199,     2,   False,    48,  96.500,     679,      5346,     2,    False, False
2026-08-29,  200,     2,   False,   193, 443.200,    7106,     60586,     2,    False,  True
2026-08-29,  201,     2,   False,    48,  98.500,    1378,     10305,     2,    False, False
2026-08-29,  202,     2,   False,    65, 133.300,     986,      8670,     2,    False, False
2026-08-29,  203,     2,   False,   302, 443.200,   11554,    112220,     2,    False,  True
2026-08-29,  204,     2,   False,    81, 124.100,    2347,     19226,     2,    False, False
2026-08-29,  205,     2,   False,   103, 214.300,    2109,     19029,     2,    False, False
2026-08-29,  206,     2,   False,   157, 443.200,    5990,     52504,     2,    False,  True
2026-08-29,  207,     2,   False,    51, 111.400,     980,      7679,     2,    False, False
2026-08-29,  208,     2,   False,   187, 147.100,   17730,    147563,     2,    False, False
2026-08-29,  209,     2,   False,   258, 443.200,   17305,    140594,     2,    False,  True
2026-08-29,  210,     2,   False,    90, 129.900,    3247,     24405,     2,    False, False
2026-08-29,  211,     2,   False,   142, 443.200,    4690,     39593,     2,    False,  True
2026-08-29,  212,     2,   False,   163, 443.200,    5141,     43816,     2,    False,  True
2026-08-29,  213,     2,   False,   195, 443.200,    6197,     58036,     2,    False,  True
2026-08-29,  214,     2,   False,   229, 443.200,    8683,     78089,     2,    False,  True
2026-08-29,  215,     2,   False,    49, 100.300,    1192,     10168,     2,    False, False
2026-08-29,  216,     2,   False,   169, 443.200,    7194,     64385,     2,    False,  True
2026-08-29,  217,     2,   False,   250, 443.200,   14773,    123296,     2,    False,  True
2026-08-29,  218,     2,   False,    46, 102.300,     751,      6350,     2,    False, False
2026-08-29,  219,     2,   False,   160, 443.200,    5336,     45628,     2,    False,  True
2026-08-29,  220,     2,   False,   166, 443.200,    4928,     43230,     2,    False,  True
2026-08-29,  221,     2,   False,    37,  49.000,     733,      6170,     2,    False, False
2026-08-29,  222,     2,   False,    62,  98.800,    1678,     12600,     2,    False, False
2026-08-29,  223,     2,   False,    59, 132.400,    1314,     10647,     2,    False, False
2026-08-29,  224,     2,   False,   139, 443.200,    3660,     34252,     2,    False,  True
2026-08-29,  225,     2,   False,    66, 141.900,    1319,     10933,     2,    False, False
2026-08-29,  226,     2,   False,   166, 190.000,   10435,     89527,     2,    False, False
2026-08-29,  227,     2,   False,   151, 443.200,    5597,     51371,     2,    False,  True
2026-08-29,  228,     2,   False,   123, 173.100,    4768,     39741,     2,    False, False
2026-08-29,  229,     2,   False,   126, 271.800,    6164,     57139,     2,    False, False
2026-08-29,  230,     2,   False,   116, 225.000,    3920,     34473,     2,    False, False
2026-08-29,  231,     2,   False,    54, 114.400,     921,      7608,     2,    False, False
2026-08-29,  232,     2,   False,   177, 443.200,    6198,     54624,     2,    False,  True
2026-08-29,  233,     2,   False,   102, 206.300,    2546,     23065,     2,    False, False
2026-08-29,  234,     2,   False,    71, 134.400,    1515,     12792,     2,    False, False
2026-08-29,  235,     2,   False,    87, 146.200,    3712,     34057,     2,    False, False
2026-08-29,  236,     2,   False,    41,  82.600,     859,      7321,     2,    False, False
2026-08-29,  237,     2,   False,   120, 177.300,    6122,     49487,     2,    False, False
2026-08-29,  238,     2,   False,    40,  70.700,     733,      5640,     2,    False, False
2026-08-29,  239,     2,   False,    47,  95.200,     954,      7834,     2,    False, False
2026-08-29,  240,     2,   False,   188, 443.200,    8624,     75375,     2,    False,  True
2026-08-29,  241,     2,   False,   288, 443.200,   21010,    185760,     2,    False,  True
2026-08-29,  242,     2,   False,   213, 443.200,    9976,     94438,     2,    False,  True
2026-08-29,  243,     2,   False,    95, 188.700,    1836,     16790,     2,    False, False
2026-08-29,  244,     2,   False,   204, 443.200,    7942,     71797,     2,    False,  True
2026-08-29,  245,     2,   False,   193, 229.800,   10654,    102572,     2,    False, False
2026-08-29,  246,     2,   False,   143, 443.200,    3920,     34406,     2,    False,  True
2026-08-29,  247,     2,   False,   162, 250.300,    7872,     69202,     2,    False, False
2026-08-29,  248,     2,   False,   215, 443.200,    9737,     92255,     2,    False,  True
2026-08-29,  249,     2,   False,    80, 143.100,    1813,     16537,     2,    False, False
2026-08-29,  250,     2,   False,    63, 144.300,    1378,     11054,     2,    False, False
2026-08-29,  251,     2,   False,    79, 133.300,    2195,     20037,     2,    False, False
2026-08-29,  252,     2,   False,   246, 443.200,   12269,    114531,     2,    False,  True
2026-08-29,  253,     2,   False,   302, 443.200,   12866,    113043,     2,    False,  True
2026-08-29,  254,     2,   False,    52,  96.300,     844,      7027,     2,    False, False
2026-08-29,  255,     2,   False,   147, 222.000,    5290,     47500,     2,    False, False
2026-08-29,  256,     2,   False,   269, 443.200,   13314,    125102,     2,    False,  True
2026-08-29,  257,     2,   False,   153, 229.700,    4028,     37440,     2,    False, False
2026-08-29,  258,     2,   False,   112, 183.600,    4561,     39865,     2,    False, False
2026-08-29,  259,     2,   False,    48,  78.500,     840,      6679,     2,    False, False
2026-08-29,  260,     2,   False,   276, 443.200,   11862,    106464,     2,    False,  True
2026-08-29,  261,     2,   False,    66, 151.300,    1208,      9664,     2,    False, False
2026-08-29,  262,     2,   False,   169, 443.200,    6016,     53382,     2,    False,  True
2026-08-29,  263,     2,   False,   152, 443.200,    5352,     46999,     2,    False,  True
2026-08-29,  264,     2,   False,   107, 171.700,    7339,     58663,     2,    False, False
2026-08-29,  265,     2,   False,   186, 443.200,    5472,     50757,     2,    False,  True
2026-08-29,  266,     2,   False,   141, 231.000,    5492,     46524,     2,    False, False
2026-08-29,  267,     2,   False,   275, 443.200,   13992,    126246,     2,    False,  True
2026-08-29,  268,     2,   False,   123, 159.600,    3452,     32144,     2,    False, False
2026-08-29,  269,     2,   False,   109, 163.300,    2904,     25263,     2,    False, False
2026-08-29,  270,     2,   False,   174, 443.200,    5362,     47972,     2,    False,  True
2026-08-29,  271,     2,   False,   130, 191.600,    5865,     49735,     2,    False, False
2026-08-29,  272,     2,   False,   184, 443.200,    5784,     52623,     2,    False,  True
2026-08-29,  273,     2,   False,   187, 443.200,    5350,     49067,     2,    False,  True
2026-08-29,  274,     2,   False,   172, 443.200,    5075,     46452,     2,    False,  True
2026-08-29,  275,     2,   False,    84, 120.400,    2391,     20544,     2,    False, False
2026-08-29,  276,     2,   False,   109, 176.100,    4142,     37522,     2,    False, False
2026-08-29,  277,     2,   False,    77, 132.600,    2103,     17802,     2,    False, False
2026-08-29,  278,     2,   False,   193, 443.200,    6022,     54663,     2,    False,  True
2026-08-29,  279,     2,   False,   216, 443.200,    9832,     87104,     2,    False,  True
2026-08-29,  280,     2,   False,   103, 206.800,    4288,     35575,     2,    False, False
2026-08-29,  281,     2,   False,   174, 443.200,    7175,     64996,     2,    False,  True
2026-08-29,  282,     2,   False,   173, 443.200,    5811,     49027,     2,    False,  True
2026-08-29,  283,     2,   False,   164, 443.200,    5429,     48938,     2,    False,  True
2026-08-29,  284,     2,   False,    58, 129.500,    1493,     11706,     2,    False, False
2026-08-29,  285,     2,   False,   170, 443.200,    7552,     65555,     2,    False,  True
2026-08-29,  286,     2,   False,    91, 175.200,    2440,     20373,     2,    False, False
2026-08-29,  287,     2,   False,   265, 443.200,    9686,     90317,     2,    False,  True
2026-08-29,  288,     2,   False,    54, 101.600,    1208,     10351,     2,    False, False
2026-08-29,  289,     2,   False,   120, 242.700,    2900,     24497,     2,    False, False
2026-08-29,  290,     2,   False,    87, 169.000,    1993,     18874,     2,    False, False
2026-08-29,  291,     2,   False,    96, 197.200,    3165,     26495,     2,    False, False
2026-08-29,  292,     2,   False,   107, 214.400,    6030,     50533,     2,    False, False
2026-08-29,  293,     2,   False,   142, 443.200,    3160,     27844,     2,    False,  True
2026-08-29,  294,     2,   False,   194, 443.200,    7168,     66036,     2,    False,  True
2026-08-29,  295,     2,   False,    72, 159.700,    1859,     14522,     2,    False, False
2026-08-29,  296,     2,   False,    61, 125.500,    1498,     11541,     2,    False, False
2026-08-29,  297,     2,   False,   191, 443.200,    5898,     51360,     2,    False,  True
2026-08-29,  298,     2,   False,    93, 229.000,    2170,     19864,     2,    False, False
2026-08-29,  299,     2,   False,   188, 443.200,    5294,     50232,     2,    False,  True
2026-08-29,  100,     2,   False,   231, 443.200,   25286,    310240,     3,    False,  True
2026-08-29,  101,     2,   False,   134, 225.000,    7530,     89717,     3,    False, False
2026-08-29,  102,     2,   False,   166, 443.200,   10834,    133241,     3,    False,  True
2026-08-29,  103,     2,   False,   186, 443.200,   15961,    191034,     3,    False,  True
2026-08-29,  104,     2,   False,    80, 193.400,    4033,     43840,     3,    False, False
2026-08-29,  105,     2,   False,    72, 156.600,    4325,     45273,     3,    False, False
2026-08-29,  106,     2,   False,   207, 443.200,   25775,    314757,     3,    False,  True
2026-08-29,  107,     2,   False,   180, 443.200,   13710,    169514,     3,    False,  True
2026-08-29,  108,     2,   False,    84, 181.700,    4324,     51436,     3,    False, False
2026-08-29,  109,     2,   False,   329, 443.200,   28900,    328166,     3,    False,  True
2026-08-29,  110,     2,   False,    59, 143.000,    2897,     30889,     3,    False, False
2026-08-29,  111,     2,   False,    88, 183.000,    5648,     66295,     3,    False, False
2026-08-29,  112,     2,   False,   173, 443.200,   18434,    217601,     3,    False,  True
2026-08-29,  113,     2,   False,    75, 158.400,    5171,     53687,     3,    False, False
2026-08-29,  114,     2,   False,   279, 443.200,   31916,    401680,     3,    False,  True
2026-08-29,  115,     2,   False,   282, 443.200,   78855,   1037508,     3,    False,  True
2026-08-29,  116,     2,   False,    89, 190.800,    4359,     48825,     3,    False, False
2026-08-29,  117,     2,   False,   197, 443.200,   22579,    269525,     3,    False,  True
2026-08-29,  118,     2,   False,    95, 123.400,    9756,    104155,     3,    False, False
2026-08-29,  119,     2,   False,    72, 141.400,    2997,     31269,     3,    False, False
2026-08-29,  120,     2,   False,   158, 443.200,   14530,    179593,     3,    False,  True
2026-08-29,  121,     2,   False,   189, 443.200,   13455,    161306,     3,    False,  True
2026-08-29,  122,     2,   False,   129, 180.900,    9477,    113147,     3,    False, False
2026-08-29,  123,     2,   False,   171, 443.200,   15738,    181730,     3,    False,  True
2026-08-29,  124,     2,   False,    83, 149.500,    3552,     40150,     3,    False, False
2026-08-29,  125,     2,   False,   209, 443.200,   22070,    292342,     3,    False,  True
2026-08-29,  126,     2,   False,    74, 140.800,    3483,     39713,     3,    False, False
2026-08-29,  127,     2,   False,   126, 443.200,    7251,     85113,     3,    False,  True
2026-08-29,  128,     2,   False,   159, 443.200,   11540,    146001,     3,    False,  True
2026-08-29,  129,     2,   False,   265, 443.200,   37649,    428521,     3,    False,  True
2026-08-29,  130,     2,   False,    61, 138.800,    2446,     25391,     3,    False, False
2026-08-29,  131,     2,   False,    81, 170.000,    4364,     49516,     3,    False, False
2026-08-29,  132,     2,   False,   199, 443.200,   21889,    261362,     3,    False,  True
2026-08-29,  133,     2,   False,   181, 443.200,   23474,    268905,     3,    False,  True
2026-08-29,  134,     2,   False,    84, 175.600,    4903,     59718,     3,    False, False
2026-08-29,  135,     2,   False,   174, 443.200,   20908,    244575,     3,    False,  True
2026-08-29,  136,     2,   False,    61, 118.600,    4123,     41494,     3,    False, False
2026-08-29,  137,     2,   False,   270, 443.200,   38121,    461949,     3,    False,  True
2026-08-29,  138,     2,   False,   183, 443.200,   11370,    145076,     3,    False,  True
2026-08-29,  139,     2,   False,   135, 443.200,    9696,    109723,     3,    False,  True
2026-08-29,  140,     2,   False,   164, 443.200,   17550,    235583,     3,    False,  True
2026-08-29,  141,     2,   False,   166, 200.100,   26982,    295375,     3,    False, False
2026-08-29,  142,     2,   False,   275, 443.200,   28493,    328518,     3,    False,  True
2026-08-29,  143,     2,   False,   277, 443.200,   42090,    536369,     3,    False,  True
2026-08-29,  144,     2,   False,   153, 443.200,    6925,     82120,     3,    False,  True
2026-08-29,  145,     2,   False,   249, 443.200,   26204,    324895,     3,    False,  True
2026-08-29,  146,     2,   False,    51,  84.800,    2334,     25253,     3,    False, False
2026-08-29,  147,     2,   False,   173, 443.200,   12198,    154593,     3,    False,  True
2026-08-29,  148,     2,   False,   173, 443.200,   21957,    236212,     3,    False,  True
2026-08-29,  149,     2,   False,   209, 443.200,   16936,    210476,     3,    False,  True
2026-08-29,  150,     2,   False,   140, 443.200,    7504,     90571,     3,    False,  True
2026-08-29,  151,     2,   False,    96, 182.400,   11150,    123505,     3,    False, False
2026-08-29,  152,     2,   False,   264, 443.200,   25562,    319196,     3,    False,  True
2026-08-29,  153,     2,   False,   118, 218.700,   10104,    111271,     3,    False, False
2026-08-29,  154,     2,   False,   222, 443.200,   29888,    339091,     3,    False,  True
2026-08-29,  155,     2,   False,   157, 443.200,    7605,     92692,     3,    False,  True
2026-08-29,  156,     2,   False,   196, 443.200,   15299,    184907,     3,    False,  True
2026-08-29,  157,     2,   False,   150, 443.200,    7483,     87655,     3,    False,  True
2026-08-29,  158,     2,   False,   178, 443.200,   14962,    186121,     3,    False,  True
2026-08-29,  159,     2,   False,   107, 255.100,    4416,     48629,     3,    False, False
2026-08-29,  160,     2,   False,   435, 443.200,  155327,   1974985,     3,    False,  True
2026-08-29,  161,     2,   False,    58,  94.000,    3038,     32241,     3,    False, False
2026-08-29,  162,     2,   False,    54,  92.100,    2337,     24871,     3,    False, False
2026-08-29,  163,     2,   False,    82, 177.200,    4333,     50051,     3,    False, False
2026-08-29,  164,     2,   False,   175, 152.000,   28500,    329354,     3,    False, False
2026-08-29,  165,     2,   False,    46,  90.400,    3070,     32607,     3,    False, False
2026-08-29,  166,     2,   False,    79, 153.400,    3056,     34458,     3,    False, False
2026-08-29,  167,     2,   False,   314, 443.200,   87637,   1097881,     3,    False,  True
2026-08-29,  168,     2,   False,   223, 443.200,   21357,    261132,     3,    False,  True
2026-08-29,  169,     2,   False,   211, 443.200,   19397,    248560,     3,    False,  True
2026-08-29,  170,     2,   False,    71, 102.500,    5242,     57450,     3,    False, False
2026-08-29,  171,     2,   False,    76, 154.400,    2877,     31785,     3,    False, False
2026-08-29,  172,     2,   False,    63, 137.400,    2557,     26982,     3,    False, False
2026-08-29,  173,     2,   False,   172, 443.200,    8331,     98046,     3,    False,  True
2026-08-29,  174,     2,   False,   171, 443.200,   11166,    131905,     3,    False,  True
2026-08-29,  175,     2,   False,   138, 229.900,   11216,    129348,     3,    False, False
2026-08-29,  176,     2,   False,    65, 158.000,    4648,     51539,     3,    False, False
2026-08-29,  177,     2,   False,   134, 241.900,    4995,     68217,     3,    False, False
2026-08-29,  178,     2,   False,   165, 443.200,   10477,    123699,     3,    False,  True
2026-08-29,  179,     2,   False,    57,  94.000,    2883,     30170,     3,    False, False
2026-08-29,  180,     2,   False,   156, 443.200,   10648,    115185,     3,    False,  True
2026-08-29,  181,     2,   False,   156, 443.200,    7682,     91892,     3,    False,  True
2026-08-29,  182,     2,   False,    56, 108.600,    1687,     19682,     3,    False, False
2026-08-29,  183,     2,   False,   138, 167.000,   28153,    332805,     3,    False, False
2026-08-29,  184,     2,   False,   196, 203.800,   17443,    201486,     3,    False, False
2026-08-29,  185,     2,   False,   227, 443.200,   20876,    250296,     3,    False,  True
2026-08-29,  186,     2,   False,    83, 142.800,    4010,     49170,     3,    False, False
2026-08-29,  187,     2,   False,   481, 443.200,   89497,   1223885,     3,    False,  True
2026-08-29,  188,     2,   False,   155, 443.200,    9155,    106645,     3,    False,  True
2026-08-29,  189,     2,   False,    74, 144.500,    3447,     36891,     3,    False, False
2026-08-29,  190,     2,   False,   204, 443.200,   20163,    240916,     3,    False,  True
2026-08-29,  191,     2,   False,   164, 443.200,   25671,    299856,     3,    False,  True
2026-08-29,  192,     2,   False,   287, 225.100,  103563,   1213867,     3,    False, False
2026-08-29,  193,     2,   False,    50, 106.100,    2515,     25932,     3,    False, False
2026-08-29,  194,     2,   False,   167, 443.200,    9845,    121502,     3,    False,  True
2026-08-29,  195,     2,   False,    95, 189.100,    3779,     40763,     3,    False, False
2026-08-29,  196,     2,   False,     1,   6.000,       2,        24,     3,    False, False
2026-08-29,  197,     2,   False,    72, 151.100,    3315,     33084,     3,    False, False
2026-08-29,  198,     2,   False,   208, 443.200,   18354,    224707,     3,    False,  True
2026-08-29,  199,     2,   False,    54, 110.000,    1750,     18643,     3,    False, False
2026-08-29,  200,     2,   False,   187, 443.200,   17466,    214860,     3,    False,  True
2026-08-29,  201,     2,   False,    73, 139.400,    5110,     52741,     3,    False, False
2026-08-29,  202,     2,   False,    66, 130.000,    1777,     20715,     3,    False, False
2026-08-29,  203,     2,   False,    99, 209.600,    6796,     75528,     3,    False, False
2026-08-29,  204,     2,   False,   161, 443.200,   17044,    198355,     3,    False,  True
2026-08-29,  205,     2,   False,   102, 214.300,    4348,     51010,     3,    False, False
2026-08-29,  206,     2,   False,   183, 443.200,   19467,    233974,     3,    False,  True
2026-08-29,  207,     2,   False,    55, 107.600,    2537,     26809,     3,    False, False
2026-08-29,  208,     2,   False,   388, 443.200,   97020,   1157235,     3,    False,  True
2026-08-29,  209,     2,   False,   291, 443.200,   52328,    594211,     3,    False,  True
2026-08-29,  210,     2,   False,    67, 122.000,    2938,     30414,     3,    False, False
2026-08-29,  211,     2,   False,   188, 443.200,   20876,    252364,     3,    False,  True
2026-08-29,  212,     2,   False,   140, 443.200,    7994,     97712,     3,    False,  True
2026-08-29,  213,     2,   False,    89, 144.900,    4339,     48344,     3,    False, False
2026-08-29,  214,     2,   False,   211, 443.200,   23576,    287384,     3,    False,  True
2026-08-29,  215,     2,   False,    52,  98.700,    2673,     29677,     3,    False, False
2026-08-29,  216,     2,   False,   194, 443.200,   17884,    224402,     3,    False,  True
2026-08-29,  217,     2,   False,   144, 443.200,    9395,    107170,     3,    False,  True
2026-08-29,  218,     2,   False,   169, 443.200,    7262,     88886,     3,    False,  True
2026-08-29,  219,     2,   False,   177, 443.200,   18482,    221605,     3,    False,  True
2026-08-29,  220,     2,   False,   167, 443.200,    9231,    109707,     3,    False,  True
2026-08-29,  221,     2,   False,    38,  52.900,    1478,     15914,     3,    False, False
2026-08-29,  222,     2,   False,    91, 149.900,    5063,     56113,     3,    False, False
2026-08-29,  223,     2,   False,   244, 443.200,   23137,    268801,     3,    False,  True
2026-08-29,  224,     2,   False,   141, 443.200,    7286,     93603,     3,    False,  True
2026-08-29,  225,     2,   False,    72, 159.400,    2790,     32549,     3,    False, False
2026-08-29,  226,     2,   False,   174, 251.600,   24004,    273340,     3,    False, False
2026-08-29,  227,     2,   False,    47,  86.700,    2222,     25219,     3,    False, False
2026-08-29,  228,     2,   False,   194, 443.200,   15246,    170373,     3,    False,  True
2026-08-29,  229,     2,   False,    87, 217.700,    4651,     55910,     3,    False, False
2026-08-29,  230,     2,   False,   122, 193.700,   10085,    119272,     3,    False, False
2026-08-29,  231,     2,   False,    59, 118.400,    2414,     27963,     3,    False, False
2026-08-29,  232,     2,   False,   112, 258.000,    5416,     63870,     3,    False, False
2026-08-29,  233,     2,   False,   283, 443.200,   29466,    357379,     3,    False,  True
2026-08-29,  234,     2,   False,   959, 443.200,  142655,   2267247,     3,    False,  True
2026-08-29,  235,     2,   False,   146, 443.200,    5204,     61303,     3,    False,  True
2026-08-29,  236,     2,   False,    63, 142.200,    2554,     27593,     3,    False, False
2026-08-29,  237,     2,   False,    76, 100.300,    4362,     49579,     3,    False, False
2026-08-29,  238,     2,   False,    49,  88.800,    2255,     24628,     3,    False, False
2026-08-29,  239,     2,   False,    63, 131.500,    3929,     41768,     3,    False, False
2026-08-29,  240,     2,   False,   153, 443.200,   10684,    135897,     3,    False,  True
2026-08-29,  241,     2,   False,   299, 443.200,   47509,    569592,     3,    False,  True
2026-08-29,  242,     2,   False,   153, 443.200,   12417,    151766,     3,    False,  True
2026-08-29,  243,     2,   False,    66, 132.800,    2774,     28788,     3,    False, False
2026-08-29,  244,     2,   False,   186, 305.900,   13841,    165820,     3,    False, False
2026-08-29,  245,     2,   False,   137, 443.200,    7741,     97002,     3,    False,  True
2026-08-29,  246,     2,   False,   145, 443.200,    7844,     87657,     3,    False,  True
2026-08-29,  247,     2,   False,   178, 443.200,   11605,    146765,     3,    False,  True
2026-08-29,  248,     2,   False,    60, 132.400,    1837,     21710,     3,    False, False
2026-08-29,  249,     2,   False,    96, 175.500,    4781,     57091,     3,    False, False
2026-08-29,  250,     2,   False,    98, 162.500,    7628,     83709,     3,    False, False
2026-08-29,  251,     2,   False,    81, 118.000,    4931,     53722,     3,    False, False
2026-08-29,  252,     2,   False,   123, 205.400,   11073,    128906,     3,    False, False
2026-08-29,  253,     2,   False,   273, 443.200,   22584,    276435,     3,    False,  True
2026-08-29,  254,     2,   False,   214, 443.200,   21788,    264258,     3,    False,  True
2026-08-29,  255,     2,   False,   139, 250.800,    7834,    103586,     3,    False, False
2026-08-29,  256,     2,   False,   107, 173.500,    8535,     96975,     3,    False, False
2026-08-29,  257,     2,   False,   196, 443.200,   19761,    244597,     3,    False,  True
2026-08-29,  258,     2,   False,   153, 443.200,    6906,     78747,     3,    False,  True
2026-08-29,  259,     2,   False,   184, 443.200,   20200,    234981,     3,    False,  True
2026-08-29,  260,     2,   False,   198, 443.200,   26218,    292762,     3,    False,  True
2026-08-29,  261,     2,   False,   131, 443.200,    7616,     92647,     3,    False,  True
2026-08-29,  262,     2,   False,    71, 157.400,    2709,     28000,     3,    False, False
2026-08-29,  263,     2,   False,   141, 443.200,   10182,    124067,     3,    False,  True
2026-08-29,  264,     2,   False,   201, 443.200,   22856,    260929,     3,    False,  True
2026-08-29,  265,     2,   False,    98, 197.000,    5275,     58756,     3,    False, False
2026-08-29,  266,     2,   False,   143, 197.800,   12826,    140484,     3,    False, False
2026-08-29,  267,     2,   False,   196, 443.200,   12276,    149384,     3,    False,  True
2026-08-29,  268,     2,   False,    70,  82.800,    3947,     43447,     3,    False, False
2026-08-29,  269,     2,   False,   101, 169.200,    4354,     48479,     3,    False, False
2026-08-29,  270,     2,   False,   150, 443.200,    9095,    104131,     3,    False,  True
2026-08-29,  271,     2,   False,   127, 251.700,    7886,     89701,     3,    False, False
2026-08-29,  272,     2,   False,   156, 443.200,    9964,    115323,     3,    False,  True
2026-08-29,  273,     2,   False,   165, 443.200,   14447,    176778,     3,    False,  True
2026-08-29,  274,     2,   False,   253, 443.200,   32923,    381010,     3,    False,  True
2026-08-29,  275,     2,   False,    83, 122.400,    5534,     59253,     3,    False, False
2026-08-29,  276,     2,   False,   114, 262.300,    6966,     78198,     3,    False, False
2026-08-29,  277,     2,   False,    96, 166.800,    4387,     50809,     3,    False, False
2026-08-29,  278,     2,   False,   185, 443.200,   14943,    179801,     3,    False,  True
2026-08-29,  279,     2,   False,   187, 223.300,   27051,    328641,     3,    False, False
2026-08-29,  280,     2,   False,   115, 225.900,   10556,    118673,     3,    False, False
2026-08-29,  281,     2,   False,   226, 443.200,   25077,    319221,     3,    False,  True
2026-08-29,  282,     2,   False,    99, 148.200,    6788,     75084,     3,    False, False
2026-08-29,  283,     2,   False,   133, 227.200,   11675,    136020,     3,    False, False
2026-08-29,  284,     2,   False,   243, 443.200,   55752,    691124,     3,    False,  True
2026-08-29,  285,     2,   False,   173, 443.200,   15855,    188153,     3,    False,  True
2026-08-29,  286,     2,   False,    97, 219.200,    4175,     46285,     3,    False, False
2026-08-29,  287,     2,   False,   225, 443.200,   16036,    201300,     3,    False,  True
2026-08-29,  288,     2,   False,    65, 124.800,    2883,     31419,     3,    False, False
2026-08-29,  289,     2,   False,    40,  68.900,    1050,     12102,     3,    False, False
2026-08-29,  290,     2,   False,    54, 106.700,    1604,     18050,     3,    False, False
2026-08-29,  291,     2,   False,   164, 443.200,   12482,    142756,     3,    False,  True
2026-08-29,  292,     2,   False,    66, 155.700,    3395,     36290,     3,    False, False
2026-08-29,  293,     2,   False,   149, 443.200,   12622,    144748,     3,    False,  True
2026-08-29,  294,     2,   False,   194, 443.200,   15434,    199414,     3,    False,  True
2026-08-29,  295,     2,   False,    73, 165.300,    4427,     45584,     3,    False, False
2026-08-29,  296,     2,   False,    71, 154.200,    3954,     42258,     3,    False, False
2026-08-29,  297,     2,   False,   183, 443.200,   13318,    157640,     3,    False,  True
2026-08-29,  298,     2,   False,   265, 443.200,   26574,    339647,     3,    False,  True
2026-08-29,  299,     2,   False,   238, 443.200,   16301,    201609,     3,    False,  True
2026-08-29,  100,     2,   False,   353, 443.200,  111327,   1906195,     4,    False,  True
2026-08-29,  101,     2,   False,   290, 443.200,   95919,   1466434,     4,    False,  True
2026-08-29,  102,     2,   False,   161, 443.200,   23502,    389413,     4,    False,  True
2026-08-29,  103,     2,   False,   174, 443.200,   27875,    460535,     4,    False,  True
2026-08-29,  104,     2,   False,    79, 195.800,    5202,     73936,     4,    False, False
2026-08-29,  105,     2,   False,   145, 443.200,   27929,    421436,     4,    False,  True
2026-08-29,  106,     2,   False,   253, 443.200,   52826,    927293,     4,    False,  True
2026-08-29,  107,     2,   False,   191, 443.200,   38475,    598284,     4,    False,  True
2026-08-29,  108,     2,   False,    70, 118.400,    3806,     50660,     4,    False, False
2026-08-29,  109,     2,   False,   369, 443.200,   46974,    666178,     4,    False,  True
2026-08-29,  110,     2,   False,    83, 178.400,    7325,    114002,     4,    False, False
2026-08-29,  111,     2,   False,   110, 175.700,   19651,    270844,     4,    False, False
2026-08-29,  112,     2,   False,   250, 443.200,   79795,   1235982,     4,    False,  True
2026-08-29,  113,     2,   False,   108, 287.700,   12581,    178624,     4,    False, False
2026-08-29,  114,     2,   False,   291, 443.200,   87533,   1438300,     4,    False,  True
2026-08-29,  115,     2,   False,   260, 443.200,  119921,   1835988,     4,    False,  True
2026-08-29,  116,     2,   False,    97, 158.900,    7047,    104945,     4,    False, False
2026-08-29,  117,     2,   False,   182, 443.200,   31008,    457958,     4,    False,  True
2026-08-29,  118,     2,   False,    67,  99.000,    8567,    115552,     4,    False, False
2026-08-29,  119,     2,   False,    86, 187.900,    6078,     83337,     4,    False, False
2026-08-29,  120,     2,   False,   150, 279.200,   28041,    438152,     4,    False, False
2026-08-29,  121,     2,   False,   165, 443.200,   29632,    478009,     4,    False,  True
2026-08-29,  122,     2,   False,   117, 218.800,   16161,    237843,     4,    False, False
2026-08-29,  123,     2,   False,    61, 148.800,    8308,    114075,     4,    False, False
2026-08-29,  124,     2,   False,   152, 443.200,   12965,    194625,     4,    False,  True
2026-08-29,  125,     2,   False,   223, 443.200,   51674,    851770,     4,    False,  True
2026-08-29,  126,     2,   False,    55, 116.600,    4408,     65286,     4,    False, False
2026-08-29,  127,     2,   False,   128, 443.200,   20240,    310153,     4,    False,  True
2026-08-29,  128,     2,   False,   185, 443.200,   38618,    662931,     4,    False,  True
2026-08-29,  129,     2,   False,   161, 183.500,   55682,    766144,     4,    False, False
2026-08-29,  130,     2,   False,    51, 127.500,    2903,     38176,     4,    False, False
2026-08-29,  131,     2,   False,    84, 170.600,   10149,    135866,     4,    False, False
2026-08-29,  132,     2,   False,   176, 443.200,   29695,    456542,     4,    False,  True
2026-08-29,  133,     2,   False,   153, 443.200,   66571,   1024370,     4,    False,  True
2026-08-29,  134,     2,   False,   155, 443.200,   13592,    217728,     4,    False,  True
2026-08-29,  135,     2,   False,   180, 443.200,   38867,    617688,     4,    False,  True
2026-08-29,  136,     2,   False,   192, 443.200,   38000,    589616,     4,    False,  True
2026-08-29,  137,     2,   False,   117, 204.100,   21051,    302896,     4,    False, False
2026-08-29,  138,     2,   False,   154, 443.200,   18979,    323214,     4,    False,  True
2026-08-29,  139,     2,   False,   137, 443.200,   24346,    389553,     4,    False,  True
2026-08-29,  140,     2,   False,   226, 443.200,   77194,   1267565,     4,    False,  True
2026-08-29,  141,     2,   False,   275, 443.200,   70220,   1019108,     4,    False,  True
2026-08-29,  142,     2,   False,   303, 443.200,   97552,   1603517,     4,    False,  True
2026-08-29,  143,     2,   False,   537, 443.200,  487845,   8567278,     4,    False,  True
2026-08-29,  144,     2,   False,   129, 222.200,   27285,    362644,     4,    False, False
2026-08-29,  145,     2,   False,   295, 443.200,   57610,    976834,     4,    False,  True
2026-08-29,  146,     2,   False,    50,  81.700,    3551,     46597,     4,    False, False
2026-08-29,  147,     2,   False,   178, 443.200,   34025,    538092,     4,    False,  True
2026-08-29,  148,     2,   False,   191, 443.200,   50648,    741217,     4,    False,  True
2026-08-29,  149,     2,   False,   195, 443.200,   31243,    518118,     4,    False,  True
2026-08-29,  150,     2,   False,   153, 443.200,   14972,    234820,     4,    False,  True
2026-08-29,  151,     2,   False,    91, 214.400,    6651,     96333,     4,    False, False
2026-08-29,  152,     2,   False,   108, 203.600,   25750,    424231,     4,    False, False
2026-08-29,  153,     2,   False,   174, 443.200,   26929,    393018,     4,    False,  True
2026-08-29,  154,     2,   False,   237, 443.200,   59752,    884527,     4,    False,  True
2026-08-29,  155,     2,   False,   205, 443.200,   55430,    878861,     4,    False,  True
2026-08-29,  156,     2,   False,   207, 443.200,   51853,    852252,     4,    False,  True
2026-08-29,  157,     2,   False,   147, 443.200,   11730,    178091,     4,    False,  True
2026-08-29,  158,     2,   False,   116, 221.300,   13609,    213370,     4,    False, False
2026-08-29,  159,     2,   False,   148, 443.200,   23768,    344532,     4,    False,  True
2026-08-29,  160,     2,   False,   250, 443.200,   74856,   1162806,     4,    False,  True
2026-08-29,  161,     2,   False,    81, 152.600,   12712,    171882,     4,    False, False
2026-08-29,  162,     2,   False,    60,  93.100,    6917,     92133,     4,    False, False
2026-08-29,  163,     2,   False,   115, 198.800,   17560,    253477,     4,    False, False
2026-08-29,  164,     2,   False,   193, 181.800,   65044,    992043,     4,    False, False
2026-08-29,  165,     2,   False,   227, 294.600,   66541,   1014828,     4,    False, False
2026-08-29,  166,     2,   False,   127, 209.600,   14159,    207058,     4,    False, False
2026-08-29,  167,     2,   False,   238, 443.200,   45385,    734253,     4,    False,  True
2026-08-29,  168,     2,   False,   186, 443.200,   38024,    559959,     4,    False,  True
2026-08-29,  169,     2,   False,   187, 443.200,   26390,    425901,     4,    False,  True
2026-08-29,  170,     2,   False,    94, 108.100,   13439,    180603,     4,    False, False
2026-08-29,  171,     2,   False,   105, 144.600,   12315,    182067,     4,    False, False
2026-08-29,  172,     2,   False,    65, 143.700,    4737,     66758,     4,    False, False
2026-08-29,  173,     2,   False,    76, 181.100,    7388,    101590,     4,    False, False
2026-08-29,  174,     2,   False,   236, 443.200,   57501,    867916,     4,    False,  True
2026-08-29,  175,     2,   False,   202, 443.200,   27608,    392810,     4,    False,  True
2026-08-29,  176,     2,   False,    73, 173.200,    9740,    131524,     4,    False, False
2026-08-29,  177,     2,   False,   133, 173.200,   20318,    302045,     4,    False, False
2026-08-29,  178,     2,   False,   192, 443.200,   45835,    724102,     4,    False,  True
2026-08-29,  179,     2,   False,    44,  56.700,    4444,     57810,     4,    False, False
2026-08-29,  180,     2,   False,   130, 443.200,   13529,    195569,     4,    False,  True
2026-08-29,  181,     2,   False,   209, 268.300,   55103,    857776,     4,    False, False
2026-08-29,  182,     2,   False,    59, 112.100,    3041,     41598,     4,    False, False
2026-08-29,  183,     2,   False,   186, 443.200,   33788,    577894,     4,    False,  True
2026-08-29,  184,     2,   False,   269, 443.200,  104997,   1705018,     4,    False,  True
2026-08-29,  185,     2,   False,   258, 443.200,   44615,    713578,     4,    False,  True
2026-08-29,  186,     2,   False,    76, 119.200,    6673,     98333,     4,    False, False
2026-08-29,  187,     2,   False,   582, 443.200,  242936,   4435740,     4,    False,  True
2026-08-29,  188,     2,   False,   144, 443.200,   15523,    227756,     4,    False,  True
2026-08-29,  189,     2,   False,   155, 443.200,   16190,    265195,     4,    False,  True
2026-08-29,  190,     2,   False,   188, 443.200,   38344,    617212,     4,    False,  True
2026-08-29,  191,     2,   False,   276, 443.200,  102714,   1690698,     4,    False,  True
2026-08-29,  192,     2,   False,   240, 443.200,   66771,    980249,     4,    False,  True
2026-08-29,  193,     2,   False,    49,  78.200,    3994,     57627,     4,    False, False
2026-08-29,  194,     2,   False,   112, 231.000,   22119,    330649,     4,    False, False
2026-08-29,  195,     2,   False,   177, 443.200,   23120,    376001,     4,    False,  True
2026-08-29,  196,     2,   False,     1,   6.000,       2,        25,     4,    False, False
2026-08-29,  197,     2,   False,   113, 242.900,   19641,    276569,     4,    False, False
2026-08-29,  198,     2,   False,   247, 263.500,  243966,   3428424,     4,    False, False
2026-08-29,  199,     2,   False,    71, 146.300,    6083,     91782,     4,    False, False
2026-08-29,  200,     2,   False,   210, 443.200,   38770,    634269,     4,    False,  True
2026-08-29,  201,     2,   False,    60, 139.400,   12052,    166958,     4,    False, False
2026-08-29,  202,     2,   False,    55, 104.400,    2630,     36771,     4,    False, False
2026-08-29,  203,     2,   False,    86, 138.600,   10176,    138379,     4,    False, False
2026-08-29,  204,     2,   False,   172, 443.200,   71981,   1054606,     4,    False,  True
2026-08-29,  205,     2,   False,   186, 443.200,   17272,    269171,     4,    False,  True
2026-08-29,  206,     2,   False,   278, 443.200,   84133,   1336634,     4,    False,  True
2026-08-29,  207,     2,   False,    51,  97.500,    4453,     62309,     4,    False, False
2026-08-29,  208,     2,   False,   414, 443.200,  220985,   3642093,     4,    False,  True
2026-08-29,  209,     2,   False,   361, 443.200,  138861,   2038943,     4,    False,  True
2026-08-29,  210,     2,   False,    68, 125.800,    7509,    100229,     4,    False, False
2026-08-29,  211,     2,   False,   178, 443.200,   37095,    582646,     4,    False,  True
2026-08-29,  212,     2,   False,   160, 443.200,   24245,    374814,     4,    False,  True
2026-08-29,  213,     2,   False,    90, 163.000,    8691,    121263,     4,    False, False
2026-08-29,  214,     2,   False,   196, 443.200,   41141,    641614,     4,    False,  True
2026-08-29,  215,     2,   False,    50,  96.600,    7754,    111578,     4,    False, False
2026-08-29,  216,     2,   False,   192, 443.200,   50636,    808997,     4,    False,  True
2026-08-29,  217,     2,   False,   174, 443.200,   26802,    404631,     4,    False,  True
2026-08-29,  218,     2,   False,   162, 443.200,   18654,    296748,     4,    False,  True
2026-08-29,  219,     2,   False,   177, 443.200,   44529,    681483,     4,    False,  True
2026-08-29,  220,     2,   False,   155, 443.200,   28721,    438842,     4,    False,  True
2026-08-29,  221,     2,   False,    38,  52.900,    2795,     37246,     4,    False, False
2026-08-29,  222,     2,   False,    94, 152.300,    8083,    113277,     4,    False, False
2026-08-29,  223,     2,   False,   174, 169.100,   27785,    413459,     4,    False, False
2026-08-29,  224,     2,   False,   130, 443.200,   15092,    235689,     4,    False,  True
2026-08-29,  225,     2,   False,    59, 129.500,    4556,     68076,     4,    False, False
2026-08-29,  226,     2,   False,   175, 190.800,   48869,    726725,     4,    False, False
2026-08-29,  227,     2,   False,   118, 229.100,   32101,    485613,     4,    False, False
2026-08-29,  228,     2,   False,   186, 443.200,   26647,    390613,     4,    False,  True
2026-08-29,  229,     2,   False,   103, 245.100,    9218,    126681,     4,    False, False
2026-08-29,  230,     2,   False,   175, 443.200,   23159,    356993,     4,    False,  True
2026-08-29,  231,     2,   False,    58, 115.500,    5086,     75117,     4,    False, False
2026-08-29,  232,     2,   False,   154, 443.200,   12083,    180714,     4,    False,  True
2026-08-29,  233,     2,   False,   119, 216.600,   24121,    355037,     4,    False, False
2026-08-29,  234,     2,   False,   254, 443.200,   79851,   1255574,     4,    False,  True
2026-08-29,  235,     2,   False,   140, 206.600,   16872,    244182,     4,    False, False
2026-08-29,  236,     2,   False,    62, 142.200,    4916,     75709,     4,    False, False
2026-08-29,  237,     2,   False,    78, 128.700,    5156,     70826,     4,    False, False
2026-08-29,  238,     2,   False,    72, 140.900,    5442,     75724,     4,    False, False
2026-08-29,  239,     2,   False,   134, 196.300,   20573,    319282,     4,    False, False
2026-08-29,  240,     2,   False,   175, 443.200,   33160,    510295,     4,    False,  True
2026-08-29,  241,     2,   False,   337, 443.200,  125670,   1973365,     4,    False,  True
2026-08-29,  242,     2,   False,   141, 443.200,   35829,    554861,     4,    False,  True
2026-08-29,  243,     2,   False,    87, 207.600,   18645,    277296,     4,    False, False
2026-08-29,  244,     2,   False,   457, 443.200,  155612,   2374843,     4,    False,  True
2026-08-29,  245,     2,   False,   173, 443.200,   58468,    905770,     4,    False,  True
2026-08-29,  246,     2,   False,    79, 175.000,    7059,    102369,     4,    False, False
2026-08-29,  247,     2,   False,   178, 443.200,   27566,    472224,     4,    False,  True
2026-08-29,  248,     2,   False,   159, 443.200,   35430,    567345,     4,    False,  True
2026-08-29,  249,     2,   False,   150, 443.200,   12555,    202258,     4,    False,  True
2026-08-29,  250,     2,   False,    78, 174.400,    4999,     74507,     4,    False, False
2026-08-29,  251,     2,   False,    64, 107.300,    7760,    102878,     4,    False, False
2026-08-29,  252,     2,   False,   147, 443.200,   23655,    351623,     4,    False,  True
2026-08-29,  253,     2,   False,   282, 443.200,   65455,   1067626,     4,    False,  True
2026-08-29,  254,     2,   False,   158, 443.200,   29584,    489583,     4,    False,  True
2026-08-29,  255,     2,   False,   275, 443.200,   69846,   1095815,     4,    False,  True
2026-08-29,  256,     2,   False,   200, 443.200,   32193,    503980,     4,    False,  True
2026-08-29,  257,     2,   False,   223, 443.200,   53966,    837718,     4,    False,  True
2026-08-29,  258,     2,   False,   151, 443.200,   12354,    174977,     4,    False,  True
2026-08-29,  259,     2,   False,   180, 443.200,   27280,    429720,     4,    False,  True
2026-08-29,  260,     2,   False,   164, 443.200,   32137,    513458,     4,    False,  True
2026-08-29,  261,     2,   False,    93, 198.400,   12654,    186192,     4,    False, False
2026-08-29,  262,     2,   False,   116, 273.200,   15144,    219604,     4,    False, False
2026-08-29,  263,     2,   False,   148, 443.200,   23530,    366311,     4,    False,  True
2026-08-29,  264,     2,   False,   145, 213.100,   29740,    417873,     4,    False, False
2026-08-29,  265,     2,   False,    75, 195.600,    8156,    121855,     4,    False, False
2026-08-29,  266,     2,   False,   189, 203.400,   34630,    486849,     4,    False, False
2026-08-29,  267,     2,   False,   222, 443.200,   41633,    616631,     4,    False,  True
2026-08-29,  268,     2,   False,    85, 117.100,    8704,    121603,     4,    False, False
2026-08-29,  269,     2,   False,    97, 152.500,    6885,     95564,     4,    False, False
2026-08-29,  270,     2,   False,   194, 443.200,   29509,    433293,     4,    False,  True
2026-08-29,  271,     2,   False,   292, 443.200,   50051,    795929,     4,    False,  True
2026-08-29,  272,     2,   False,   154, 443.200,   22633,    333277,     4,    False,  True
2026-08-29,  273,     2,   False,   167, 443.200,   27476,    420985,     4,    False,  True
2026-08-29,  274,     2,   False,   198, 443.200,   61268,    988561,     4,    False,  True
2026-08-29,  275,     2,   False,    55,  94.400,    7779,    106917,     4,    False, False
2026-08-29,  276,     2,   False,    81, 140.000,    8506,    121871,     4,    False, False
2026-08-29,  277,     2,   False,    93, 189.000,    9607,    154877,     4,    False, False
2026-08-29,  278,     2,   False,   255, 443.200,   73640,   1204626,     4,    False,  True
2026-08-29,  279,     2,   False,   132, 216.000,   33808,    500492,     4,    False, False
2026-08-29,  280,     2,   False,   118, 224.600,   23961,    342950,     4,    False, False
2026-08-29,  281,     2,   False,   181, 443.200,   33290,    566201,     4,    False,  True
2026-08-29,  282,     2,   False,    66,  98.900,    7819,    106496,     4,    False, False
2026-08-29,  283,     2,   False,   232, 443.200,   64455,   1019238,     4,    False,  True
2026-08-29,  284,     2,   False,    67, 108.200,   12137,    161742,     4,    False, False
2026-08-29,  285,     2,   False,   171, 443.200,   31478,    490344,     4,    False,  True
2026-08-29,  286,     2,   False,   152, 443.200,   12821,    191797,     4,    False,  True
2026-08-29,  287,     2,   False,   237, 443.200,   30862,    515351,     4,    False,  True
2026-08-29,  288,     2,   False,   154, 443.200,   27501,    462871,     4,    False,  True
2026-08-29,  289,     2,   False,    52,  83.300,    3936,     59439,     4,    False, False
2026-08-29,  290,     2,   False,    97, 169.200,    7695,    111898,     4,    False, False
2026-08-29,  291,     2,   False,   111, 220.800,   20539,    307049,     4,    False, False
2026-08-29,  292,     2,   False,    65, 155.700,    5757,     84681,     4,    False, False
2026-08-29,  293,     2,   False,   155, 443.200,   18422,    277891,     4,    False,  True
2026-08-29,  294,     2,   False,   207, 443.200,   26984,    442434,     4,    False,  True
2026-08-29,  295,     2,   False,    73, 165.300,   11009,    151544,     4,    False, False
2026-08-29,  296,     2,   False,   158, 443.200,   24798,    380556,     4,    False,  True
2026-08-29,  297,     2,   False,   284, 443.200,   50658,    755559,     4,    False,  True
2026-08-29,  298,     2,   False,   208, 443.200,   24767,    382042,     4,    False,  True
2026-08-29,  299,     2,   False,   236, 443.200,   46515,    748314,     4,    False,  True
2026-08-29,  100,     2,   False,   370, 443.200,  239058,   5256347,     5,    False,  True
2026-08-29,  101,     2,   False,   289, 443.200,  183939,   3697738,     5,    False,  True
2026-08-29,  102,     2,   False,   135, 277.300,   42896,    740093,     5,    False, False
2026-08-29,  103,     2,   False,   194, 443.200,   57863,   1106760,     5,    False,  True
2026-08-29,  104,     2,   False,    79, 195.800,    7966,    149730,     5,    False, False
2026-08-29,  105,     2,   False,   146, 443.200,   40444,    739799,     5,    False,  True
2026-08-29,  106,     2,   False,   292, 443.200,  160001,   3528291,     5,    False,  True
2026-08-29,  107,     2,   False,   200, 443.200,   91226,   1806984,     5,    False,  True
2026-08-29,  108,     2,   False,    96, 177.600,   10564,    187657,     5,    False, False
2026-08-29,  109,     2,   False,   369, 443.200,   77150,   1349902,     5,    False,  True
2026-08-29,  110,     2,   False,   101, 224.200,    9979,    182980,     5,    False, False
2026-08-29,  111,     2,   False,    74, 149.300,   21330,    390324,     5,    False, False
2026-08-29,  112,     2,   False,   237, 443.200,  142751,   2875560,     5,    False,  True
2026-08-29,  113,     2,   False,   135, 255.000,   59827,    943302,     5,    False, False
2026-08-29,  114,     2,   False,   264, 443.200,  194702,   4053951,     5,    False,  True
2026-08-29,  115,     2,   False,   199, 221.900,  250240,   4815153,     5,    False, False
2026-08-29,  116,     2,   False,    66, 135.800,   10895,    182520,     5,    False, False
2026-08-29,  117,     2,   False,   170, 443.200,   45343,    857416,     5,    False,  True
2026-08-29,  118,     2,   False,    90, 132.700,   28777,    451472,     5,    False, False
2026-08-29,  119,     2,   False,    86, 187.900,    9561,    162188,     5,    False, False
2026-08-29,  120,     2,   False,   155, 279.200,   62345,   1165462,     5,    False, False
2026-08-29,  121,     2,   False,   144, 221.300,   32796,    578046,     5,    False, False
2026-08-29,  122,     2,   False,   126, 168.100,   17565,    332765,     5,    False, False
2026-08-29,  123,     2,   False,   104, 200.600,   22083,    391468,     5,    False, False
2026-08-29,  124,     2,   False,    86, 173.600,   15103,    279885,     5,    False, False
2026-08-29,  125,     2,   False,   122, 172.100,   64503,   1288027,     5,    False, False
2026-08-29,  126,     2,   False,    66, 127.900,   18837,    302787,     5,    False, False
2026-08-29,  127,     2,   False,   186, 443.200,  114896,   2209806,     5,    False,  True
2026-08-29,  128,     2,   False,   187, 443.200,   93485,   1979913,     5,    False,  True
2026-08-29,  129,     2,   False,   385, 443.200,  284931,   5219800,     5,    False,  True
2026-08-29,  130,     2,   False,   141, 227.500,   53694,    961845,     5,    False, False
2026-08-29,  131,     2,   False,    87, 176.500,   26419,    423695,     5,    False, False
2026-08-29,  132,     2,   False,   182, 443.200,  119575,   2455466,     5,    False,  True
2026-08-29,  133,     2,   False,   146, 443.200,   63422,   1323856,     5,    False,  True
2026-08-29,  134,     2,   False,   161, 443.200,   34713,    694894,     5,    False,  True
2026-08-29,  135,     2,   False,   118, 224.700,   22385,    420477,     5,    False, False
2026-08-29,  136,     2,   False,   205, 443.200,   68708,   1247853,     5,    False,  True
2026-08-29,  137,     2,   False,   127, 218.100,   34151,    657140,     5,    False, False
2026-08-29,  138,     2,   False,   155, 443.200,   32331,    698549,     5,    False,  True
2026-08-29,  139,     2,   False,   136, 443.200,   44719,    949640,     5,    False,  True
2026-08-29,  140,     2,   False,   250, 443.200,  154499,   3285692,     5,    False,  True
2026-08-29,  141,     2,   False,   253, 295.100,  123131,   2361837,     5,    False, False
2026-08-29,  142,     2,   False,   292, 443.200,  195473,   3845468,     5,    False,  True
2026-08-29,  143,     2,   False,   326, 443.200,  353321,   7429031,     5,    False,  True
2026-08-29,  144,     2,   False,   180, 443.200,   64564,   1181395,     5,    False,  True
2026-08-29,  145,     2,   False,   310, 443.200,  142387,   2909009,     5,    False,  True
2026-08-29,  146,     2,   False,    55,  95.400,    4835,     89607,     5,    False, False
2026-08-29,  147,     2,   False,   192, 443.200,   83180,   1723131,     5,    False,  True
2026-08-29,  148,     2,   False,    95, 233.900,   25934,    469591,     5,    False, False
2026-08-29,  149,     2,   False,   174, 443.200,  145004,   2830916,     5,    False,  True
2026-08-29,  150,     2,   False,   170, 443.200,   55752,   1161978,     5,    False,  True
2026-08-29,  151,     2,   False,    91, 214.400,   10710,    196716,     5,    False, False
2026-08-29,  152,     2,   False,   159, 443.200,   26047,    509321,     5,    False,  True
2026-08-29,  153,     2,   False,   161, 443.200,   47690,    861547,     5,    False,  True
2026-08-29,  154,     2,   False,   213, 443.200,   97581,   1787601,     5,    False,  True
2026-08-29,  155,     2,   False,   141, 262.400,   40845,    771351,     5,    False, False
2026-08-29,  156,     2,   False,   259, 443.200,  110898,   2164929,     5,    False,  True
2026-08-29,  157,     2,   False,   152, 443.200,   13544,    259405,     5,    False,  True
2026-08-29,  158,     2,   False,   157, 242.800,   54516,   1089335,     5,    False, False
2026-08-29,  159,     2,   False,   124, 282.600,   18007,    325341,     5,    False, False
2026-08-29,  160,     2,   False,   135, 192.300,   86309,   1701233,     5,    False, False
2026-08-29,  161,     2,   False,    58, 108.200,   14931,    256297,     5,    False, False
2026-08-29,  162,     2,   False,    69, 108.300,   22862,    479049,     5,    False, False
2026-08-29,  163,     2,   False,    56,  98.400,    7462,    125837,     5,    False, False
2026-08-29,  164,     2,   False,   207, 193.200,  122919,   2461762,     5,    False, False
2026-08-29,  165,     2,   False,    89, 158.300,   30609,    533572,     5,    False, False
2026-08-29,  166,     2,   False,   174, 443.200,   30220,    567095,     5,    False,  True
2026-08-29,  167,     2,   False,   256, 443.200,  208402,   3573643,     5,    False,  True
2026-08-29,  168,     2,   False,   246, 443.200,  125702,   2608820,     5,    False,  True
2026-08-29,  169,     2,   False,   184, 443.200,   50863,   1041369,     5,    False,  True
2026-08-29,  170,     2,   False,    93, 108.100,   23891,    388311,     5,    False, False
2026-08-29,  171,     2,   False,   107, 144.600,   23086,    422910,     5,    False, False
2026-08-29,  172,     2,   False,   106, 206.800,   48149,    798666,     5,    False, False
2026-08-29,  173,     2,   False,   110, 260.100,   22222,    394573,     5,    False, False
2026-08-29,  174,     2,   False,   173, 443.200,   78478,   1434073,     5,    False,  True
2026-08-29,  175,     2,   False,    94, 127.000,   20280,    346608,     5,    False, False
2026-08-29,  176,     2,   False,    73, 173.200,   20216,    329570,     5,    False, False
2026-08-29,  177,     2,   False,   172, 210.800,   55428,   1082417,     5,    False, False
2026-08-29,  178,     2,   False,   189, 443.200,   65408,   1404905,     5,    False,  True
2026-08-29,  179,     2,   False,    55,  91.800,    8394,    137466,     5,    False, False
2026-08-29,  180,     2,   False,   101, 242.400,   33075,    602965,     5,    False, False
2026-08-29,  181,     2,   False,   208, 268.300,   99014,   1858263,     5,    False, False
2026-08-29,  182,     2,   False,    59, 112.100,    3796,     63761,     5,    False, False
2026-08-29,  183,     2,   False,   155, 443.200,   35478,    674565,     5,    False,  True
2026-08-29,  184,     2,   False,   226, 443.200,   71136,   1396616,     5,    False,  True
2026-08-29,  185,     2,   False,   137, 443.200,   38704,    738929,     5,    False,  True
2026-08-29,  186,     2,   False,   290, 443.200,  259266,   5179998,     5,    False,  True
2026-08-29,  187,     2,   False,   162, 443.200,   67760,   1321748,     5,    False,  True
2026-08-29,  188,     2,   False,   144, 443.200,   29389,    536404,     5,    False,  True
2026-08-29,  189,     2,   False,   180, 443.200,   37978,    751696,     5,    False,  True
2026-08-29,  190,     2,   False,   180, 443.200,   52715,    957313,     5,    False,  True
2026-08-29,  191,     2,   False,   253, 443.200,  165317,   3224657,     5,    False,  True
2026-08-29,  192,     2,   False,   338, 443.200,  191517,   3335172,     5,    False,  True
2026-08-29,  193,     2,   False,    49,  96.700,    7575,    140731,     5,    False, False
2026-08-29,  194,     2,   False,   163, 443.200,   46376,    881638,     5,    False,  True
2026-08-29,  195,     2,   False,   157, 443.200,   27116,    523133,     5,    False,  True
2026-08-29,  196,     2,   False,     1,   6.000,       2,        25,     5,    False, False
2026-08-29,  197,     2,   False,    66, 131.300,   10876,    172105,     5,    False, False
2026-08-29,  198,     2,   False,   257, 263.500,  462075,   8204656,     5,    False, False
2026-08-29,  199,     2,   False,    69, 145.000,   11096,    199791,     5,    False, False
2026-08-29,  200,     2,   False,   206, 443.200,   78928,   1665112,     5,    False,  True
2026-08-29,  201,     2,   False,    59, 139.400,   29725,    494664,     5,    False, False
2026-08-29,  202,     2,   False,    55, 104.400,    4175,     72231,     5,    False, False
2026-08-29,  203,     2,   False,    91, 199.700,   21419,    368258,     5,    False, False
2026-08-29,  204,     2,   False,   164, 443.200,  204509,   3712695,     5,    False,  True
2026-08-29,  205,     2,   False,   176, 443.200,   37082,    707316,     5,    False,  True
2026-08-29,  206,     2,   False,   228, 443.200,  159021,   3127187,     5,    False,  True
2026-08-29,  207,     2,   False,    51,  97.500,    7527,    131701,     5,    False, False
2026-08-29,  208,     2,   False,   198, 170.400,   99741,   1832042,     5,    False, False
2026-08-29,  209,     2,   False,   240, 443.200,  138697,   2594379,     5,    False,  True
2026-08-29,  210,     2,   False,    77, 143.400,   24103,    385242,     5,    False, False
2026-08-29,  211,     2,   False,   155, 443.200,   56529,   1093233,     5,    False,  True
2026-08-29,  212,     2,   False,   208, 443.200,  131721,   2583042,     5,    False,  True
2026-08-29,  213,     2,   False,   152, 443.200,   29194,    539558,     5,    False,  True
2026-08-29,  214,     2,   False,   190, 443.200,   89868,   1738976,     5,    False,  True
2026-08-29,  215,     2,   False,    50,  96.600,   20343,    331292,     5,    False, False
2026-08-29,  216,     2,   False,   191, 443.200,   96817,   1821913,     5,    False,  True
2026-08-29,  217,     2,   False,   189, 443.200,  172096,   3590951,     5,    False,  True
2026-08-29,  218,     2,   False,   142, 443.200,   22246,    426191,     5,    False,  True
2026-08-29,  219,     2,   False,   196, 443.200,   91248,   1795269,     5,    False,  True
2026-08-29,  220,     2,   False,   149, 443.200,   75180,   1492529,     5,    False,  True
2026-08-29,  221,     2,   False,    37,  47.900,    4349,     67266,     5,    False, False
2026-08-29,  222,     2,   False,    78, 137.300,   14083,    239549,     5,    False, False
2026-08-29,  223,     2,   False,   228, 443.200,   68607,   1468107,     5,    False,  True
2026-08-29,  224,     2,   False,   138, 443.200,   42870,    805894,     5,    False,  True
2026-08-29,  225,     2,   False,    72, 160.800,    7900,    161489,     5,    False, False
2026-08-29,  226,     2,   False,   168, 187.600,   86136,   1576737,     5,    False, False
2026-08-29,  227,     2,   False,    47,  87.900,    5525,     98747,     5,    False, False
2026-08-29,  228,     2,   False,   191, 443.200,   41299,    755079,     5,    False,  True
2026-08-29,  229,     2,   False,   101, 245.100,   19150,    330192,     5,    False, False
2026-08-29,  230,     2,   False,   178, 443.200,   54718,   1041040,     5,    False,  True
2026-08-29,  231,     2,   False,    59, 118.400,   10123,    189058,     5,    False, False
2026-08-29,  232,     2,   False,   156, 443.200,   21323,    411443,     5,    False,  True
2026-08-29,  233,     2,   False,   155, 443.200,   26330,    439687,     5,    False,  True
2026-08-29,  234,     2,   False,  1425, 443.200, 1503297,  37389662,     5,    False,  True
2026-08-29,  235,     2,   False,   192, 443.200,   55102,   1100007,     5,    False,  True
2026-08-29,  236,     2,   False,    61, 142.200,    8568,    155089,     5,    False, False
2026-08-29,  237,     2,   False,    48,  87.000,    6732,    110865,     5,    False, False
2026-08-29,  238,     2,   False,   109, 211.600,   30616,    522420,     5,    False, False
2026-08-29,  239,     2,   False,    74, 143.700,   26535,    426314,     5,    False, False
2026-08-29,  240,     2,   False,   180, 443.200,  101638,   2021894,     5,    False,  True
2026-08-29,  241,     2,   False,   348, 443.200,  272370,   5428632,     5,    False,  True
2026-08-29,  242,     2,   False,   144, 443.200,  101713,   1933127,     5,    False,  True
2026-08-29,  243,     2,   False,   100, 221.200,   39897,    711515,     5,    False, False
2026-08-29,  244,     2,   False,   554, 443.200,  417071,   7954807,     5,    False,  True
2026-08-29,  245,     2,   False,   137, 443.200,   54474,   1086442,     5,    False,  True
2026-08-29,  246,     2,   False,    79, 175.000,   13761,    231056,     5,    False, False
2026-08-29,  247,     2,   False,   174, 443.200,   52724,   1201274,     5,    False,  True
2026-08-29,  248,     2,   False,   161, 443.200,   85315,   1724032,     5,    False,  True
2026-08-29,  249,     2,   False,   205, 443.200,  121403,   2430280,     5,    False,  True
2026-08-29,  250,     2,   False,   188, 443.200,   53050,   1032528,     5,    False,  True
2026-08-29,  251,     2,   False,    65, 107.300,   13619,    210191,     5,    False, False
2026-08-29,  252,     2,   False,   147, 443.200,   48807,    897299,     5,    False,  True
2026-08-29,  253,     2,   False,   180, 443.200,   50285,    948330,     5,    False,  True
2026-08-29,  254,     2,   False,   234, 443.200,  170644,   3256427,     5,    False,  True
2026-08-29,  255,     2,   False,   152, 189.200,   21786,    387165,     5,    False, False
2026-08-29,  256,     2,   False,   267, 443.200,   78159,   1419102,     5,    False,  True
2026-08-29,  257,     2,   False,   215, 443.200,  105778,   1948746,     5,    False,  True
2026-08-29,  258,     2,   False,   151, 443.200,   31327,    568238,     5,    False,  True
2026-08-29,  259,     2,   False,   175, 443.200,   45317,    865859,     5,    False,  True
2026-08-29,  260,     2,   False,   185, 443.200,   53953,    953549,     5,    False,  True
2026-08-29,  261,     2,   False,   126, 443.200,   40238,    754675,     5,    False,  True
2026-08-29,  262,     2,   False,   170, 443.200,   81910,   1400305,     5,    False,  True
2026-08-29,  263,     2,   False,   141, 443.200,   88188,   1626417,     5,    False,  True
2026-08-29,  264,     2,   False,   131, 172.900,   68171,   1133879,     5,    False, False
2026-08-29,  265,     2,   False,    84, 225.900,   13070,    232123,     5,    False, False
2026-08-29,  266,     2,   False,   189, 203.400,   66505,   1159710,     5,    False, False
2026-08-29,  267,     2,   False,   231, 443.200,   58401,   1085684,     5,    False,  True
2026-08-29,  268,     2,   False,    70,  82.800,   12982,    226642,     5,    False, False
2026-08-29,  269,     2,   False,   102, 169.200,   11595,    215597,     5,    False, False
2026-08-29,  270,     2,   False,   192, 443.200,   46009,    820060,     5,    False,  True
2026-08-29,  271,     2,   False,   217, 443.200,   49254,    943083,     5,    False,  True
2026-08-29,  272,     2,   False,   149, 443.200,   41296,    782548,     5,    False,  True
2026-08-29,  273,     2,   False,    80, 191.200,   27439,    430384,     5,    False, False
2026-08-29,  274,     2,   False,   165, 443.200,   52172,   1039255,     5,    False,  True
2026-08-29,  275,     2,   False,    56, 100.500,   13899,    222105,     5,    False, False
2026-08-29,  276,     2,   False,    69, 121.700,   13310,    206905,     5,    False, False
2026-08-29,  277,     2,   False,    97, 190.400,   18492,    339212,     5,    False, False
2026-08-29,  278,     2,   False,   325, 443.200,  249761,   5031632,     5,    False,  True
2026-08-29,  279,     2,   False,   174, 443.200,   58653,    977320,     5,    False,  True
2026-08-29,  280,     2,   False,   143, 443.200,   19971,    389913,     5,    False,  True
2026-08-29,  281,     2,   False,   185, 443.200,   75240,   1486817,     5,    False,  True
2026-08-29,  282,     2,   False,    61,  94.400,   14695,    291649,     5,    False, False
2026-08-29,  283,     2,   False,   179, 443.200,   62474,   1183728,     5,    False,  True
2026-08-29,  284,     2,   False,   212, 443.200,  132337,   2682812,     5,    False,  True
2026-08-29,  285,     2,   False,   173, 443.200,   58328,   1117347,     5,    False,  True
2026-08-29,  286,     2,   False,   150, 443.200,   22112,    395583,     5,    False,  True
2026-08-29,  287,     2,   False,   228, 443.200,   70341,   1464182,     5,    False,  True
2026-08-29,  288,     2,   False,   155, 443.200,   51086,    971951,     5,    False,  True
2026-08-29,  289,     2,   False,    79, 180.900,   26320,    416535,     5,    False, False
2026-08-29,  290,     2,   False,    85, 181.200,   11178,    196265,     5,    False, False
2026-08-29,  291,     2,   False,   176, 443.200,   84650,   1571499,     5,    False,  True
2026-08-29,  292,     2,   False,   103, 215.500,   25272,    484609,     5,    False, False
2026-08-29,  293,     2,   False,   136, 443.200,   30885,    562028,     5,    False,  True
2026-08-29,  294,     2,   False,   235, 443.200,   88348,   1821129,     5,    False,  True
2026-08-29,  295,     2,   False,   133, 443.200,   26340,    454862,     5,    False,  True
2026-08-29,  296,     2,   False,   159, 443.200,   51778,   1012821,     5,    False,  True
2026-08-29,  297,     2,   False,   117, 146.900,   29675,    444697,     5,    False, False
2026-08-29,  298,     2,   False,   168, 443.200,   44538,    896527,     5,    False,  True
2026-08-29,  299,     2,   False,   236, 443.200,  112191,   2275351,     5,    False,  True
2026-08-29,  100,     2,   False,   319, 443.200,  388516,   9975919,     6,    False,  True
2026-08-29,  101,     2,   False,   293, 443.200,  313562,   7898291,     6,    False,  True
2026-08-29,  102,     2,   False,   168, 443.200,   66120,   1326600,     6,    False,  True
2026-08-29,  103,     2,   False,   169, 443.200,  139218,   3438368,     6,    False,  True
2026-08-29,  104,     2,   False,    82, 193.800,   21148,    425804,     6,    False, False
2026-08-29,  105,     2,   False,   144, 443.200,   55435,   1245648,     6,    False,  True
2026-08-29,  106,     2,   False,   436, 443.200,  344032,   8767810,     6,    False,  True
2026-08-29,  107,     2,   False,   195, 443.200,  223472,   5492558,     6,    False,  True
2026-08-29,  108,     2,   False,    95, 167.800,   34366,    751134,     6,    False, False
2026-08-29,  109,     2,   False,   348, 443.200,  253541,   6441595,     6,    False,  True
2026-08-29,  110,     2,   False,   101, 224.200,   13401,    302617,     6,    False, False
2026-08-29,  111,     2,   False,   108, 175.700,   74439,   1400080,     6,    False, False
2026-08-29,  112,     2,   False,   119, 191.100,   68766,   1564325,     6,    False, False
2026-08-29,  113,     2,   False,    99, 199.100,   30848,    634937,     6,    False, False
2026-08-29,  114,     2,   False,   310, 443.200,  373792,   9880152,     6,    False,  True
2026-08-29,  115,     2,   False,   246, 443.200,  485692,  11329677,     6,    False,  True
2026-08-29,  116,     2,   False,    66, 135.800,   20171,    401488,     6,    False, False
2026-08-29,  117,     2,   False,    86, 161.700,   77162,   1346448,     6,    False, False
2026-08-29,  118,     2,   False,    67, 115.000,   38554,    706725,     6,    False, False
2026-08-29,  119,     2,   False,    82, 187.900,   13512,    280957,     6,    False, False
2026-08-29,  120,     2,   False,   174, 443.200,  142543,   3431911,     6,    False,  True
2026-08-29,  121,     2,   False,   143, 220.200,   45067,    883951,     6,    False, False
2026-08-29,  122,     2,   False,   129, 221.600,   44859,   1055521,     6,    False, False
2026-08-29,  123,     2,   False,    67, 160.500,   26786,    556528,     6,    False, False
2026-08-29,  124,     2,   False,    88, 179.000,   53717,   1089170,     6,    False, False
2026-08-29,  125,     2,   False,   109, 210.100,   57863,   1243651,     6,    False, False
2026-08-29,  126,     2,   False,    64, 114.500,   14981,    295256,     6,    False, False
2026-08-29,  127,     2,   False,   124, 443.200,   69638,   1788509,     6,    False,  True
2026-08-29,  128,     2,   False,   185, 443.200,  254202,   7194931,     6,    False,  True
2026-08-29,  129,     2,   False,   281, 443.200,  390048,   8761441,     6,    False,  True
2026-08-29,  130,     2,   False,    67, 165.400,   14717,    305469,     6,    False, False
2026-08-29,  131,     2,   False,    91, 188.000,   58833,   1054494,     6,    False, False
2026-08-29,  132,     2,   False,   168, 291.700,  112947,   2594265,     6,    False, False
2026-08-29,  133,     2,   False,   148, 443.200,  165409,   4192567,     6,    False,  True
2026-08-29,  134,     2,   False,   158, 443.200,   31381,    772053,     6,    False,  True
2026-08-29,  135,     2,   False,   112, 229.000,   36809,    819919,     6,    False, False
2026-08-29,  136,     2,   False,   273, 443.200,  200794,   4983318,     6,    False,  True
2026-08-29,  137,     2,   False,   258, 443.200,  187524,   4126222,     6,    False,  True
2026-08-29,  138,     2,   False,   154, 443.200,   52667,   1355988,     6,    False,  True
2026-08-29,  139,     2,   False,   138, 443.200,  119049,   3155898,     6,    False,  True
2026-08-29,  140,     2,   False,   224, 443.200,  186158,   4622156,     6,    False,  True
2026-08-29,  141,     2,   False,   272, 443.200,  186186,   4372478,     6,    False,  True
2026-08-29,  142,     2,   False,   295, 443.200,  474732,  13852668,     6,    False,  True
2026-08-29,  143,     2,   False,   237, 443.200,  235860,   5413111,     6,    False,  True
2026-08-29,  144,     2,   False,   179, 443.200,  130620,   3099275,     6,    False,  True
2026-08-29,  145,     2,   False,   251, 443.200,  497007,  13282998,     6,    False,  True
2026-08-29,  146,     2,   False,    54,  95.400,    7307,    167074,     6,    False, False
2026-08-29,  147,     2,   False,   187, 443.200,  171930,   4095893,     6,    False,  True
2026-08-29,  148,     2,   False,    89, 225.600,   46742,    972331,     6,    False, False
2026-08-29,  149,     2,   False,   148, 443.200,   79734,   1775015,     6,    False,  True
2026-08-29,  150,     2,   False,   177, 443.200,  139028,   3333915,     6,    False,  True
2026-08-29,  151,     2,   False,    91, 214.400,   15662,    351595,     6,    False, False
2026-08-29,  152,     2,   False,   231, 443.200,  117141,   2685690,     6,    False,  True
2026-08-29,  153,     2,   False,    86, 188.900,   11999,    256782,     6,    False, False
2026-08-29,  154,     2,   False,   238, 443.200,  240152,   5507331,     6,    False,  True
2026-08-29,  155,     2,   False,   178, 443.200,   99963,   2249126,     6,    False,  True
2026-08-29,  156,     2,   False,   255, 443.200,  233254,   5739791,     6,    False,  True
2026-08-29,  157,     2,   False,   145, 443.200,   23018,    561725,     6,    False,  True
2026-08-29,  158,     2,   False,   178, 443.200,   79539,   1805039,     6,    False,  True
2026-08-29,  159,     2,   False,   121, 282.600,   26806,    542715,     6,    False, False
2026-08-29,  160,     2,   False,   255, 443.200, 1007991,  22831739,     6,    False,  True
2026-08-29,  161,     2,   False,    59, 109.500,   26196,    521020,     6,    False, False
2026-08-29,  162,     2,   False,   179, 443.200,  308391,   6308399,     6,    False,  True
2026-08-29,  163,     2,   False,    64, 126.400,   11817,    236273,     6,    False, False
2026-08-29,  164,     2,   False,   268, 443.200,  229545,   5830020,     6,    False,  True
2026-08-29,  165,     2,   False,    54,  97.200,   35310,    670201,     6,    False, False
2026-08-29,  166,     2,   False,   135, 178.700,   35403,    791135,     6,    False, False
2026-08-29,  167,     2,   False,   353, 443.200,  558427,  11254665,     6,    False,  True
2026-08-29,  168,     2,   False,   203, 443.200,   68342,   1678656,     6,    False,  True
2026-08-29,  169,     2,   False,   194, 443.200,   40344,    989938,     6,    False,  True
2026-08-29,  170,     2,   False,    56,  94.200,   19347,    401108,     6,    False, False
2026-08-29,  171,     2,   False,   104, 144.600,   36597,    784312,     6,    False, False
2026-08-29,  172,     2,   False,   101, 206.800,   65632,   1271381,     6,    False, False
2026-08-29,  173,     2,   False,   135, 443.200,   40691,    876260,     6,    False,  True
2026-08-29,  174,     2,   False,   175, 443.200,  149270,   3314759,     6,    False,  True
2026-08-29,  175,     2,   False,    94, 127.000,   35851,    719001,     6,    False, False
2026-08-29,  176,     2,   False,   122, 277.900,   57029,   1095691,     6,    False, False
2026-08-29,  177,     2,   False,   133, 173.200,   72556,   1732185,     6,    False, False
2026-08-29,  178,     2,   False,   191, 443.200,  167983,   4027860,     6,    False,  True
2026-08-29,  179,     2,   False,    56,  94.000,   16024,    304054,     6,    False, False
2026-08-29,  180,     2,   False,   101, 159.700,   26782,    571061,     6,    False, False
2026-08-29,  181,     2,   False,   152, 263.300,   81617,   1923701,     6,    False, False
2026-08-29,  182,     2,   False,   146, 443.200,   63953,   1518153,     6,    False,  True
2026-08-29,  183,     2,   False,   150, 443.200,   74258,   1802425,     6,    False,  True
2026-08-29,  184,     2,   False,   309, 443.200,  358174,   8649803,     6,    False,  True
2026-08-29,  185,     2,   False,   128, 443.200,   33600,    761460,     6,    False,  True
2026-08-29,  186,     2,   False,   115, 146.100,   69681,   1555375,     6,    False, False
2026-08-29,  187,     2,   False,   509, 443.200,  709267,  21655474,     6,    False,  True
2026-08-29,  188,     2,   False,   141, 443.200,   48791,   1093110,     6,    False,  True
2026-08-29,  189,     2,   False,   152, 443.200,   71986,   1969382,     6,    False,  True
2026-08-29,  190,     2,   False,   324, 443.200, 1194452,  29598622,     6,    False,  True
2026-08-29,  191,     2,   False,   187, 443.200,  174166,   4531209,     6,    False,  True
2026-08-29,  192,     2,   False,   333, 443.200,  323215,   7060576,     6,    False,  True
2026-08-29,  193,     2,   False,    49,  96.700,   12051,    274990,     6,    False, False
2026-08-29,  194,     2,   False,   100, 234.300,  119073,   2547272,     6,    False, False
2026-08-29,  195,     2,   False,   158, 443.200,   45839,   1059134,     6,    False,  True
2026-08-29,  196,     2,   False,     1,   6.000,       2,        25,     6,    False, False
2026-08-29,  197,     2,   False,   145, 443.200,   49096,   1062513,     6,    False,  True
2026-08-29,  198,     2,   False,   276, 443.200, 1063003,  23603172,     6,    False,  True
2026-08-29,  199,     2,   False,    69, 145.000,   19910,    450890,     6,    False, False
2026-08-29,  200,     2,   False,   238, 443.200,  197205,   5217070,     6,    False,  True
2026-08-29,  201,     2,   False,    74, 152.100,   64970,   1244290,     6,    False, False
2026-08-29,  202,     2,   False,    55, 104.400,    6187,    130439,     6,    False, False
2026-08-29,  203,     2,   False,    84, 169.600,   23231,    493309,     6,    False, False
2026-08-29,  204,     2,   False,   164, 443.200,  668907,  15366022,     6,    False,  True
2026-08-29,  205,     2,   False,   133, 443.200,   46586,   1002197,     6,    False,  True
2026-08-29,  206,     2,   False,   248, 443.200,  275092,   6300042,     6,    False,  True
2026-08-29,  207,     2,   False,    51,  97.500,   11950,    253868,     6,    False, False
2026-08-29,  208,     2,   False,   198, 170.400,  160988,   3647365,     6,    False, False
2026-08-29,  209,     2,   False,   242, 443.200,  232149,   5274411,     6,    False,  True
2026-08-29,  210,     2,   False,   134, 160.500,  102269,   2143849,     6,    False, False
2026-08-29,  211,     2,   False,   165, 443.200,  210534,   5100093,     6,    False,  True
2026-08-29,  212,     2,   False,   156, 443.200,  112993,   2826349,     6,    False,  True
2026-08-29,  213,     2,   False,   161, 443.200,   49606,   1121616,     6,    False,  True
2026-08-29,  214,     2,   False,   265, 443.200,  219314,   5473614,     6,    False,  True
2026-08-29,  215,     2,   False,    50,  96.600,   37479,    719059,     6,    False, False
2026-08-29,  216,     2,   False,   160, 443.200,   33042,    764231,     6,    False,  True
2026-08-29,  217,     2,   False,   268, 443.200,  519806,  13891896,     6,    False,  True
2026-08-29,  218,     2,   False,    74, 143.600,   13905,    261957,     6,    False, False
2026-08-29,  219,     2,   False,   171, 443.200,  149878,   3512042,     6,    False,  True
2026-08-29,  220,     2,   False,   128, 304.300,   67224,   1540734,     6,    False, False
2026-08-29,  221,     2,   False,    43,  50.500,    7561,    158407,     6,    False, False
2026-08-29,  222,     2,   False,   191, 443.200,   73613,   1692949,     6,    False,  True
2026-08-29,  223,     2,   False,   242, 443.200,  109945,   2972463,     6,    False,  True
2026-08-29,  224,     2,   False,   183, 443.200,   61600,   1355296,     6,    False,  True
2026-08-29,  225,     2,   False,    72, 160.800,   10838,    272240,     6,    False, False
2026-08-29,  226,     2,   False,   168, 187.600,  135568,   3019803,     6,    False, False
2026-08-29,  227,     2,   False,    47,  87.900,    9144,    199064,     6,    False, False
2026-08-29,  228,     2,   False,   183, 443.200,   64060,   1370052,     6,    False,  True
2026-08-29,  229,     2,   False,   110, 259.800,   29456,    615311,     6,    False, False
2026-08-29,  230,     2,   False,   186, 443.200,  153760,   3617976,     6,    False,  True
2026-08-29,  231,     2,   False,    67, 136.400,   16042,    353502,     6,    False, False
2026-08-29,  232,     2,   False,   154, 443.200,   34433,    827712,     6,    False,  True
2026-08-29,  233,     2,   False,   365, 443.200, 1045634,  25180462,     6,    False,  True
2026-08-29,  234,     2,   False,   222, 443.200,  579815,  13755603,     6,    False,  True
2026-08-29,  235,     2,   False,   199, 443.200,   68783,   1634614,     6,    False,  True
2026-08-29,  236,     2,   False,    57, 113.600,   12803,    296807,     6,    False, False
2026-08-29,  237,     2,   False,    76, 135.500,   22001,    469805,     6,    False, False
2026-08-29,  238,     2,   False,    65, 117.500,   15789,    309113,     6,    False, False
2026-08-29,  239,     2,   False,    82, 163.400,   78043,   1430530,     6,    False, False
2026-08-29,  240,     2,   False,   196, 443.200,  228956,   6121913,     6,    False,  True
2026-08-29,  241,     2,   False,   348, 443.200,  478924,  11772028,     6,    False,  True
2026-08-29,  242,     2,   False,   136, 443.200,  210128,   5097460,     6,    False,  True
2026-08-29,  243,     2,   False,   175, 443.200,   90015,   1946409,     6,    False,  True
2026-08-29,  244,     2,   False,   483, 443.200,  514922,  11902037,     6,    False,  True
2026-08-29,  245,     2,   False,   204, 443.200,  276778,   6137992,     6,    False,  True
2026-08-29,  246,     2,   False,    74, 156.000,   19644,    389509,     6,    False, False
2026-08-29,  247,     2,   False,   177, 443.200,  103403,   2845405,     6,    False,  True
2026-08-29,  248,     2,   False,   161, 443.200,  216036,   5604499,     6,    False,  True
2026-08-29,  249,     2,   False,   234, 443.200,  516063,  11705144,     6,    False,  True
2026-08-29,  250,     2,   False,   138, 443.200,   72511,   1427377,     6,    False,  True
2026-08-29,  251,     2,   False,    57,  96.200,   16063,    296325,     6,    False, False
2026-08-29,  252,     2,   False,   174, 443.200,   95198,   2371190,     6,    False,  True
2026-08-29,  253,     2,   False,   155, 443.200,  110253,   2576845,     6,    False,  True
2026-08-29,  254,     2,   False,   214, 443.200,  361216,   8797851,     6,    False,  True
2026-08-29,  255,     2,   False,   553, 443.200, 2250465,  54945470,     6,    False,  True
2026-08-29,  256,     2,   False,   274, 443.200,  289766,   6928375,     6,    False,  True
2026-08-29,  257,     2,   False,   216, 443.200,  182178,   3929279,     6,    False,  True
2026-08-29,  258,     2,   False,   151, 443.200,   32977,    694641,     6,    False,  True
2026-08-29,  259,     2,   False,   164, 443.200,   80657,   1838376,     6,    False,  True
2026-08-29,  260,     2,   False,   228, 443.200,  205646,   4991357,     6,    False,  True
2026-08-29,  261,     2,   False,   126, 443.200,   86073,   1910697,     6,    False,  True
2026-08-29,  262,     2,   False,   156, 443.200,  171278,   3537782,     6,    False,  True
2026-08-29,  263,     2,   False,   136, 443.200,   84464,   1625138,     6,    False,  True
2026-08-29,  264,     2,   False,   219, 443.200,  140459,   2843267,     6,    False,  True
2026-08-29,  265,     2,   False,    84, 225.900,   18675,    396977,     6,    False, False
2026-08-29,  266,     2,   False,   129, 232.500,   32185,    657152,     6,    False, False
2026-08-29,  267,     2,   False,   226, 443.200,  107316,   2395899,     6,    False,  True
2026-08-29,  268,     2,   False,    98, 163.700,   35085,    880860,     6,    False, False
2026-08-29,  269,     2,   False,   101, 169.200,   15896,    368983,     6,    False, False
2026-08-29,  270,     2,   False,   158, 267.100,   65098,   1313802,     6,    False, False
2026-08-29,  271,     2,   False,   215, 443.200,   84513,   1929157,     6,    False,  True
2026-08-29,  272,     2,   False,   137, 443.200,   71438,   1690508,     6,    False,  True
2026-08-29,  273,     2,   False,    80, 191.200,   56741,   1039739,     6,    False, False
2026-08-29,  274,     2,   False,    97, 204.100,   34177,    821174,     6,    False, False
2026-08-29,  275,     2,   False,    59, 107.200,   31609,    606954,     6,    False, False
2026-08-29,  276,     2,   False,   115, 207.000,   30434,    625637,     6,    False, False
2026-08-29,  277,     2,   False,   225, 443.200,  348202,   8017242,     6,    False,  True
2026-08-29,  278,     2,   False,   310, 443.200,  554064,  13849022,     6,    False,  True
2026-08-29,  279,     2,   False,   185, 443.200,   49735,   1206932,     6,    False,  True
2026-08-29,  280,     2,   False,   134, 443.200,   44884,   1000411,     6,    False,  True
2026-08-29,  281,     2,   False,   200, 443.200,  214579,   5660183,     6,    False,  True
2026-08-29,  282,     2,   False,    61,  94.400,   22307,    575027,     6,    False, False
2026-08-29,  283,     2,   False,   212, 443.200,  173118,   4243210,     6,    False,  True
2026-08-29,  284,     2,   False,   225, 443.200,  155870,   3849283,     6,    False,  True
2026-08-29,  285,     2,   False,   173, 443.200,  113199,   2603307,     6,    False,  True
2026-08-29,  286,     2,   False,    85, 181.100,    9555,    217642,     6,    False, False
2026-08-29,  287,     2,   False,   235, 443.200,  177035,   4161339,     6,    False,  True
2026-08-29,  288,     2,   False,   155, 443.200,   43848,    943528,     6,    False,  True
2026-08-29,  289,     2,   False,   142, 443.200,  256191,   5846013,     6,    False,  True
2026-08-29,  290,     2,   False,   169, 443.200,   48062,    977841,     6,    False,  True
2026-08-29,  291,     2,   False,   176, 443.200,  183003,   4059666,     6,    False,  True
2026-08-29,  292,     2,   False,   109, 223.100,   47214,   1066603,     6,    False, False
2026-08-29,  293,     2,   False,   137, 443.200,   66794,   1666368,     6,    False,  True
2026-08-29,  294,     2,   False,   237, 443.200,  135023,   3289772,     6,    False,  True
2026-08-29,  295,     2,   False,    93, 211.900,   32481,    644308,     6,    False, False
2026-08-29,  296,     2,   False,    84, 181.700,   27268,    571254,     6,    False, False
2026-08-29,  297,     2,   False,   266, 443.200,  293425,   7431404,     6,    False,  True
2026-08-29,  298,     2,   False,   188, 443.200,  119665,   2938288,     6,    False,  True
2026-08-29,  299,     2,   False,   274, 443.200,  319255,   8006173,     6,    False,  True
2026-08-29,  100,     4,   False,   312, 164.700,    19694,      180009,     2,    False, False
2026-08-29,  101,     4,   False,    75,  60.900,     3842,       35201,     2,    False, False
2026-08-29,  102,     4,   False,   481, 184.000,    44430,      405910,     2,    False, False
2026-08-29,  103,     4,   False,   305, 127.700,    12763,      117808,     2,    False, False
2026-08-29,  104,     4,   False,  1381, 164.500,   212539,     1929432,     2,    False, False
2026-08-29,  105,     4,   False,    56,  74.600,     1478,       11220,     2,    False, False
2026-08-29,  106,     4,   False,   149, 160.700,     4156,       36677,     2,    False, False
2026-08-29,  107,     4,   False,   108, 107.100,     4768,       41399,     2,    False, False
2026-08-29,  108,     4,   False,    42,  75.300,      809,        6316,     2,    False, False
2026-08-29,  109,     4,   False,    29,  47.200,      568,        4446,     2,    False, False
2026-08-29,  110,     4,   False,    94,  76.800,     4919,       41305,     2,    False, False
2026-08-29,  111,     4,   False,   342, 127.400,    26248,      242006,     2,    False, False
2026-08-29,  112,     4,   False,   127, 101.600,     6258,       54060,     2,    False, False
2026-08-29,  113,     4,   False,    84, 115.700,     3967,       29012,     2,    False, False
2026-08-29,  114,     4,   False,    39,  74.200,     1127,        8547,     2,    False, False
2026-08-29,  115,     4,   False,   111, 138.800,     4692,       43187,     2,    False, False
2026-08-29,  116,     4,   False,   129, 128.400,     5508,       43893,     2,    False, False
2026-08-29,  117,     4,   False,    94, 106.300,     4762,       41921,     2,    False, False
2026-08-29,  118,     4,   False,   178,  81.700,    14036,      128454,     2,    False, False
2026-08-29,  119,     4,   False,    32,  55.800,      638,        4749,     2,    False, False
2026-08-29,  120,     4,   False,   118, 110.000,     9135,       64283,     2,    False, False
2026-08-29,  121,     4,   False,   205, 107.800,    13079,      111866,     2,    False, False
2026-08-29,  122,     4,   False,    56,  75.500,     1365,       10598,     2,    False, False
2026-08-29,  123,     4,   False,    66, 114.000,     1851,       15423,     2,    False, False
2026-08-29,  124,     4,   False,   680, 443.200,    86588,      752832,     2,    False,  True
2026-08-29,  125,     4,   False,    37,  57.200,      713,        5559,     2,    False, False
2026-08-29,  126,     4,   False,    33,  36.800,      636,        4986,     2,    False, False
2026-08-29,  127,     4,   False,    46,  86.200,     1067,        8389,     2,    False, False
2026-08-29,  128,     4,   False,   273, 443.200,    16687,      159047,     2,    False,  True
2026-08-29,  129,     4,   False,    30,  46.300,      769,        5999,     2,    False, False
2026-08-29,  130,     4,   False,    42,  67.600,      784,        6022,     2,    False, False
2026-08-29,  131,     4,   False,   178, 107.500,     9452,       67646,     2,    False, False
2026-08-29,  132,     4,   False,    70,  94.100,     2219,       17089,     2,    False, False
2026-08-29,  133,     4,   False,   130, 151.700,     7949,       67069,     2,    False, False
2026-08-29,  134,     4,   False,    59,  96.900,     1321,        9605,     2,    False, False
2026-08-29,  135,     4,   False,    68, 109.600,     1581,       13380,     2,    False, False
2026-08-29,  136,     4,   False,   128, 100.900,     6294,       54650,     2,    False, False
2026-08-29,  137,     4,   False,    27,  42.300,      778,        6220,     2,    False, False
2026-08-29,  138,     4,   False,   106, 147.200,     2410,       20191,     2,    False, False
2026-08-29,  139,     4,   False,   844, 151.600,    68455,      561360,     2,    False, False
2026-08-29,  140,     4,   False,   850, 135.600,   135347,     1191801,     2,    False, False
2026-08-29,  141,     4,   False,   329, 443.200,    19202,      177155,     2,    False,  True
2026-08-29,  142,     4,   False,   219, 123.000,    20810,      187523,     2,    False, False
2026-08-29,  143,     4,   False,   132, 155.900,     4567,       42339,     2,    False, False
2026-08-29,  144,     4,   False,    41,  70.500,     1075,        8455,     2,    False, False
2026-08-29,  145,     4,   False,   836, 443.200,   128843,     1293160,     2,    False,  True
2026-08-29,  146,     4,   False,    49,  74.600,     1193,        9272,     2,    False, False
2026-08-29,  147,     4,   False,   554, 443.200,    51133,      455354,     2,    False,  True
2026-08-29,  148,     4,   False,    46,  74.600,     1228,        9797,     2,    False, False
2026-08-29,  149,     4,   False,   379, 180.600,    48715,      436307,     2,    False, False
2026-08-29,  150,     4,   False,   142, 140.800,     6515,       62287,     2,    False, False
2026-08-29,  151,     4,   False,    36,  57.200,      848,        6710,     2,    False, False
2026-08-29,  152,     4,   False,   101, 118.600,     5090,       46267,     2,    False, False
2026-08-29,  153,     4,   False,   124, 102.200,     7006,       62956,     2,    False, False
2026-08-29,  154,     4,   False,   156, 105.700,    11549,      104834,     2,    False, False
2026-08-29,  155,     4,   False,    82,  72.800,     2428,       19615,     2,    False, False
2026-08-29,  156,     4,   False,   456, 238.000,    51100,      473144,     2,    False, False
2026-08-29,  157,     4,   False,   176, 105.200,    20471,      164248,     2,    False, False
2026-08-29,  158,     4,   False,    27,  43.600,      486,        3346,     2,    False, False
2026-08-29,  159,     4,   False,    51,  95.400,      950,        7140,     2,    False, False
2026-08-29,  160,     4,   False,   109,  79.300,     8354,       68505,     2,    False, False
2026-08-29,  161,     4,   False,   472,  82.500,    33105,      302600,     2,    False, False
2026-08-29,  162,     4,   False,   347,  98.500,    51028,      404086,     2,    False, False
2026-08-29,  163,     4,   False,    74, 100.600,     2492,       21370,     2,    False, False
2026-08-29,  164,     4,   False,    94,  95.900,     3740,       31129,     2,    False, False
2026-08-29,  165,     4,   False,   212, 133.300,    12392,      113167,     2,    False, False
2026-08-29,  166,     4,   False,   109,  93.500,     4496,       37766,     2,    False, False
2026-08-29,  167,     4,   False,   390, 169.400,    55631,      484217,     2,    False, False
2026-08-29,  168,     4,   False,    44,  49.600,     1361,       11030,     2,    False, False
2026-08-29,  169,     4,   False,    42,  63.000,     1336,       10799,     2,    False, False
2026-08-29,  170,     4,   False,    40,  62.800,     1203,        9485,     2,    False, False
2026-08-29,  171,     4,   False,    42,  76.300,      875,        6591,     2,    False, False
2026-08-29,  172,     4,   False,   258, 109.000,    25952,      184905,     2,    False, False
2026-08-29,  173,     4,   False,   160, 250.900,     8518,       75810,     2,    False, False
2026-08-29,  174,     4,   False,   352, 159.400,    41585,      322928,     2,    False, False
2026-08-29,  175,     4,   False,    40,  58.100,     1041,        7978,     2,    False, False
2026-08-29,  176,     4,   False,    40,  66.400,     1161,        8797,     2,    False, False
2026-08-29,  177,     4,   False,    46,  59.700,     1204,        9770,     2,    False, False
2026-08-29,  178,     4,   False,    63,  97.100,     2006,       15219,     2,    False, False
2026-08-29,  179,     4,   False,    50,  69.700,     1273,       10403,     2,    False, False
2026-08-29,  180,     4,   False,   352, 443.200,    25701,      233082,     2,    False,  True
2026-08-29,  181,     4,   False,   176, 128.400,     8810,       82341,     2,    False, False
2026-08-29,  182,     4,   False,   324, 109.600,    20334,      184845,     2,    False, False
2026-08-29,  183,     4,   False,    44,  65.900,     1172,        8701,     2,    False, False
2026-08-29,  184,     4,   False,   181, 103.300,     8182,       70808,     2,    False, False
2026-08-29,  185,     4,   False,   189, 149.800,    22183,      202945,     2,    False, False
2026-08-29,  186,     4,   False,   294,  93.100,    28739,      220036,     2,    False, False
2026-08-29,  187,     4,   False,   256, 129.900,    16551,      158423,     2,    False, False
2026-08-29,  188,     4,   False,   605, 443.200,    37862,      340926,     2,    False,  True
2026-08-29,  189,     4,   False,    49,  75.300,     1082,        9037,     2,    False, False
2026-08-29,  190,     4,   False,   225, 162.100,    19989,      186173,     2,    False, False
2026-08-29,  191,     4,   False,   118, 102.300,     3987,       33511,     2,    False, False
2026-08-29,  192,     4,   False,   307,  86.300,    10840,      100645,     2,    False, False
2026-08-29,  193,     4,   False,    23,  30.600,      569,        4190,     2,    False, False
2026-08-29,  194,     4,   False,    91, 119.900,     3715,       34307,     2,    False, False
2026-08-29,  195,     4,   False,   244,  98.500,    15224,      118280,     2,    False, False
2026-08-29,  196,     4,   False,     1,   6.000,        2,          24,     2,    False, False
2026-08-29,  197,     4,   False,    73,  80.800,     2231,       20867,     2,    False, False
2026-08-29,  198,     4,   False,    63,  97.000,     1336,       10573,     2,    False, False
2026-08-29,  199,     4,   False,    30,  54.900,      557,        4685,     2,    False, False
2026-08-29,  200,     4,   False,   813, 234.500,    85252,      792325,     2,    False, False
2026-08-29,  201,     4,   False,   547, 119.300,    62870,      576011,     2,    False, False
2026-08-29,  202,     4,   False,    89,  93.100,     3087,       26523,     2,    False, False
2026-08-29,  203,     4,   False,    96,  59.800,     4831,       40726,     2,    False, False
2026-08-29,  204,     4,   False,   157, 138.100,     7323,       60342,     2,    False, False
2026-08-29,  205,     4,   False,   183, 136.200,    19659,      166032,     2,    False, False
2026-08-29,  206,     4,   False,    94,  89.500,     3005,       25802,     2,    False, False
2026-08-29,  207,     4,   False,   173, 140.000,    19483,      176697,     2,    False, False
2026-08-29,  208,     4,   False,    35,  45.600,      762,        5848,     2,    False, False
2026-08-29,  209,     4,   False,   270, 194.600,    22461,      208014,     2,    False, False
2026-08-29,  210,     4,   False,    30,  38.200,      445,        3573,     2,    False, False
2026-08-29,  211,     4,   False,   265, 443.200,    12723,      118754,     2,    False,  True
2026-08-29,  212,     4,   False,    93, 122.800,     3876,       33965,     2,    False, False
2026-08-29,  213,     4,   False,   119, 143.400,     3724,       31997,     2,    False, False
2026-08-29,  214,     4,   False,   467, 443.200,    50481,      493757,     2,    False,  True
2026-08-29,  215,     4,   False,    38,  58.900,      849,        7270,     2,    False, False
2026-08-29,  216,     4,   False,   155, 204.200,     7586,       71420,     2,    False, False
2026-08-29,  217,     4,   False,    59,  88.400,     1776,       13985,     2,    False, False
2026-08-29,  218,     4,   False,    89,  91.600,     3254,       29735,     2,    False, False
2026-08-29,  219,     4,   False,    73, 114.000,     2769,       22462,     2,    False, False
2026-08-29,  220,     4,   False,   302, 161.300,    47170,      454950,     2,    False, False
2026-08-29,  221,     4,   False,    31,  55.500,      561,        4358,     2,    False, False
2026-08-29,  222,     4,   False,    61,  89.800,     1544,       12307,     2,    False, False
2026-08-29,  223,     4,   False,    89, 107.700,     3138,       27297,     2,    False, False
2026-08-29,  224,     4,   False,   216, 167.500,    11467,      102982,     2,    False, False
2026-08-29,  225,     4,   False,    65,  71.100,     2661,       22845,     2,    False, False
2026-08-29,  226,     4,   False,   163, 129.500,    17636,      149163,     2,    False, False
2026-08-29,  227,     4,   False,   163, 151.300,    13319,      121017,     2,    False, False
2026-08-29,  228,     4,   False,    54,  72.400,     1258,        9941,     2,    False, False
2026-08-29,  229,     4,   False,    47,  86.100,      886,        6985,     2,    False, False
2026-08-29,  230,     4,   False,    89,  98.400,     4207,       33231,     2,    False, False
2026-08-29,  231,     4,   False,    41,  67.200,      839,        6704,     2,    False, False
2026-08-29,  232,     4,   False,   156, 143.600,     5732,       52767,     2,    False, False
2026-08-29,  233,     4,   False,   240, 113.500,    20786,      162543,     2,    False, False
2026-08-29,  234,     4,   False,    44,  72.900,     1108,        8669,     2,    False, False
2026-08-29,  235,     4,   False,   159, 127.400,    10825,       93127,     2,    False, False
2026-08-29,  236,     4,   False,   126, 112.400,     5132,       41389,     2,    False, False
2026-08-29,  237,     4,   False,   412, 120.000,    37743,      332706,     2,    False, False
2026-08-29,  238,     4,   False,   185,  98.800,     9393,       87415,     2,    False, False
2026-08-29,  239,     4,   False,    41,  74.300,     1023,        8262,     2,    False, False
2026-08-29,  240,     4,   False,   329, 443.200,    19357,      163811,     2,    False,  True
2026-08-29,  241,     4,   False,   729, 242.300,   113203,     1020401,     2,    False, False
2026-08-29,  242,     4,   False,    87, 112.200,     3317,       29079,     2,    False, False
2026-08-29,  243,     4,   False,    44,  70.100,     1074,        8082,     2,    False, False
2026-08-29,  244,     4,   False,   276, 150.600,    18602,      170337,     2,    False, False
2026-08-29,  245,     4,   False,   272, 166.200,    23547,      192402,     2,    False, False
2026-08-29,  246,     4,   False,   182, 139.700,    15008,      137498,     2,    False, False
2026-08-29,  247,     4,   False,  1047, 136.800,   152840,     1329108,     2,    False, False
2026-08-29,  248,     4,   False,   205, 137.900,    10418,       86269,     2,    False, False
2026-08-29,  249,     4,   False,   159, 149.400,     9512,       93665,     2,    False, False
2026-08-29,  250,     4,   False,    55,  97.900,     1287,        9931,     2,    False, False
2026-08-29,  251,     4,   False,   102, 124.200,     2579,       24352,     2,    False, False
2026-08-29,  252,     4,   False,  2314, 443.200,   372704,     3836063,     2,    False,  True
2026-08-29,  253,     4,   False,   740, 443.200,    50261,      472981,     2,    False,  True
2026-08-29,  254,     4,   False,    72,  93.400,     1637,       12684,     2,    False, False
2026-08-29,  255,     4,   False,   101, 105.400,     6047,       50102,     2,    False, False
2026-08-29,  256,     4,   False,   170, 134.400,    12017,       95713,     2,    False, False
2026-08-29,  257,     4,   False,   270, 196.000,    22736,      200100,     2,    False, False
2026-08-29,  258,     4,   False,   192, 123.600,    13234,      114873,     2,    False, False
2026-08-29,  259,     4,   False,    38,  54.500,      956,        7930,     2,    False, False
2026-08-29,  260,     4,   False,    68,  87.900,     2708,       23112,     2,    False, False
2026-08-29,  261,     4,   False,   302, 443.200,    24375,      230252,     2,    False,  True
2026-08-29,  262,     4,   False,   225, 108.700,    16474,      147684,     2,    False, False
2026-08-29,  263,     4,   False,   236, 443.200,    13039,      112120,     2,    False,  True
2026-08-29,  264,     4,   False,    42,  60.300,     1648,       13339,     2,    False, False
2026-08-29,  265,     4,   False,   102,  83.500,     5374,       41065,     2,    False, False
2026-08-29,  266,     4,   False,   151, 108.600,    10252,       85831,     2,    False, False
2026-08-29,  267,     4,   False,    65, 109.400,     1976,       17514,     2,    False, False
2026-08-29,  268,     4,   False,    53,  40.500,     2134,       17565,     2,    False, False
2026-08-29,  269,     4,   False,    67, 104.600,     2016,       16488,     2,    False, False
2026-08-29,  270,     4,   False,    43,  77.000,      814,        6792,     2,    False, False
2026-08-29,  271,     4,   False,   253, 122.000,    22475,      185620,     2,    False, False
2026-08-29,  272,     4,   False,   257, 155.300,    11238,       97533,     2,    False, False
2026-08-29,  273,     4,   False,    40,  76.400,      985,        7432,     2,    False, False
2026-08-29,  274,     4,   False,   307, 443.200,    18128,      164674,     2,    False,  True
2026-08-29,  275,     4,   False,   333, 130.800,    20313,      168050,     2,    False, False
2026-08-29,  276,     4,   False,   103, 133.200,     3008,       24331,     2,    False, False
2026-08-29,  277,     4,   False,    45,  58.900,     1158,        9279,     2,    False, False
2026-08-29,  278,     4,   False,   161, 141.600,     5531,       47807,     2,    False, False
2026-08-29,  279,     4,   False,   452, 443.200,    50986,      442831,     2,    False,  True
2026-08-29,  280,     4,   False,    70, 121.700,     1846,       14195,     2,    False, False
2026-08-29,  281,     4,   False,   319, 443.200,    20467,      179416,     2,    False,  True
2026-08-29,  282,     4,   False,   416, 137.000,   118178,      990862,     2,    False, False
2026-08-29,  283,     4,   False,    65, 128.700,     1785,       14618,     2,    False, False
2026-08-29,  284,     4,   False,    36,  50.000,      969,        6985,     2,    False, False
2026-08-29,  285,     4,   False,   219, 158.400,    20548,      169075,     2,    False, False
2026-08-29,  286,     4,   False,   276, 116.100,    19986,      155458,     2,    False, False
2026-08-29,  287,     4,   False,   111, 122.200,     2493,       20425,     2,    False, False
2026-08-29,  288,     4,   False,    39,  64.500,      805,        6154,     2,    False, False
2026-08-29,  289,     4,   False,    65,  71.200,     2737,       24141,     2,    False, False
2026-08-29,  290,     4,   False,    19,  26.800,      364,        3066,     2,    False, False
2026-08-29,  291,     4,   False,    58,  94.700,     1982,       15725,     2,    False, False
2026-08-29,  292,     4,   False,    38,  77.700,     1272,        9918,     2,    False, False
2026-08-29,  293,     4,   False,    27,  41.400,      506,        4100,     2,    False, False
2026-08-29,  294,     4,   False,    54, 108.800,     1179,        9245,     2,    False, False
2026-08-29,  295,     4,   False,   195, 153.200,    14608,      126409,     2,    False, False
2026-08-29,  296,     4,   False,    87, 114.900,     3267,       29631,     2,    False, False
2026-08-29,  297,     4,   False,    79,  99.000,     1959,       16728,     2,    False, False
2026-08-29,  298,     4,   False,    26,  39.200,      869,        6861,     2,    False, False
2026-08-29,  299,     4,   False,   114, 117.200,     7890,       69949,     2,    False, False
2026-08-29,  100,     4,   False,   868, 443.200,   230793,     2834651,     3,    False,  True
2026-08-29,  101,     4,   False,    72,  92.600,    20031,      237001,     3,    False, False
2026-08-29,  102,     4,   False,   232, 213.300,    28573,      328309,     3,    False, False
2026-08-29,  103,     4,   False,   174, 184.000,    13441,      147369,     3,    False, False
2026-08-29,  104,     4,   False,   631, 183.700,   121273,     1364657,     3,    False, False
2026-08-29,  105,     4,   False,   301, 165.400,    50650,      600272,     3,    False, False
2026-08-29,  106,     4,   False,   272, 104.300,    43850,      467633,     3,    False, False
2026-08-29,  107,     4,   False,   556, 443.200,   198116,     2437146,     3,    False,  True
2026-08-29,  108,     4,   False,    68,  78.900,     4474,       47542,     3,    False, False
2026-08-29,  109,     4,   False,   133,  86.700,    10876,      119651,     3,    False, False
2026-08-29,  110,     4,   False,    41,  63.500,     1914,       18536,     3,    False, False
2026-08-29,  111,     4,   False,   205, 181.500,    26478,      310105,     3,    False, False
2026-08-29,  112,     4,   False,   726, 443.200,   306923,     4002062,     3,    False,  True
2026-08-29,  113,     4,   False,    52,  72.000,     2901,       28851,     3,    False, False
2026-08-29,  114,     4,   False,    66, 109.200,     4634,       47707,     3,    False, False
2026-08-29,  115,     4,   False,   198, 153.700,    18764,      222109,     3,    False, False
2026-08-29,  116,     4,   False,   163, 103.500,    25834,      265666,     3,    False, False
2026-08-29,  117,     4,   False,   392, 188.700,   118846,     1371408,     3,    False, False
2026-08-29,  118,     4,   False,    96,  81.300,    11042,      118179,     3,    False, False
2026-08-29,  119,     4,   False,    83,  93.600,     8125,       88848,     3,    False, False
2026-08-29,  120,     4,   False,   103, 114.800,    14311,      136656,     3,    False, False
2026-08-29,  121,     4,   False,   248, 235.900,    25330,      283417,     3,    False, False
2026-08-29,  122,     4,   False,    69, 103.900,     3803,       42072,     3,    False, False
2026-08-29,  123,     4,   False,   517, 106.600,   315959,     3379713,     3,    False, False
2026-08-29,  124,     4,   False,   301, 175.700,    36638,      413499,     3,    False, False
2026-08-29,  125,     4,   False,   896, 183.500,   548127,     7552639,     3,    False, False
2026-08-29,  126,     4,   False,    37,  47.700,     1796,       17355,     3,    False, False
2026-08-29,  127,     4,   False,    90, 127.300,     6193,       64410,     3,    False, False
2026-08-29,  128,     4,   False,    93, 164.200,    11109,      124408,     3,    False, False
2026-08-29,  129,     4,   False,   581, 175.600,   185256,     2197088,     3,    False, False
2026-08-29,  130,     4,   False,    88,  95.100,     4396,       48951,     3,    False, False
2026-08-29,  131,     4,   False,   161, 101.900,    21686,      224090,     3,    False, False
2026-08-29,  132,     4,   False,  1018, 192.200,   481909,     6299893,     3,    False, False
2026-08-29,  133,     4,   False,    83, 122.200,     6858,       66459,     3,    False, False
2026-08-29,  134,     4,   False,    57, 101.600,     3282,       32234,     3,    False, False
2026-08-29,  135,     4,   False,   103, 163.600,     5039,       54096,     3,    False, False
2026-08-29,  136,     4,   False,   424, 178.700,    86853,     1024782,     3,    False, False
2026-08-29,  137,     4,   False,    41,  52.600,     3010,       31046,     3,    False, False
2026-08-29,  138,     4,   False,   105, 149.900,     4307,       47550,     3,    False, False
2026-08-29,  139,     4,   False,  1540, 174.300,   481903,     5983089,     3,    False, False
2026-08-29,  140,     4,   False,   803, 180.700,   436246,     5165555,     3,    False, False
2026-08-29,  141,     4,   False,   149, 160.800,    15905,      188964,     3,    False, False
2026-08-29,  142,     4,   False,    56,  78.600,     3021,       31478,     3,    False, False
2026-08-29,  143,     4,   False,   322, 181.800,    59440,      641257,     3,    False, False
2026-08-29,  144,     4,   False,    81,  99.200,     5423,       61082,     3,    False, False
2026-08-29,  145,     4,   False,  1754, 443.200,   556149,     7650180,     3,    False,  True
2026-08-29,  146,     4,   False,    44,  69.200,     2008,       21169,     3,    False, False
2026-08-29,  147,     4,   False,  1895, 443.200,   572157,     7815724,     3,    False,  True
2026-08-29,  148,     4,   False,    47,  69.300,     2999,       31010,     3,    False, False
2026-08-29,  149,     4,   False,   217, 137.100,    42423,      519896,     3,    False, False
2026-08-29,  150,     4,   False,   340, 443.200,    41047,      478171,     3,    False,  True
2026-08-29,  151,     4,   False,    78, 105.300,    16848,      188750,     3,    False, False
2026-08-29,  152,     4,   False,    60, 101.100,     3146,       30558,     3,    False, False
2026-08-29,  153,     4,   False,   141, 154.400,    10102,      119190,     3,    False, False
2026-08-29,  154,     4,   False,  1509, 135.800,  1180627,    17886499,     3,    False, False
2026-08-29,  155,     4,   False,    93,  79.600,     4529,       46470,     3,    False, False
2026-08-29,  156,     4,   False,   616, 182.500,   432423,     5780614,     3,    False, False
2026-08-29,  157,     4,   False,   195, 151.600,    24508,      263883,     3,    False, False
2026-08-29,  158,     4,   False,   251, 118.500,    56510,      604237,     3,    False, False
2026-08-29,  159,     4,   False,   402, 158.300,    98377,     1187132,     3,    False, False
2026-08-29,  160,     4,   False,   149, 103.000,    26878,      306519,     3,    False, False
2026-08-29,  161,     4,   False,    42,  54.300,     4953,       51129,     3,    False, False
2026-08-29,  162,     4,   False,   622, 148.200,   472310,     5467390,     3,    False, False
2026-08-29,  163,     4,   False,   305, 121.600,    48587,      524126,     3,    False, False
2026-08-29,  164,     4,   False,   144, 127.500,    11697,      133679,     3,    False, False
2026-08-29,  165,     4,   False,    87, 128.100,     7278,       78781,     3,    False, False
2026-08-29,  166,     4,   False,   340, 139.400,    50716,      569723,     3,    False, False
2026-08-29,  167,     4,   False,   324, 225.000,    97924,     1178557,     3,    False, False
2026-08-29,  168,     4,   False,    42,  62.500,     2996,       32415,     3,    False, False
2026-08-29,  169,     4,   False,    74, 132.500,     5597,       59662,     3,    False, False
2026-08-29,  170,     4,   False,    61,  83.100,     4215,       42735,     3,    False, False
2026-08-29,  171,     4,   False,    57,  98.900,     3115,       33598,     3,    False, False
2026-08-29,  172,     4,   False,   223, 124.900,    60191,      589987,     3,    False, False
2026-08-29,  173,     4,   False,   237, 212.700,    48804,      602700,     3,    False, False
2026-08-29,  174,     4,   False,   104, 134.000,    10354,      103687,     3,    False, False
2026-08-29,  175,     4,   False,   329, 119.400,   146327,     1696245,     3,    False, False
2026-08-29,  176,     4,   False,   111, 127.300,     8568,       99429,     3,    False, False
2026-08-29,  177,     4,   False,   118, 119.700,    11306,      127118,     3,    False, False
2026-08-29,  178,     4,   False,   109, 146.200,     7220,       81504,     3,    False, False
2026-08-29,  179,     4,   False,    51,  57.400,     2314,       23472,     3,    False, False
2026-08-29,  180,     4,   False,    40,  52.100,     4003,       38182,     3,    False, False
2026-08-29,  181,     4,   False,   143,  82.400,    19202,      219402,     3,    False, False
2026-08-29,  182,     4,   False,   305, 117.000,    47179,      533973,     3,    False, False
2026-08-29,  183,     4,   False,    45,  67.000,     3394,       35055,     3,    False, False
2026-08-29,  184,     4,   False,   205, 130.400,    29693,      329877,     3,    False, False
2026-08-29,  185,     4,   False,   500, 443.200,   140903,     1859206,     3,    False,  True
2026-08-29,  186,     4,   False,   331,  96.000,    92450,      964124,     3,    False, False
2026-08-29,  187,     4,   False,   133, 175.200,    13852,      166973,     3,    False, False
2026-08-29,  188,     4,   False,   453, 443.200,   112305,     1316319,     3,    False,  True
2026-08-29,  189,     4,   False,    57,  81.600,     1998,       22472,     3,    False, False
2026-08-29,  190,     4,   False,   379, 159.200,    77938,      918642,     3,    False, False
2026-08-29,  191,     4,   False,   744, 212.000,   392167,     5271753,     3,    False, False
2026-08-29,  192,     4,   False,    45,  65.300,     4215,       41261,     3,    False, False
2026-08-29,  193,     4,   False,    35,  39.500,     1819,       17008,     3,    False, False
2026-08-29,  194,     4,   False,   153, 154.900,    21966,      289186,     3,    False, False
2026-08-29,  195,     4,   False,    80,  94.400,     6269,       64142,     3,    False, False
2026-08-29,  196,     4,   False,     1,   6.000,        2,          39,     3,    False, False
2026-08-29,  197,     4,   False,   116,  89.900,    20686,      241676,     3,    False, False
2026-08-29,  198,     4,   False,   105, 130.600,     6829,       78306,     3,    False, False
2026-08-29,  199,     4,   False,    37,  61.400,     1677,       19592,     3,    False, False
2026-08-29,  200,     4,   False,    62,  68.800,     5039,       58537,     3,    False, False
2026-08-29,  201,     4,   False,   247, 142.000,    47871,      542352,     3,    False, False
2026-08-29,  202,     4,   False,   106,  94.500,     7670,       89780,     3,    False, False
2026-08-29,  203,     4,   False,   162,  61.000,    14999,      166650,     3,    False, False
2026-08-29,  204,     4,   False,   444, 147.200,   117644,     1467198,     3,    False, False
2026-08-29,  205,     4,   False,   460, 198.900,   147876,     1813636,     3,    False, False
2026-08-29,  206,     4,   False,  1071, 443.200,   786104,    11039044,     3,    False,  True
2026-08-29,  207,     4,   False,   115, 134.500,    12364,      145673,     3,    False, False
2026-08-29,  208,     4,   False,  2245, 124.700,  1942078,    26895619,     3,    False, False
2026-08-29,  209,     4,   False,   537, 227.600,   239140,     2618721,     3,    False, False
2026-08-29,  210,     4,   False,    88,  69.900,     5905,       61681,     3,    False, False
2026-08-29,  211,     4,   False,   243, 443.200,    24636,      312297,     3,    False,  True
2026-08-29,  212,     4,   False,   133, 118.400,    25844,      275936,     3,    False, False
2026-08-29,  213,     4,   False,    97, 105.400,     4617,       49642,     3,    False, False
2026-08-29,  214,     4,   False,   875, 443.200,   204972,     2681480,     3,    False,  True
2026-08-29,  215,     4,   False,    48,  71.400,     2394,       25117,     3,    False, False
2026-08-29,  216,     4,   False,   344, 250.500,    70088,      899772,     3,    False, False
2026-08-29,  217,     4,   False,   121, 139.200,     8267,       89852,     3,    False, False
2026-08-29,  218,     4,   False,    43,  54.600,     2089,       20918,     3,    False, False
2026-08-29,  219,     4,   False,   241, 208.700,    73824,      843030,     3,    False, False
2026-08-29,  220,     4,   False,   120, 169.900,    16604,      210256,     3,    False, False
2026-08-29,  221,     4,   False,    60,  79.600,     3190,       35950,     3,    False, False
2026-08-29,  222,     4,   False,    67, 114.400,     4714,       52838,     3,    False, False
2026-08-29,  223,     4,   False,   218, 131.700,    25188,      284982,     3,    False, False
2026-08-29,  224,     4,   False,   204, 191.600,    40190,      458813,     3,    False, False
2026-08-29,  225,     4,   False,   173, 117.400,    16060,      186794,     3,    False, False
2026-08-29,  226,     4,   False,   205, 158.900,    38750,      430774,     3,    False, False
2026-08-29,  227,     4,   False,   140, 104.200,    21353,      272388,     3,    False, False
2026-08-29,  228,     4,   False,    71,  87.700,     4096,       41730,     3,    False, False
2026-08-29,  229,     4,   False,    55, 104.300,     1990,       20444,     3,    False, False
2026-08-29,  230,     4,   False,   117, 125.500,    11839,      127595,     3,    False, False
2026-08-29,  231,     4,   False,    58,  87.300,     2792,       30335,     3,    False, False
2026-08-29,  232,     4,   False,   507, 443.200,    79267,      925004,     3,    False,  True
2026-08-29,  233,     4,   False,    50,  77.300,     3198,       31322,     3,    False, False
2026-08-29,  234,     4,   False,    66,  95.700,     4967,       55370,     3,    False, False
2026-08-29,  235,     4,   False,    93,  80.400,    13993,      152783,     3,    False, False
2026-08-29,  236,     4,   False,   209, 167.700,    15777,      174686,     3,    False, False
2026-08-29,  237,     4,   False,    74, 106.000,     3150,       34167,     3,    False, False
2026-08-29,  238,     4,   False,    46,  52.800,     2405,       25281,     3,    False, False
2026-08-29,  239,     4,   False,   373, 112.700,   145295,     1823949,     3,    False, False
2026-08-29,  240,     4,   False,   309, 443.200,    41662,      477015,     3,    False,  True
2026-08-29,  241,     4,   False,   504, 179.000,   124041,     1495414,     3,    False, False
2026-08-29,  242,     4,   False,   205, 159.000,    42146,      518396,     3,    False, False
2026-08-29,  243,     4,   False,    86, 156.800,     5067,       57650,     3,    False, False
2026-08-29,  244,     4,   False,   270, 166.300,   112978,     1452582,     3,    False, False
2026-08-29,  245,     4,   False,   565, 443.200,   138596,     1688618,     3,    False,  True
2026-08-29,  246,     4,   False,   110, 118.200,     7806,       88977,     3,    False, False
2026-08-29,  247,     4,   False,  1219, 138.500,   587725,     7208960,     3,    False, False
2026-08-29,  248,     4,   False,   226, 142.300,    24570,      267059,     3,    False, False
2026-08-29,  249,     4,   False,    82,  81.600,     5745,       60728,     3,    False, False
2026-08-29,  250,     4,   False,   267, 124.200,    45669,      562226,     3,    False, False
2026-08-29,  251,     4,   False,    95, 112.500,     5082,       59606,     3,    False, False
2026-08-29,  252,     4,   False,  3441, 443.200,  3708166,    68207070,     3,    False,  True
2026-08-29,  253,     4,   False,   666, 443.200,    70061,      908596,     3,    False,  True
2026-08-29,  254,     4,   False,    80, 101.300,     3421,       35677,     3,    False, False
2026-08-29,  255,     4,   False,   118, 132.100,     7705,       86553,     3,    False, False
2026-08-29,  256,     4,   False,   281,  96.500,    39104,      394296,     3,    False, False
2026-08-29,  257,     4,   False,   138, 116.800,     9646,      100640,     3,    False, False
2026-08-29,  258,     4,   False,    40,  55.700,     1980,       20703,     3,    False, False
2026-08-29,  259,     4,   False,   158, 112.700,    18662,      224927,     3,    False, False
2026-08-29,  260,     4,   False,   113, 112.300,    10465,      124633,     3,    False, False
2026-08-29,  261,     4,   False,   287, 443.200,    56551,      611740,     3,    False,  True
2026-08-29,  262,     4,   False,    35,  52.200,     1667,       16878,     3,    False, False
2026-08-29,  263,     4,   False,   171, 216.900,    23855,      291141,     3,    False, False
2026-08-29,  264,     4,   False,   675, 246.100,   330501,     3841664,     3,    False, False
2026-08-29,  265,     4,   False,    76,  63.800,     9747,       90184,     3,    False, False
2026-08-29,  266,     4,   False,   108, 139.300,     8059,       95780,     3,    False, False
2026-08-29,  267,     4,   False,   160, 166.400,    37179,      438398,     3,    False, False
2026-08-29,  268,     4,   False,   199,  92.000,    84810,      933113,     3,    False, False
2026-08-29,  269,     4,   False,   127, 129.200,    18654,      201405,     3,    False, False
2026-08-29,  270,     4,   False,    40,  58.700,     1463,       15511,     3,    False, False
2026-08-29,  271,     4,   False,   375, 131.300,   139089,     1565686,     3,    False, False
2026-08-29,  272,     4,   False,   748, 443.200,   227946,     2594185,     3,    False,  True
2026-08-29,  273,     4,   False,    40,  74.900,     2050,       20747,     3,    False, False
2026-08-29,  274,     4,   False,   299, 145.400,    32933,      391428,     3,    False, False
2026-08-29,  275,     4,   False,    42,  58.800,     3459,       33944,     3,    False, False
2026-08-29,  276,     4,   False,   363, 200.400,   126486,     1522843,     3,    False, False
2026-08-29,  277,     4,   False,   104,  89.200,     6662,       79965,     3,    False, False
2026-08-29,  278,     4,   False,   382, 212.000,   124262,     1479221,     3,    False, False
2026-08-29,  279,     4,   False,   340,  80.800,    50519,      581237,     3,    False, False
2026-08-29,  280,     4,   False,   225, 153.700,    27191,      274674,     3,    False, False
2026-08-29,  281,     4,   False,   131, 141.700,    29931,      342771,     3,    False, False
2026-08-29,  282,     4,   False,   124, 111.400,    25312,      315712,     3,    False, False
2026-08-29,  283,     4,   False,   212, 183.900,    32032,      352111,     3,    False, False
2026-08-29,  284,     4,   False,    35,  49.800,     2483,       25491,     3,    False, False
2026-08-29,  285,     4,   False,   438, 443.200,   135683,     1557325,     3,    False,  True
2026-08-29,  286,     4,   False,   110, 103.200,     4664,       49059,     3,    False, False
2026-08-29,  287,     4,   False,   176, 163.700,    14529,      169384,     3,    False, False
2026-08-29,  288,     4,   False,    40,  51.200,     2109,       21314,     3,    False, False
2026-08-29,  289,     4,   False,    40,  59.600,     2648,       27375,     3,    False, False
2026-08-29,  290,     4,   False,    24,  29.200,     1064,       11186,     3,    False, False
2026-08-29,  291,     4,   False,    85, 112.200,     6018,       61674,     3,    False, False
2026-08-29,  292,     4,   False,   137, 154.900,    26591,      274289,     3,    False, False
2026-08-29,  293,     4,   False,    49,  73.900,     2200,       21256,     3,    False, False
2026-08-29,  294,     4,   False,   260, 127.200,    40898,      492216,     3,    False, False
2026-08-29,  295,     4,   False,   214, 129.200,    17290,      192519,     3,    False, False
2026-08-29,  296,     4,   False,    54,  88.200,     3443,       34154,     3,    False, False
2026-08-29,  297,     4,   False,   164, 145.100,    13932,      156796,     3,    False, False
2026-08-29,  298,     4,   False,   859, 190.500,   376652,     4702458,     3,    False, False
2026-08-29,  299,     4,   False,   390, 168.200,    76049,      914517,     3,    False, False
2026-08-29,  100,     4,   False,    99, 110.000,    21425,      326724,     4,    False, False
2026-08-29,  101,     4,   False,  1099, 168.700,  1956418,    29289142,     4,    False, False
2026-08-29,  102,     4,   False,  1037, 443.200,   891354,    13286791,     4,    False,  True
2026-08-29,  103,     4,   False,   326, 443.200,   113711,     1677947,     4,    False,  True
2026-08-29,  104,     4,   False,   717, 443.200,   821648,    13004170,     4,    False,  True
2026-08-29,  105,     4,   False,   966, 165.100,   325395,     5290801,     4,    False, False
2026-08-29,  106,     4,   False,   244, 230.000,    59648,      878740,     4,    False, False
2026-08-29,  107,     4,   False,    80,  97.400,    17073,      241504,     4,    False, False
2026-08-29,  108,     4,   False,    68,  87.000,     5725,       78831,     4,    False, False
2026-08-29,  109,     4,   False,   346,  91.900,   185243,     2907007,     4,    False, False
2026-08-29,  110,     4,   False,    45,  74.400,     5166,       69878,     4,    False, False
2026-08-29,  111,     4,   False,   160, 182.100,    30308,      435143,     4,    False, False
2026-08-29,  112,     4,   False,   683, 175.800,   279998,     4216771,     4,    False, False
2026-08-29,  113,     4,   False,   279, 191.800,   185273,     2464079,     4,    False, False
2026-08-29,  114,     4,   False,    72, 110.300,    10291,      132878,     4,    False, False
2026-08-29,  115,     4,   False,   431, 272.800,   249897,     3637928,     4,    False, False
2026-08-29,  116,     4,   False,   183, 122.100,    51335,      693701,     4,    False, False
2026-08-29,  117,     4,   False,  1576, 199.000,  2247701,    41653384,     4,    False, False
2026-08-29,  118,     4,   False,   258, 154.300,    61342,      906193,     4,    False, False
2026-08-29,  119,     4,   False,    83,  96.300,    15841,      235628,     4,    False, False
2026-08-29,  120,     4,   False,   319, 183.700,   355853,     5201424,     4,    False, False
2026-08-29,  121,     4,   False,   209, 443.200,   123145,     1782887,     4,    False,  True
2026-08-29,  122,     4,   False,    84, 109.300,    11649,      161457,     4,    False, False
2026-08-29,  123,     4,   False,   306, 101.600,   761545,    10711782,     4,    False, False
2026-08-29,  124,     4,   False,    84,  56.200,    11606,      145769,     4,    False, False
2026-08-29,  125,     4,   False,   139, 116.900,    16161,      231777,     4,    False, False
2026-08-29,  126,     4,   False,    44,  53.900,     4580,       53984,     4,    False, False
2026-08-29,  127,     4,   False,   123, 150.500,    18338,      260112,     4,    False, False
2026-08-29,  128,     4,   False,   324, 443.200,   106642,     1585647,     4,    False,  True
2026-08-29,  129,     4,   False,   724, 443.200,   622855,     9864288,     4,    False,  True
2026-08-29,  130,     4,   False,   116,  98.500,    15354,      212788,     4,    False, False
2026-08-29,  131,     4,   False,   272, 106.400,    76956,      992547,     4,    False, False
2026-08-29,  132,     4,   False,   239, 155.200,    54614,      787719,     4,    False, False
2026-08-29,  133,     4,   False,   201, 114.900,   236049,     3387824,     4,    False, False
2026-08-29,  134,     4,   False,   211, 443.200,    56792,      894151,     4,    False,  True
2026-08-29,  135,     4,   False,   101, 158.100,     9180,      123317,     4,    False, False
2026-08-29,  136,     4,   False,   150, 134.600,    36427,      498674,     4,    False, False
2026-08-29,  137,     4,   False,   277, 119.300,   231772,     3238015,     4,    False, False
2026-08-29,  138,     4,   False,   111, 153.600,     8197,      110406,     4,    False, False
2026-08-29,  139,     4,   False,  1203, 443.200,   661301,    10206303,     4,    False,  True
2026-08-29,  140,     4,   False,   147, 109.200,   105414,     1425950,     4,    False, False
2026-08-29,  141,     4,   False,   261, 186.000,   202952,     3140213,     4,    False, False
2026-08-29,  142,     4,   False,    68, 108.100,     8993,      116307,     4,    False, False
2026-08-29,  143,     4,   False,   581, 218.700,   531603,     7899606,     4,    False, False
2026-08-29,  144,     4,   False,   102, 112.100,    19388,      248485,     4,    False, False
2026-08-29,  145,     4,   False,  1380, 443.200,   971648,    16412014,     4,    False,  True
2026-08-29,  146,     4,   False,    45,  69.200,     4709,       62837,     4,    False, False
2026-08-29,  147,     4,   False,   368, 143.800,   189870,     2770267,     4,    False, False
2026-08-29,  148,     4,   False,    63,  97.300,     9308,      119972,     4,    False, False
2026-08-29,  149,     4,   False,   195, 170.800,    39972,      566407,     4,    False, False
2026-08-29,  150,     4,   False,   496, 443.200,   239850,     3705858,     4,    False,  True
2026-08-29,  151,     4,   False,    56,  81.600,     8298,      107354,     4,    False, False
2026-08-29,  152,     4,   False,    68, 109.100,     6755,       88328,     4,    False, False
2026-08-29,  153,     4,   False,   469, 241.300,   356394,     5462413,     4,    False, False
2026-08-29,  154,     4,   False,    74,  89.200,    10414,      131462,     4,    False, False
2026-08-29,  155,     4,   False,    93,  79.600,     7779,      100207,     4,    False, False
2026-08-29,  156,     4,   False,   363, 170.500,   108037,     1662795,     4,    False, False
2026-08-29,  157,     4,   False,   137, 164.100,    20227,      280446,     4,    False, False
2026-08-29,  158,     4,   False,   165, 150.300,    67703,     1140705,     4,    False, False
2026-08-29,  159,     4,   False,   101, 153.400,     8857,      130221,     4,    False, False
2026-08-29,  160,     4,   False,  1051,  88.600,  1489586,    25762561,     4,    False, False
2026-08-29,  161,     4,   False,    50,  60.200,    10864,      133126,     4,    False, False
2026-08-29,  162,     4,   False,    48,  83.300,     4791,       63199,     4,    False, False
2026-08-29,  163,     4,   False,   206, 117.800,   105405,     1331105,     4,    False, False
2026-08-29,  164,     4,   False,   589, 150.400,   252585,     3819151,     4,    False, False
2026-08-29,  165,     4,   False,   111, 176.600,    15190,      213009,     4,    False, False
2026-08-29,  166,     4,   False,   132, 141.700,    17769,      251613,     4,    False, False
2026-08-29,  167,     4,   False,    84, 138.700,    19181,      252743,     4,    False, False
2026-08-29,  168,     4,   False,    32,  37.000,     2642,       33702,     4,    False, False
2026-08-29,  169,     4,   False,    56,  83.300,    10348,      144854,     4,    False, False
2026-08-29,  170,     4,   False,   206,  91.500,   124123,     1650506,     4,    False, False
2026-08-29,  171,     4,   False,    49,  84.600,     3359,       44936,     4,    False, False
2026-08-29,  172,     4,   False,   318, 128.300,   159380,     2138202,     4,    False, False
2026-08-29,  173,     4,   False,   334, 215.500,   110049,     1593224,     4,    False, False
2026-08-29,  174,     4,   False,   190, 186.300,    47736,      700833,     4,    False, False
2026-08-29,  175,     4,   False,   156, 101.400,    28735,      400075,     4,    False, False
2026-08-29,  176,     4,   False,    47,  69.000,    10602,      127197,     4,    False, False
2026-08-29,  177,     4,   False,   112, 118.100,    19694,      284791,     4,    False, False
2026-08-29,  178,     4,   False,    66, 109.100,    15982,      229581,     4,    False, False
2026-08-29,  179,     4,   False,    55,  60.600,     5473,       72398,     4,    False, False
2026-08-29,  180,     4,   False,   218,  95.500,    48982,      710936,     4,    False, False
2026-08-29,  181,     4,   False,   342,  83.800,   498491,     7376160,     4,    False, False
2026-08-29,  182,     4,   False,    58,  61.300,     4191,       55063,     4,    False, False
2026-08-29,  183,     4,   False,   149, 123.000,    45475,      674380,     4,    False, False
2026-08-29,  184,     4,   False,   361, 181.100,   143017,     1967059,     4,    False, False
2026-08-29,  185,     4,   False,  1275, 270.300,  1069583,    18066395,     4,    False, False
2026-08-29,  186,     4,   False,   571, 155.800,   821328,    11504261,     4,    False, False
2026-08-29,  187,     4,   False,   250, 189.100,    83815,     1229637,     4,    False, False
2026-08-29,  188,     4,   False,   193, 221.200,    39802,      567337,     4,    False, False
2026-08-29,  189,     4,   False,    80,  98.300,     5284,       72444,     4,    False, False
2026-08-29,  190,     4,   False,   111, 119.800,    29138,      409497,     4,    False, False
2026-08-29,  191,     4,   False,   198, 171.400,    73801,     1058624,     4,    False, False
2026-08-29,  192,     4,   False,    53,  75.800,    12317,      148590,     4,    False, False
2026-08-29,  193,     4,   False,    40,  43.500,     4988,       58789,     4,    False, False
2026-08-29,  194,     4,   False,    68, 110.800,    12823,      162121,     4,    False, False
2026-08-29,  195,     4,   False,   171, 161.100,    73333,     1049554,     4,    False, False
2026-08-29,  196,     4,   False,     1,   6.000,        2,          25,     4,    False, False
2026-08-29,  197,     4,   False,    89,  97.400,    15674,      226798,     4,    False, False
2026-08-29,  198,     4,   False,    80, 116.900,     8937,      121771,     4,    False, False
2026-08-29,  199,     4,   False,    46,  67.100,     3767,       50980,     4,    False, False
2026-08-29,  200,     4,   False,   896, 130.500,   576749,     8542473,     4,    False, False
2026-08-29,  201,     4,   False,   309, 171.800,    85606,     1214814,     4,    False, False
2026-08-29,  202,     4,   False,   102,  87.200,    27006,      396635,     4,    False, False
2026-08-29,  203,     4,   False,   447, 112.700,   489398,     7625964,     4,    False, False
2026-08-29,  204,     4,   False,   124, 156.800,    51040,      676071,     4,    False, False
2026-08-29,  205,     4,   False,   142, 146.800,    22528,      314415,     4,    False, False
2026-08-29,  206,     4,   False,   349, 155.700,   216727,     3572995,     4,    False, False
2026-08-29,  207,     4,   False,   310, 158.200,   119772,     1873578,     4,    False, False
2026-08-29,  208,     4,   False,  3095, 205.100,  7730572,   147120478,     4,    False, False
2026-08-29,  209,     4,   False,   288, 145.600,   247294,     3675570,     4,    False, False
2026-08-29,  210,     4,   False,    38,  42.500,     2697,       33859,     4,    False, False
2026-08-29,  211,     4,   False,   716, 443.200,   500635,     8384074,     4,    False,  True
2026-08-29,  212,     4,   False,   138, 146.000,    68260,      940006,     4,    False, False
2026-08-29,  213,     4,   False,   648, 443.200,  1601611,    26999216,     4,    False,  True
2026-08-29,  214,     4,   False,  1254, 443.200,  1352650,    24424785,     4,    False,  True
2026-08-29,  215,     4,   False,    61,  78.200,     6224,       79475,     4,    False, False
2026-08-29,  216,     4,   False,    60, 102.800,     5525,       78506,     4,    False, False
2026-08-29,  217,     4,   False,   162, 105.000,    33923,      432389,     4,    False, False
2026-08-29,  218,     4,   False,    43,  58.200,     4043,       51284,     4,    False, False
2026-08-29,  219,     4,   False,    80, 122.600,     9580,      132883,     4,    False, False
2026-08-29,  220,     4,   False,   262, 183.300,   192224,     2969777,     4,    False, False
2026-08-29,  221,     4,   False,    94, 106.000,    21484,      312044,     4,    False, False
2026-08-29,  222,     4,   False,    99, 130.900,    17224,      254695,     4,    False, False
2026-08-29,  223,     4,   False,   507, 122.500,   163116,     2320013,     4,    False, False
2026-08-29,  224,     4,   False,   110, 113.100,    72896,     1035792,     4,    False, False
2026-08-29,  225,     4,   False,   201, 115.700,    34900,      501413,     4,    False, False
2026-08-29,  226,     4,   False,   224, 113.500,    95222,     1305906,     4,    False, False
2026-08-29,  227,     4,   False,   165, 122.400,    51132,      784685,     4,    False, False
2026-08-29,  228,     4,   False,   316, 221.700,   275755,     3737202,     4,    False, False
2026-08-29,  229,     4,   False,   112, 180.500,    21056,      305229,     4,    False, False
2026-08-29,  230,     4,   False,   120, 125.500,    25955,      360224,     4,    False, False
2026-08-29,  231,     4,   False,   122, 105.500,    21922,      306752,     4,    False, False
2026-08-29,  232,     4,   False,   476, 443.200,   190426,     2882083,     4,    False,  True
2026-08-29,  233,     4,   False,   125, 129.500,    28674,      423656,     4,    False, False
2026-08-29,  234,     4,   False,   336, 161.000,   123881,     1853357,     4,    False, False
2026-08-29,  235,     4,   False,    88, 105.700,    11615,      159659,     4,    False, False
2026-08-29,  236,     4,   False,   303, 159.300,   102867,     1448549,     4,    False, False
2026-08-29,  237,     4,   False,    47,  53.200,     3676,       49521,     4,    False, False
2026-08-29,  238,     4,   False,   146, 120.300,    37067,      565138,     4,    False, False
2026-08-29,  239,     4,   False,   208, 139.500,   142042,     2228420,     4,    False, False
2026-08-29,  240,     4,   False,   352, 443.200,   134455,     2133431,     4,    False,  True
2026-08-29,  241,     4,   False,   246, 227.900,    48967,      761938,     4,    False, False
2026-08-29,  242,     4,   False,    69, 113.100,     8384,      110523,     4,    False, False
2026-08-29,  243,     4,   False,    72,  92.900,    10292,      145749,     4,    False, False
2026-08-29,  244,     4,   False,   349, 443.200,   177401,     2625733,     4,    False,  True
2026-08-29,  245,     4,   False,  1552, 443.200,  1533269,    26260107,     4,    False,  True
2026-08-29,  246,     4,   False,   189, 136.500,    75013,      984169,     4,    False, False
2026-08-29,  247,     4,   False,   164, 108.400,    31889,      399538,     4,    False, False
2026-08-29,  248,     4,   False,   266, 136.100,    67888,      940857,     4,    False, False
2026-08-29,  249,     4,   False,   263, 121.800,   295091,     4521114,     4,    False, False
2026-08-29,  250,     4,   False,   223, 173.000,    45347,      653944,     4,    False, False
2026-08-29,  251,     4,   False,    52,  76.000,     8736,      104552,     4,    False, False
2026-08-29,  252,     4,   False,  3007, 181.800, 11672363,   301193125,     4,     True, False
2026-08-29,  253,     4,   False,   534, 443.200,   155852,     2439147,     4,    False,  True
2026-08-29,  254,     4,   False,    78, 101.300,     5918,       78475,     4,    False, False
2026-08-29,  255,     4,   False,   139, 157.200,    22786,      365795,     4,    False, False
2026-08-29,  256,     4,   False,  1432, 443.200,  1721489,    32070707,     4,    False,  True
2026-08-29,  257,     4,   False,   149, 118.200,    34987,      467451,     4,    False, False
2026-08-29,  258,     4,   False,    47,  73.500,     5192,       69455,     4,    False, False
2026-08-29,  259,     4,   False,    72, 108.000,    10272,      149331,     4,    False, False
2026-08-29,  260,     4,   False,   228, 191.700,    70030,     1052089,     4,    False, False
2026-08-29,  261,     4,   False,   168, 180.800,    31408,      478239,     4,    False, False
2026-08-29,  262,     4,   False,    65,  83.400,     9156,      122207,     4,    False, False
2026-08-29,  263,     4,   False,   509, 167.100,   674936,    10341636,     4,    False, False
2026-08-29,  264,     4,   False,   148,  94.300,    38082,      536023,     4,    False, False
2026-08-29,  265,     4,   False,    76,  63.800,    19704,      234750,     4,    False, False
2026-08-29,  266,     4,   False,  2973, 178.500,  6473804,   177123076,     4,    False, False
2026-08-29,  267,     4,   False,   138, 172.200,    20844,      288894,     4,    False, False
2026-08-29,  268,     4,   False,    79,  71.000,    14187,      184672,     4,    False, False
2026-08-29,  269,     4,   False,   543, 168.300,   193052,     2986533,     4,    False, False
2026-08-29,  270,     4,   False,    40,  58.700,     2674,       36974,     4,    False, False
2026-08-29,  271,     4,   False,   399, 166.100,   364383,     5256746,     4,    False, False
2026-08-29,  272,     4,   False,  1097, 175.900,   915171,    12930754,     4,    False, False
2026-08-29,  273,     4,   False,    59,  91.300,     7924,      105214,     4,    False, False
2026-08-29,  274,     4,   False,   453, 443.200,   130332,     2012843,     4,    False,  True
2026-08-29,  275,     4,   False,   193, 139.600,    51382,      709924,     4,    False, False
2026-08-29,  276,     4,   False,   358, 443.200,   175638,     2807980,     4,    False,  True
2026-08-29,  277,     4,   False,    57,  68.700,     7115,       99904,     4,    False, False
2026-08-29,  278,     4,   False,   497, 443.200,   363273,     5334416,     4,    False,  True
2026-08-29,  279,     4,   False,   145,  84.400,   102289,     1326386,     4,    False, False
2026-08-29,  280,     4,   False,   357, 143.000,   207509,     2922474,     4,    False, False
2026-08-29,  281,     4,   False,  1022, 443.200,   411058,     7155085,     4,    False,  True
2026-08-29,  282,     4,   False,   273, 132.400,   315181,     4602958,     4,    False, False
2026-08-29,  283,     4,   False,   236, 165.800,    38630,      498585,     4,    False, False
2026-08-29,  284,     4,   False,   131, 132.700,    30693,      416773,     4,    False, False
2026-08-29,  285,     4,   False,   483, 443.200,   260432,     3915673,     4,    False,  True
2026-08-29,  286,     4,   False,   629, 443.200,   252319,     3966492,     4,    False,  True
2026-08-29,  287,     4,   False,   580, 443.200,   780209,    13263274,     4,    False,  True
2026-08-29,  288,     4,   False,    53,  68.800,     5004,       63890,     4,    False, False
2026-08-29,  289,     4,   False,    53,  79.500,     5594,       76632,     4,    False, False
2026-08-29,  290,     4,   False,    60,  67.800,    11406,      160636,     4,    False, False
2026-08-29,  291,     4,   False,  1693, 175.200,  1307484,    22522922,     4,    False, False
2026-08-29,  292,     4,   False,   138, 119.900,    53923,      760298,     4,    False, False
2026-08-29,  293,     4,   False,    50,  91.900,     4212,       55911,     4,    False, False
2026-08-29,  294,     4,   False,    96, 120.900,    16353,      269272,     4,    False, False
2026-08-29,  295,     4,   False,   256, 164.900,    98520,     1374076,     4,    False, False
2026-08-29,  296,     4,   False,   124, 142.900,    20300,      303612,     4,    False, False
2026-08-29,  297,     4,   False,   152, 136.700,    23912,      337069,     4,    False, False
2026-08-29,  298,     4,   False,   122, 160.900,    27540,      421510,     4,    False, False
2026-08-29,  299,     4,   False,   416, 179.200,   131746,     2008506,     4,    False, False
2026-08-29,  100,     4,   False,    60, 113.900,    10130,      157219,     5,    False, False
2026-08-29,  101,     4,   False,   889, 245.000,  3733620,    73849909,     5,    False, False
2026-08-29,  102,     4,   False,   184, 133.600,    69443,     1126283,     5,    False, False
2026-08-29,  103,     4,   False,   622, 443.200,   660155,    14130205,     5,    False,  True
2026-08-29,  104,     4,   False,  1114, 443.200,  1449222,    32456799,     5,    False,  True
2026-08-29,  105,     4,   False,   308, 142.900,   249564,     4986868,     5,    False, False
2026-08-29,  106,     4,   False,   562, 443.200,   606537,    10642888,     5,    False,  True
2026-08-29,  107,     4,   False,    83,  95.500,    26166,      470839,     5,    False, False
2026-08-29,  108,     4,   False,    68,  87.000,     9378,      160267,     5,    False, False
2026-08-29,  109,     4,   False,   347,  91.900,   369297,     7401418,     5,    False, False
2026-08-29,  110,     4,   False,   327, 150.600,   284905,     5040398,     5,    False, False
2026-08-29,  111,     4,   False,   247, 443.200,    79005,     1364561,     5,    False,  True
2026-08-29,  112,     4,   False,   496, 443.200,   568580,    11413650,     5,    False,  True
2026-08-29,  113,     4,   False,   288, 191.800,   446995,     7291733,     5,    False, False
2026-08-29,  114,     4,   False,   143, 134.500,    66056,     1101996,     5,    False, False
2026-08-29,  115,     4,   False,   335, 182.300,   267778,     4796426,     5,    False, False
2026-08-29,  116,     4,   False,    61,  93.300,    12353,      202052,     5,    False, False
2026-08-29,  117,     4,   False,   996, 171.500,  1419226,    29550177,     5,    False, False
2026-08-29,  118,     4,   False,   258, 154.300,   103680,     1878946,     5,    False, False
2026-08-29,  119,     4,   False,   771, 158.300,   748930,    13223030,     5,    False, False
2026-08-29,  120,     4,   False,   958, 443.200,  3653872,    77997014,     5,    False,  True
2026-08-29,  121,     4,   False,   222, 443.200,   108489,     2210602,     5,    False,  True
2026-08-29,  122,     4,   False,    91, 121.000,    26844,      485014,     5,    False, False
2026-08-29,  123,     4,   False,   776, 111.800,  1703843,    29564470,     5,    False, False
2026-08-29,  124,     4,   False,    90,  57.500,    20818,      321977,     5,    False, False
2026-08-29,  125,     4,   False,   139, 116.900,    28100,      503190,     5,    False, False
2026-08-29,  126,     4,   False,    87, 111.100,    23747,      442929,     5,    False, False
2026-08-29,  127,     4,   False,    91, 119.000,    20644,      337242,     5,    False, False
2026-08-29,  128,     4,   False,   267, 443.200,    99358,     1725892,     5,    False,  True
2026-08-29,  129,     4,   False,   259, 153.700,   250160,     4700249,     5,    False, False
2026-08-29,  130,     4,   False,    53,  89.700,     9008,      143745,     5,    False, False
2026-08-29,  131,     4,   False,   197, 107.600,    79277,     1330941,     5,    False, False
2026-08-29,  132,     4,   False,   235, 189.800,   141058,     2473764,     5,    False, False
2026-08-29,  133,     4,   False,   229, 159.400,   113898,     1925868,     5,    False, False
2026-08-29,  134,     4,   False,   111, 163.500,    31066,      528824,     5,    False, False
2026-08-29,  135,     4,   False,   129, 157.500,    20597,      367281,     5,    False, False
2026-08-29,  136,     4,   False,   113, 127.900,    60418,     1044751,     5,    False, False
2026-08-29,  137,     4,   False,   501, 443.200,  1579925,    26007962,     5,    False,  True
2026-08-29,  138,     4,   False,   203, 443.200,    80803,     1522697,     5,    False,  True
2026-08-29,  139,     4,   False,   558, 185.700,   734207,    12609066,     5,    False, False
2026-08-29,  140,     4,   False,  1018, 443.200,  1807903,    36132917,     5,    False,  True
2026-08-29,  141,     4,   False,   292, 216.500,   456598,     8961747,     5,    False, False
2026-08-29,  142,     4,   False,    62,  98.000,    21191,      324871,     5,    False, False
2026-08-29,  143,     4,   False,   670, 167.100,  1956574,    35364295,     5,    False, False
2026-08-29,  144,     4,   False,    92, 109.600,    34570,      532112,     5,    False, False
2026-08-29,  145,     4,   False,  1320, 443.200,  3472634,    72024949,     5,    False,  True
2026-08-29,  146,     4,   False,    43,  63.900,     5556,       85632,     5,    False, False
2026-08-29,  147,     4,   False,   350, 130.200,   343281,     6497649,     5,    False, False
2026-08-29,  148,     4,   False,    51,  76.400,    16998,      266267,     5,    False, False
2026-08-29,  149,     4,   False,   220, 197.500,    85128,     1433947,     5,    False, False
2026-08-29,  150,     4,   False,    56,  99.100,     7503,      132339,     5,    False, False
2026-08-29,  151,     4,   False,   106,  85.100,    26787,      472202,     5,    False, False
2026-08-29,  152,     4,   False,   145, 164.900,    41106,      681980,     5,    False, False
2026-08-29,  153,     4,   False,   112, 119.500,    71867,     1354345,     5,    False, False
2026-08-29,  154,     4,   False,   621, 151.000,   803302,    14397679,     5,    False, False
2026-08-29,  155,     4,   False,    93,  79.600,    12092,      173672,     5,    False, False
2026-08-29,  156,     4,   False,   389, 443.200,   329981,     6250959,     5,    False,  True
2026-08-29,  157,     4,   False,   409, 443.200,   325731,     6533735,     5,    False,  True
2026-08-29,  158,     4,   False,   142, 135.400,    36600,      727433,     5,    False, False
2026-08-29,  159,     4,   False,   205, 443.200,    58406,     1047550,     5,    False,  True
2026-08-29,  160,     4,   False,  1273,  91.700,  4326006,    93201672,     5,    False, False
2026-08-29,  161,     4,   False,    49,  60.200,    28033,      426385,     5,    False, False
2026-08-29,  162,     4,   False,   112, 107.900,    32730,      512743,     5,    False, False
2026-08-29,  163,     4,   False,   208, 117.800,   210713,     3219153,     5,    False, False
2026-08-29,  164,     4,   False,   216, 121.800,    45682,      803665,     5,    False, False
2026-08-29,  165,     4,   False,    71, 119.900,    27100,      463458,     5,    False, False
2026-08-29,  166,     4,   False,   125, 122.900,    29209,      541042,     5,    False, False
2026-08-29,  167,     4,   False,   445, 244.100,   952869,    17092963,     5,    False, False
2026-08-29,  168,     4,   False,    68,  53.300,    21847,      328869,     5,    False, False
2026-08-29,  169,     4,   False,   107, 111.800,    47886,      771159,     5,    False, False
2026-08-29,  170,     4,   False,   394,  89.400,   451513,     8052654,     5,    False, False
2026-08-29,  171,     4,   False,    50,  83.500,     7047,      112654,     5,    False, False
2026-08-29,  172,     4,   False,   440, 443.200,   341456,     6206540,     5,    False,  True
2026-08-29,  173,     4,   False,   354, 443.200,   207801,     3931214,     5,    False,  True
2026-08-29,  174,     4,   False,   181, 206.600,    90164,     1611068,     5,    False, False
2026-08-29,  175,     4,   False,   174,  88.600,   103719,     1738595,     5,    False, False
2026-08-29,  176,     4,   False,    83,  88.400,    32242,      476504,     5,    False, False
2026-08-29,  177,     4,   False,   111, 118.100,    33908,      588388,     5,    False, False
2026-08-29,  178,     4,   False,   150, 443.200,    62442,     1176513,     5,    False,  True
2026-08-29,  179,     4,   False,    50,  54.900,    14253,      212414,     5,    False, False
2026-08-29,  180,     4,   False,    53,  62.600,    35641,      511475,     5,    False, False
2026-08-29,  181,     4,   False,   127, 129.700,    65148,     1076420,     5,    False, False
2026-08-29,  182,     4,   False,    44,  55.300,     5454,       83408,     5,    False, False
2026-08-29,  183,     4,   False,   200, 151.800,    96561,     1786944,     5,    False, False
2026-08-29,  184,     4,   False,    97,  76.400,    29785,      485710,     5,    False, False
2026-08-29,  185,     4,   False,   288, 443.200,   121008,     2413895,     5,    False,  True
2026-08-29,  186,     4,   False,   246, 112.300,    86261,     1437016,     5,    False, False
2026-08-29,  187,     4,   False,   159, 144.600,    68686,     1181658,     5,    False, False
2026-08-29,  188,     4,   False,   204, 185.400,   208699,     3877310,     5,    False, False
2026-08-29,  189,     4,   False,    71,  97.800,     6385,      109565,     5,    False, False
2026-08-29,  190,     4,   False,    77, 121.100,    39664,      621349,     5,    False, False
2026-08-29,  191,     4,   False,   997, 194.500,   622057,    11088346,     5,    False, False
2026-08-29,  192,     4,   False,    53,  75.800,    28578,      421822,     5,    False, False
2026-08-29,  193,     4,   False,    50,  52.900,    24885,      340706,     5,    False, False
2026-08-29,  194,     4,   False,    77, 131.400,    26301,      408384,     5,    False, False
2026-08-29,  195,     4,   False,   131, 161.100,    58407,     1006789,     5,    False, False
2026-08-29,  196,     4,   False,     1,   6.000,        2,          53,     5,    False, False
2026-08-29,  197,     4,   False,    88,  97.400,    29613,      533881,     5,    False, False
2026-08-29,  198,     4,   False,    85, 118.800,    17403,      282301,     5,    False, False
2026-08-29,  199,     4,   False,    46,  67.100,     6807,      112665,     5,    False, False
2026-08-29,  200,     4,   False,   885, 104.500,  1246820,    23338713,     5,    False, False
2026-08-29,  201,     4,   False,   113, 122.900,    62328,     1042027,     5,    False, False
2026-08-29,  202,     4,   False,    75, 106.000,    18218,      334387,     5,    False, False
2026-08-29,  203,     4,   False,   261, 134.300,   174618,     2983408,     5,    False, False
2026-08-29,  204,     4,   False,   354, 443.200,   171461,     3137894,     5,    False,  True
2026-08-29,  205,     4,   False,   157, 136.500,    39255,      627558,     5,    False, False
2026-08-29,  206,     4,   False,   454, 162.800,  2274236,    43618627,     5,    False, False
2026-08-29,  207,     4,   False,    92, 133.900,    15954,      263564,     5,    False, False
2026-08-29,  208,     4,   False,  1338, 126.600, 13909920,   301166153,     5,     True, False
2026-08-29,  209,     4,   False,  1137, 205.100,   989643,    21342442,     5,    False, False
2026-08-29,  210,     4,   False,    65,  72.500,     7098,      116412,     5,    False, False
2026-08-29,  211,     4,   False,  1748, 443.200,  4049186,   105692574,     5,    False,  True
2026-08-29,  212,     4,   False,   119, 144.200,    28582,      480582,     5,    False, False
2026-08-29,  213,     4,   False,   154, 139.800,    40850,      784972,     5,    False, False
2026-08-29,  214,     4,   False,   846, 443.200,  1031588,    20053407,     5,    False,  True
2026-08-29,  215,     4,   False,    40,  58.500,    10841,      163086,     5,    False, False
2026-08-29,  216,     4,   False,   120, 130.400,    35570,      617011,     5,    False, False
2026-08-29,  217,     4,   False,   213, 153.700,   132451,     2183675,     5,    False, False
2026-08-29,  218,     4,   False,    57,  64.600,    13212,      202824,     5,    False, False
2026-08-29,  219,     4,   False,  1245, 443.200,  3383852,    66757973,     5,    False,  True
2026-08-29,  220,     4,   False,   336, 236.100,   595442,    11331104,     5,    False, False
2026-08-29,  221,     4,   False,    54,  74.500,     9127,      139158,     5,    False, False
2026-08-29,  222,     4,   False,   102, 130.800,    16571,      280081,     5,    False, False
2026-08-29,  223,     4,   False,   508, 122.500,   335448,     5765160,     5,    False, False
2026-08-29,  224,     4,   False,   117, 126.200,    38428,      728830,     5,    False, False
2026-08-29,  225,     4,   False,   201, 115.700,    61163,     1064130,     5,    False, False
2026-08-29,  226,     4,   False,   636, 111.300,  1797862,    31254313,     5,    False, False
2026-08-29,  227,     4,   False,   167, 126.100,    72937,     1486239,     5,    False, False
2026-08-29,  228,     4,   False,   225, 171.100,   544149,     8477472,     5,    False, False
2026-08-29,  229,     4,   False,   105, 130.600,    17493,      285799,     5,    False, False
2026-08-29,  230,     4,   False,   119, 124.300,    44840,      768093,     5,    False, False
2026-08-29,  231,     4,   False,   579, 200.700,   194398,     3373244,     5,    False, False
2026-08-29,  232,     4,   False,   331, 443.200,   385172,     7496886,     5,    False,  True
2026-08-29,  233,     4,   False,    58,  75.100,    12898,      209018,     5,    False, False
2026-08-29,  234,     4,   False,   155, 196.600,    63373,     1208207,     5,    False, False
2026-08-29,  235,     4,   False,   361, 167.700,   221029,     3427061,     5,    False, False
2026-08-29,  236,     4,   False,   151, 132.700,    31093,      499413,     5,    False, False
2026-08-29,  237,     4,   False,    49,  54.500,     6984,      118548,     5,    False, False
2026-08-29,  238,     4,   False,   506, 120.300,   954150,    17996240,     5,    False, False
2026-08-29,  239,     4,   False,    69,  90.200,    43160,      649254,     5,    False, False
2026-08-29,  240,     4,   False,   260, 189.300,   169102,     3179090,     5,    False, False
2026-08-29,  241,     4,   False,   740, 443.200,   783934,    15095324,     5,    False,  True
2026-08-29,  242,     4,   False,   180, 443.200,    64235,     1220190,     5,    False,  True
2026-08-29,  243,     4,   False,   115, 146.200,    24461,      434234,     5,    False, False
2026-08-29,  244,     4,   False,   214, 180.100,    99003,     1879389,     5,    False, False
2026-08-29,  245,     4,   False,   556, 443.200,   980398,    20411112,     5,    False,  True
2026-08-29,  246,     4,   False,    60,  93.700,    12016,      186121,     5,    False, False
2026-08-29,  247,     4,   False,   701, 171.500,  2383033,    51339422,     5,    False, False
2026-08-29,  248,     4,   False,   313,  96.200,   170166,     2833806,     5,    False, False
2026-08-29,  249,     4,   False,   111, 123.500,    29791,      498276,     5,    False, False
2026-08-29,  250,     4,   False,    82, 103.000,    21043,      321748,     5,    False, False
2026-08-29,  251,     4,   False,    52,  76.100,    22824,      328698,     5,    False, False
2026-08-29,  252,     4,   False,   688, 237.400,   970834,    19204567,     5,    False, False
2026-08-29,  253,     4,   False,   778, 443.200,   631273,    11621638,     5,    False,  True
2026-08-29,  254,     4,   False,    78, 101.300,    11722,      182954,     5,    False, False
2026-08-29,  255,     4,   False,   291, 126.900,   351114,     5881843,     5,    False, False
2026-08-29,  256,     4,   False,  2249, 233.500,  9128050,   244774543,     5,    False, False
2026-08-29,  257,     4,   False,   320, 237.700,   144679,     2399654,     5,    False, False
2026-08-29,  258,     4,   False,    45,  69.000,     9693,      160664,     5,    False, False
2026-08-29,  259,     4,   False,   306, 443.200,   185262,     3124615,     5,    False,  True
2026-08-29,  260,     4,   False,   190, 129.200,   112522,     1767623,     5,    False, False
2026-08-29,  261,     4,   False,   270, 166.300,   522123,     8436559,     5,    False, False
2026-08-29,  262,     4,   False,   238, 119.700,   230980,     5189475,     5,    False, False
2026-08-29,  263,     4,   False,   135, 172.800,    71543,     1400020,     5,    False, False
2026-08-29,  264,     4,   False,  1190, 132.600,  6212206,   151185044,     5,    False, False
2026-08-29,  265,     4,   False,   104,  87.300,    43857,      662818,     5,    False, False
2026-08-29,  266,     4,   False,    57,  82.800,    14776,      223283,     5,    False, False
2026-08-29,  267,     4,   False,   438, 286.300,   378465,     7000500,     5,    False, False
2026-08-29,  268,     4,   False,   178, 109.700,   200460,     3817315,     5,    False, False
2026-08-29,  269,     4,   False,   327, 153.700,   260535,     4914937,     5,    False, False
2026-08-29,  270,     4,   False,    40,  58.700,     4262,       78236,     5,    False, False
2026-08-29,  271,     4,   False,   229, 123.500,   171769,     3214561,     5,    False, False
2026-08-29,  272,     4,   False,   834, 150.800,  2468886,    40881091,     5,    False, False
2026-08-29,  273,     4,   False,   238, 110.500,   952369,    17326798,     5,    False, False
2026-08-29,  274,     4,   False,   270, 230.900,   157659,     2874047,     5,    False, False
2026-08-29,  275,     4,   False,   199, 145.700,   103636,     1800606,     5,    False, False
2026-08-29,  276,     4,   False,   150, 128.800,    73624,     1190969,     5,    False, False
2026-08-29,  277,     4,   False,    57,  68.700,    15856,      245098,     5,    False, False
2026-08-29,  278,     4,   False,   266, 443.200,    86955,     1547160,     5,    False,  True
2026-08-29,  279,     4,   False,   240, 204.000,   247811,     4384244,     5,    False, False
2026-08-29,  280,     4,   False,   207, 125.700,    97662,     1578919,     5,    False, False
2026-08-29,  281,     4,   False,   306, 252.000,   247412,     4701002,     5,    False, False
2026-08-29,  282,     4,   False,   272, 132.400,   716300,    13099863,     5,    False, False
2026-08-29,  283,     4,   False,    59,  93.900,     8691,      150960,     5,    False, False
2026-08-29,  284,     4,   False,    46,  58.700,    25079,      410298,     5,    False, False
2026-08-29,  285,     4,   False,   483, 443.200,   547081,    10187484,     5,    False,  True
2026-08-29,  286,     4,   False,   634, 443.200,   601176,    11650024,     5,    False,  True
2026-08-29,  287,     4,   False,   558, 243.900,  1797299,    36466168,     5,    False, False
2026-08-29,  288,     4,   False,    41,  51.500,     6322,       99890,     5,    False, False
2026-08-29,  289,     4,   False,    55,  80.000,    11018,      187816,     5,    False, False
2026-08-29,  290,     4,   False,    54,  67.800,    17976,      307633,     5,    False, False
2026-08-29,  291,     4,   False,    81, 103.600,    23765,      371345,     5,    False, False
2026-08-29,  292,     4,   False,   138, 119.900,    94625,     1757194,     5,    False, False
2026-08-29,  293,     4,   False,  1826, 148.800, 11307927,   301260247,     5,     True, False
2026-08-29,  294,     4,   False,    57,  87.200,    16087,      262466,     5,    False, False
2026-08-29,  295,     4,   False,   341, 259.500,   132681,     2510313,     5,    False, False
2026-08-29,  296,     4,   False,   115, 140.200,   119800,     2101706,     5,    False, False
2026-08-29,  297,     4,   False,   164, 145.100,    48900,      886303,     5,    False, False
2026-08-29,  298,     4,   False,   230, 151.400,   374116,     7126355,     5,    False, False
2026-08-29,  299,     4,   False,  2668, 443.200,  9933231,   274300950,     5,    False,  True
2026-08-29,  100,     4,   False,    60, 105.100,    26004,      510791,     6,    False, False
2026-08-29,  101,     4,   False,   819, 174.000,  6693534,   168756991,     6,    False, False
2026-08-29,  102,     4,   False,   316, 443.200,   292676,     5916842,     6,    False,  True
2026-08-29,  103,     4,   False,   271, 443.200,   140402,     3355546,     6,    False,  True
2026-08-29,  104,     4,   False,   648, 443.200,   953376,    22155246,     6,    False,  True
2026-08-29,  105,     4,   False,   307, 142.900,   443930,    11079878,     6,    False, False
2026-08-29,  106,     4,   False,   444, 443.200,   519720,    11628818,     6,    False,  True
2026-08-29,  107,     4,   False,    82,  95.500,    40153,      875963,     6,    False, False
2026-08-29,  108,     4,   False,    68,  87.000,    14395,      292277,     6,    False, False
2026-08-29,  109,     4,   False,   341,  91.900,   648357,    15844310,     6,    False, False
2026-08-29,  110,     4,   False,   130, 147.800,   116256,     2323038,     6,    False, False
2026-08-29,  111,     4,   False,   141,  87.900,   134260,     2648504,     6,    False, False
2026-08-29,  112,     4,   False,   309, 131.600,   382665,     8498529,     6,    False, False
2026-08-29,  113,     4,   False,   300, 191.800,   855286,    15872859,     6,    False, False
2026-08-29,  114,     4,   False,   145, 142.200,   108153,     2081075,     6,    False, False
2026-08-29,  115,     4,   False,   382, 214.400,   650981,    13815925,     6,    False, False
2026-08-29,  116,     4,   False,    62,  88.200,    21438,      403261,     6,    False, False
2026-08-29,  117,     4,   False,   271, 166.800,   465269,     9818113,     6,    False, False
2026-08-29,  118,     4,   False,   300, 156.900,   193774,     3960976,     6,    False, False
2026-08-29,  119,     4,   False,   425, 173.300,  1060645,    19610149,     6,    False, False
2026-08-29,  120,     4,   False,   384, 263.900,   635776,    13301301,     6,    False, False
2026-08-29,  121,     4,   False,   199, 443.200,   131291,     3275169,     6,    False,  True
2026-08-29,  122,     4,   False,    93, 111.800,    32588,      660129,     6,    False, False
2026-08-29,  123,     4,   False,   679,  95.000,  3655019,    78726186,     6,    False, False
2026-08-29,  124,     4,   False,    90,  57.500,    30010,      567900,     6,    False, False
2026-08-29,  125,     4,   False,   254, 117.600,   103577,     1852521,     6,    False, False
2026-08-29,  126,     4,   False,    79,  91.800,    28096,      546563,     6,    False, False
2026-08-29,  127,     4,   False,   178, 188.400,    93458,     2004211,     6,    False, False
2026-08-29,  128,     4,   False,   503, 443.200,  1413248,    26625374,     6,    False,  True
2026-08-29,  129,     4,   False,   263, 153.700,   528899,    11681792,     6,    False, False
2026-08-29,  130,     4,   False,    58,  91.000,    15003,      267261,     6,    False, False
2026-08-29,  131,     4,   False,   197, 107.600,   118511,     2530915,     6,    False, False
2026-08-29,  132,     4,   False,   239, 189.800,   262694,     5229092,     6,    False, False
2026-08-29,  133,     4,   False,    91, 103.800,    67005,     1206900,     6,    False, False
2026-08-29,  134,     4,   False,   114, 165.300,    41376,      788206,     6,    False, False
2026-08-29,  135,     4,   False,   191, 159.600,   128375,     2951909,     6,    False, False
2026-08-29,  136,     4,   False,   166, 128.700,   131952,     2361483,     6,    False, False
2026-08-29,  137,     4,   False,   275, 112.800,  1083998,    21718122,     6,    False, False
2026-08-29,  138,     4,   False,   111, 145.400,    21991,      413141,     6,    False, False
2026-08-29,  139,     4,   False,  1591, 142.400,  8953671,   302562268,     6,     True, False
2026-08-29,  140,     4,   False,  1011, 443.200,  3713453,    87310728,     6,    False,  True
2026-08-29,  141,     4,   False,   119, 128.000,    38551,      857356,     6,    False, False
2026-08-29,  142,     4,   False,    68, 108.100,    35744,      689935,     6,    False, False
2026-08-29,  143,     4,   False,   879, 204.000,  2168503,    48250945,     6,    False, False
2026-08-29,  144,     4,   False,    92, 109.600,    58532,     1064997,     6,    False, False
2026-08-29,  145,     4,   False,  1586, 229.400, 10503396,   301000292,     6,     True, False
2026-08-29,  146,     4,   False,    68,  74.000,    11544,      224835,     6,    False, False
2026-08-29,  147,     4,   False,   756, 279.700,  1165000, 24969559812,     6,     True, False
2026-08-29,  148,     4,   False,    51,  76.400,    33977,      811130,     6,    False, False
2026-08-29,  149,     4,   False,   204, 197.500,   128047,     3221818,     6,    False, False
2026-08-29,  150,     4,   False,    56,  99.100,    11206,     1036160,     6,    False, False
2026-08-29,  151,     4,   False,    56,  92.000,    16954,     1307909,     6,    False, False
2026-08-29,  152,     4,   False,   142, 164.900,    67289,     3109878,     6,    False, False
2026-08-29,  153,     4,   False,   284, 115.400,  1035803,    27106072,     6,    False, False
2026-08-29,  154,     4,   False,   584, 155.800,  1450939,    27923699,     6,    False, False
2026-08-29,  155,     4,   False,    93,  79.600,    17457,      296301,     6,    False, False
2026-08-29,  156,     4,   False,   351, 443.200,   321891,     7439037,     6,    False,  True
2026-08-29,  157,     4,   False,   676, 443.200,  1708831,    33587396,     6,    False,  True
2026-08-29,  158,     4,   False,   142, 135.400,    54360,     1382879,     6,    False, False
2026-08-29,  159,     4,   False,   100, 150.200,    40111,      755337,     6,    False, False
2026-08-29,  160,     4,   False,   208,  95.900,   708334,    14535460,     6,    False, False
2026-08-29,  161,     4,   False,    51,  60.600,    54798,      970908,     6,    False, False
2026-08-29,  162,     4,   False,   159, 111.100,    49647,      870932,     6,    False, False
2026-08-29,  163,     4,   False,   209, 117.800,   389327,     7039203,     6,    False, False
2026-08-29,  164,     4,   False,   586, 214.500,  1072781,    25189860,     6,    False, False
2026-08-29,  165,     4,   False,   153, 221.000,   115627,     2466983,     6,    False, False
2026-08-29,  166,     4,   False,   132, 141.700,    48831,     1016933,     6,    False, False
2026-08-29,  167,     4,   False,   488, 244.900,  1979822,    43217217,     6,    False, False
2026-08-29,  168,     4,   False,    68,  53.300,    34352,      598209,     6,    False, False
2026-08-29,  169,     4,   False,   111, 151.900,   136179,     2469844,     6,    False, False
2026-08-29,  170,     4,   False,   394,  89.400,   758014,    17620001,     6,    False, False
2026-08-29,  171,     4,   False,    50,  83.500,    11785,      228385,     6,    False, False
2026-08-29,  172,     4,   False,   431, 443.200,   640442,    14105949,     6,    False,  True
2026-08-29,  173,     4,   False,   282, 234.200,   293040,     6799779,     6,    False, False
2026-08-29,  174,     4,   False,   174, 201.100,   133170,     2887494,     6,    False, False
2026-08-29,  175,     4,   False,   150,  91.800,   124703,     2586267,     6,    False, False
2026-08-29,  176,     4,   False,    83,  88.400,    62777,     1116142,     6,    False, False
2026-08-29,  177,     4,   False,   112, 118.100,    69300,     1414137,     6,    False, False
2026-08-29,  178,     4,   False,    80, 142.600,    49527,     1033940,     6,    False, False
2026-08-29,  179,     4,   False,   203,  76.000,   147954,     2826349,     6,    False, False
2026-08-29,  180,     4,   False,    48,  58.100,    56854,     1079773,     6,    False, False
2026-08-29,  181,     4,   False,   155, 141.100,   142942,     2870402,     6,    False, False
2026-08-29,  182,     4,   False,    44,  55.300,     8781,      161822,     6,    False, False
2026-08-29,  183,     4,   False,    56,  77.300,    43609,      852912,     6,    False, False
2026-08-29,  184,     4,   False,   341,  97.900,   443305,     9821679,     6,    False, False
2026-08-29,  185,     4,   False,   271, 192.100,   227359,     5494686,     6,    False, False
2026-08-29,  186,     4,   False,   209, 106.300,   313943,     5603245,     6,    False, False
2026-08-29,  187,     4,   False,    84, 124.200,    20861,      444674,     6,    False, False
2026-08-29,  188,     4,   False,   193, 221.200,   129273,     2752396,     6,    False, False
2026-08-29,  189,     4,   False,    60,  81.700,     8890,      172616,     6,    False, False
2026-08-29,  190,     4,   False,   384, 443.200,   371740,     8689245,     6,    False,  True
2026-08-29,  191,     4,   False,  1024, 232.000,  1225310,    25600858,     6,    False, False
2026-08-29,  192,     4,   False,  1200, 443.200,  9142927,   190934023,     6,    False,  True
2026-08-29,  193,     4,   False,    45,  51.200,    24110,      438873,     6,    False, False
2026-08-29,  194,     4,   False,    53,  87.500,    58220,      931815,     6,    False, False
2026-08-29,  195,     4,   False,   160, 159.500,    98163,     2389342,     6,    False, False
2026-08-29,  196,     4,   False,     1,   6.000,        2,          29,     6,    False, False
2026-08-29,  197,     4,   False,   137, 107.700,    61145,     1297999,     6,    False, False
2026-08-29,  198,     4,   False,   113, 144.000,    56974,     1173336,     6,    False, False
2026-08-29,  199,     4,   False,    46,  67.100,    11940,      229158,     6,    False, False
2026-08-29,  200,     4,   False,   887, 104.500,  2311113,    54913793,     6,    False, False
2026-08-29,  201,     4,   False,   113, 122.900,   123651,     2422353,     6,    False, False
2026-08-29,  202,     4,   False,   104,  90.200,    43564,      947377,     6,    False, False
2026-08-29,  203,     4,   False,   322, 107.500,   960509,    20225789,     6,    False, False
2026-08-29,  204,     4,   False,   353, 443.200,   287254,     6496420,     6,    False,  True
2026-08-29,  205,     4,   False,   157, 136.500,    61232,     1190819,     6,    False, False
2026-08-29,  206,     4,   False,   367, 443.200,  2177436,    49753634,     6,    False,  True
2026-08-29,  207,     4,   False,   156, 131.500,    86886,     1910835,     6,    False, False
2026-08-29,  208,     4,   False,   561, 116.600, 13257345,   301148210,     6,     True, False
2026-08-29,  209,     4,   False,   190, 129.100,   187000,     3663064,     6,    False, False
2026-08-29,  210,     4,   False,    87, 102.000,    14770,      300800,     6,    False, False
2026-08-29,  211,     4,   False,   376, 443.200,   544900,    13586950,     6,    False,  True
2026-08-29,  212,     4,   False,   228, 146.400,   172517,     3630142,     6,    False, False
2026-08-29,  213,     4,   False,   426, 443.200,  3731741,   102614115,     6,    False,  True
2026-08-29,  214,     4,   False,   491, 443.200,   995744,    24343514,     6,    False,  True
2026-08-29,  215,     4,   False,    63,  65.500,    27486,      475042,     6,    False, False
2026-08-29,  216,     4,   False,   120, 130.400,    60990,     1310316,     6,    False, False
2026-08-29,  217,     4,   False,    83, 116.400,    48490,      836313,     6,    False, False
2026-08-29,  218,     4,   False,    70,  83.700,    29547,      551446,     6,    False, False
2026-08-29,  219,     4,   False,    80, 123.700,    23728,      476670,     6,    False, False
2026-08-29,  220,     4,   False,   624, 187.200,  1601320,    36900560,     6,    False, False
2026-08-29,  221,     4,   False,    68, 102.700,    47088,     1064806,     6,    False, False
2026-08-29,  222,     4,   False,    78, 106.300,    22757,      478360,     6,    False, False
2026-08-29,  223,     4,   False,   213, 121.100,   117972,     2514397,     6,    False, False
2026-08-29,  224,     4,   False,   116, 126.200,    60118,     1442794,     6,    False, False
2026-08-29,  225,     4,   False,   203, 115.700,    96410,     2058410,     6,    False, False
2026-08-29,  226,     4,   False,   194, 146.500,   100509,     2056369,     6,    False, False
2026-08-29,  227,     4,   False,   184, 196.600,    60795,     1420068,     6,    False, False
2026-08-29,  228,     4,   False,   209, 142.200,  1180985,    21921397,     6,    False, False
2026-08-29,  229,     4,   False,   106, 130.600,    26134,      554967,     6,    False, False
2026-08-29,  230,     4,   False,   115, 123.800,    76145,     1697414,     6,    False, False
2026-08-29,  231,     4,   False,   470, 151.200,   500588,     9965706,     6,    False, False
2026-08-29,  232,     4,   False,   187, 240.200,   565496,    12028458,     6,    False, False
2026-08-29,  233,     4,   False,    56,  73.600,    20328,      414270,     6,    False, False
2026-08-29,  234,     4,   False,   272, 443.200,   265713,     5728257,     6,    False,  True
2026-08-29,  235,     4,   False,   310, 130.200,   368716,     6796303,     6,    False, False
2026-08-29,  236,     4,   False,   151, 132.700,    51011,      988878,     6,    False, False
2026-08-29,  237,     4,   False,    49,  54.500,    11594,      238461,     6,    False, False
2026-08-29,  238,     4,   False,   827, 160.900,  2688841,    74696804,     6,    False, False
2026-08-29,  239,     4,   False,    93, 112.000,    89548,     1747015,     6,    False, False
2026-08-29,  240,     4,   False,   373, 443.200,   500801,    12541412,     6,    False,  True
2026-08-29,  241,     4,   False,   308, 443.200,   279394,     6308903,     6,    False,  True
2026-08-29,  242,     4,   False,   186, 228.500,   109917,     2485010,     6,    False, False
2026-08-29,  243,     4,   False,    77, 100.700,    26812,      577891,     6,    False, False
2026-08-29,  244,     4,   False,   170, 164.300,   166129,     3418952,     6,    False, False
2026-08-29,  245,     4,   False,   504, 443.200,  1733228,    45650044,     6,    False,  True
2026-08-29,  246,     4,   False,    54,  90.000,    20139,      377386,     6,    False, False
2026-08-29,  247,     4,   False,   197, 194.600,    94315,     2387969,     6,    False, False
2026-08-29,  248,     4,   False,   638, 443.200,   618286,    13597673,     6,    False,  True
2026-08-29,  249,     4,   False,   467, 170.800,  1406001,    33504294,     6,    False, False
2026-08-29,  250,     4,   False,    70,  83.800,    25555,      493972,     6,    False, False
2026-08-29,  251,     4,   False,   133, 107.500,    74262,     1362007,     6,    False, False
2026-08-29,  252,     4,   False,   848, 155.600, 11264400,   301897364,     6,     True, False
2026-08-29,  253,     4,   False,   769, 443.200,  1205816,    27265359,     6,    False,  True
2026-08-29,  254,     4,   False,    79, 101.300,    24881,      468604,     6,    False, False
2026-08-29,  255,     4,   False,   208, 120.800,   455953,     9317196,     6,    False, False
2026-08-29,  256,     4,   False,   590, 208.800,  3159390,    76805508,     6,    False, False
2026-08-29,  257,     4,   False,   149, 151.400,    60318,     1129523,     6,    False, False
2026-08-29,  258,     4,   False,    45,  69.000,    16375,      326601,     6,    False, False
2026-08-29,  259,     4,   False,   304, 190.400,   392944,     7608328,     6,    False, False
2026-08-29,  260,     4,   False,   108, 124.600,    64943,     1384271,     6,    False, False
2026-08-29,  261,     4,   False,   283, 443.200,   284395,     6108267,     6,    False,  True
2026-08-29,  262,     4,   False,   179, 132.600,   112418,     2266232,     6,    False, False
2026-08-29,  263,     4,   False,   177, 443.200,   184475,     4065382,     6,    False,  True
2026-08-29,  264,     4,   False,   963, 111.900, 10772636,   301223737,     6,     True, False
2026-08-29,  265,     4,   False,   104,  87.300,    69023,     1232939,     6,    False, False
2026-08-29,  266,     4,   False,   321,  98.600,   361297,     7282876,     6,    False, False
2026-08-29,  267,     4,   False,   412, 230.000,   648991,    13968751,     6,    False, False
2026-08-29,  268,     4,   False,    86,  94.500,    65844,     1202293,     6,    False, False
2026-08-29,  269,     4,   False,   330, 158.400,   472149,    10425123,     6,    False, False
2026-08-29,  270,     4,   False,    40,  58.700,     6200,      140449,     6,    False, False
2026-08-29,  271,     4,   False,   230, 123.500,   296893,     6751521,     6,    False, False
2026-08-29,  272,     4,   False,  1096, 443.200,  5652749,   106664589,     6,    False,  True
2026-08-29,  273,     4,   False,   245, 110.500,  1252584,    26918189,     6,    False, False
2026-08-29,  274,     4,   False,   299, 443.200,   188793,     4210614,     6,    False,  True
2026-08-29,  275,     4,   False,   199, 145.700,   180923,     3887153,     6,    False, False
2026-08-29,  276,     4,   False,    85,  92.300,    39156,      743978,     6,    False, False
2026-08-29,  277,     4,   False,   111,  80.800,    33080,      701001,     6,    False, False
2026-08-29,  278,     4,   False,   210, 207.000,   209920,     4373455,     6,    False, False
2026-08-29,  279,     4,   False,   200, 153.600,   394766,     8561919,     6,    False, False
2026-08-29,  280,     4,   False,   469, 223.700,   994137,    21531351,     6,    False, False
2026-08-29,  281,     4,   False,   479, 443.200,  1013919,    22465693,     6,    False,  True
2026-08-29,  282,     4,   False,    90,  86.500,    46065,      917733,     6,    False, False
2026-08-29,  283,     4,   False,    59,  93.900,    12672,      263977,     6,    False, False
2026-08-29,  284,     4,   False,    46,  58.700,    52582,     1022535,     6,    False, False
2026-08-29,  285,     4,   False,   507, 443.200,  1084470,    24521229,     6,    False,  True
2026-08-29,  286,     4,   False,   376, 443.200,   257436,     4904914,     6,    False,  True
2026-08-29,  287,     4,   False,   582, 266.200,  5411800,   130523534,     6,    False, False
2026-08-29,  288,     4,   False,    41,  51.500,    10707,      200058,     6,    False, False
2026-08-29,  289,     4,   False,    55,  80.000,    18795,      401667,     6,    False, False
2026-08-29,  290,     4,   False,    54,  67.800,    31552,      637652,     6,    False, False
2026-08-29,  291,     4,   False,   298, 213.400,   669303,    15834297,     6,    False, False
2026-08-29,  292,     4,   False,   223, 101.000,   338853,     7541987,     6,    False, False
2026-08-29,  293,     4,   False,    62, 106.400,    20794,      381562,     6,    False, False
2026-08-29,  294,     4,   False,   135, 143.700,   104498,     2392312,     6,    False, False
2026-08-29,  295,     4,   False,   157, 174.400,   139191,     2578400,     6,    False, False
2026-08-29,  296,     4,   False,   122, 182.300,    62680,     1338866,     6,    False, False
2026-08-29,  297,     4,   False,   162, 145.100,    71119,     1520722,     6,    False, False
2026-08-29,  298,     4,   False,   129, 172.900,   137106,     2921017,     6,    False, False
2026-08-29,  299,     4,   False,  1043, 443.200,  5605769,   134612330,     6,    False,  True
