      date, seed, suits, dealtUp, moves,   score,  evals, microsecs, depth, timedOut,   win
2026-08-29,  100,     1,   False,   119, 443.200,   2371,     21456,     2,    False,  True
2026-08-29,  101,     1,   False,   108, 443.200,   2278,     20990,     2,    False,  True
2026-08-29,  102,     1,   False,   118, 443.200,   2062,     18955,     2,    False,  True
2026-08-29,  103,     1,   False,   122, 443.200,   2348,     20591,     2,    False,  True
2026-08-29,  104,     1,   False,   114, 443.200,   1733,     14999,     2,    False,  True
2026-08-29,  105,     1,   False,   117, 443.200,   1892,     16639,     2,    False,  True
2026-08-29,  106,     1,   False,   113, 443.200,   2469,     21291,     2,    False,  True
2026-08-29,  107,     1,   False,   119, 443.200,   2176,     20058,     2,    False,  True
2026-08-29,  108,     1,   False,    68, 188.700,    913,      7650,     2,    False, False
2026-08-29,  109,     1,   False,   117, 443.200,   1663,     14990,     2,    False,  True
2026-08-29,  110,     1,   False,   116, 443.200,   2244,     20646,     2,    False,  True
2026-08-29,  111,     1,   False,    66, 185.900,   1076,      9913,     2,    False, False
2026-08-29,  112,     1,   False,   120, 443.200,   2912,     25390,     2,    False,  True
2026-08-29,  113,     1,   False,   117, 443.200,   2475,     21015,     2,    False,  True
2026-08-29,  114,     1,   False,   124, 443.200,   2447,     22211,     2,    False,  True
2026-08-29,  115,     1,   False,   124, 443.200,   2598,     24332,     2,    False,  True
2026-08-29,  116,     1,   False,   108, 443.200,   2063,     17180,     2,    False,  True
2026-08-29,  117,     1,   False,   112, 443.200,   1890,     16545,     2,    False,  True
2026-08-29,  118,     1,   False,    65, 170.000,    698,      6148,     2,    False, False
2026-08-29,  119,     1,   False,   118, 443.200,   2110,     19448,     2,    False,  True
2026-08-29,  120,     1,   False,   113, 443.200,   2205,     19722,     2,    False,  True
2026-08-29,  121,     1,   False,   116, 443.200,   1924,     17453,     2,    False,  True
2026-08-29,  122,     1,   False,   122, 443.200,   2522,     22764,     2,    False,  True
2026-08-29,  123,     1,   False,    71, 235.200,   1267,      9818,     2,    False, False
2026-08-29,  124,     1,   False,   107, 443.200,   2095,     17190,     2,    False,  True
2026-08-29,  125,     1,   False,   122, 443.200,   1823,     15850,     2,    False,  True
2026-08-29,  126,     1,   False,    52, 137.500,    652,      5353,     2,    False, False
2026-08-29,  127,     1,   False,   107, 443.200,   1545,     13651,     2,    False,  True
2026-08-29,  128,     1,   False,   114, 443.200,   2124,     18742,     2,    False,  True
2026-08-29,  129,     1,   False,    84, 254.000,   1933,     17150,     2,    False, False
2026-08-29,  130,     1,   False,   114, 443.200,   1358,     11756,     2,    False,  True
2026-08-29,  131,     1,   False,   117, 443.200,   2493,     22741,     2,    False,  True
2026-08-29,  132,     1,   False,   109, 443.200,   2091,     19024,     2,    False,  True
2026-08-29,  133,     1,   False,   115, 443.200,   2198,     18388,     2,    False,  True
2026-08-29,  134,     1,   False,   111, 443.200,   1831,     16432,     2,    False,  True
2026-08-29,  135,     1,   False,   119, 443.200,   2082,     18539,     2,    False,  True
2026-08-29,  136,     1,   False,   108, 443.200,   1988,     16844,     2,    False,  True
2026-08-29,  137,     1,   False,   123, 443.200,   1991,     16831,     2,    False,  True
2026-08-29,  138,     1,   False,   118, 443.200,   1923,     16922,     2,    False,  True
2026-08-29,  139,     1,   False,   113, 443.200,   2153,     18763,     2,    False,  True
2026-08-29,  140,     1,   False,   124, 443.200,   2407,     21253,     2,    False,  True
2026-08-29,  141,     1,   False,   114, 443.200,   2050,     17386,     2,    False,  True
2026-08-29,  142,     1,   False,   115, 443.200,   2872,     25564,     2,    False,  True
2026-08-29,  143,     1,   False,   117, 443.200,   2382,     21640,     2,    False,  True
2026-08-29,  144,     1,   False,   113, 443.200,   2178,     19223,     2,    False,  True
2026-08-29,  145,     1,   False,   115, 443.200,   1403,     12493,     2,    False,  True
2026-08-29,  146,     1,   False,    64, 202.500,    903,      7782,     2,    False, False
2026-08-29,  147,     1,   False,   116, 443.200,   2201,     19707,     2,    False,  True
2026-08-29,  148,     1,   False,    64, 179.600,   1163,      9023,     2,    False, False
2026-08-29,  149,     1,   False,   117, 443.200,   1911,     17635,     2,    False,  True
2026-08-29,  150,     1,   False,   118, 443.200,   2296,     20454,     2,    False,  True
2026-08-29,  151,     1,   False,   114, 443.200,   1503,     12672,     2,    False,  True
2026-08-29,  152,     1,   False,   122, 443.200,   2415,     21495,     2,    False,  True
2026-08-29,  153,     1,   False,   110, 443.200,   1845,     16283,     2,    False,  True
2026-08-29,  154,     1,   False,   112, 443.200,   1957,     17297,     2,    False,  True
2026-08-29,  155,     1,   False,   116, 443.200,   2349,     21553,     2,    False,  True
2026-08-29,  156,     1,   False,   114, 443.200,   2197,     19768,     2,    False,  True
2026-08-29,  157,     1,   False,   118, 443.200,   1576,     14162,     2,    False,  True
2026-08-29,  158,     1,   False,    74, 233.400,    809,      6893,     2,    False, False
2026-08-29,  159,     1,   False,   115, 443.200,   1776,     15728,     2,    False,  True
2026-08-29,  160,     1,   False,   115, 443.200,   2352,     20854,     2,    False,  True
2026-08-29,  161,     1,   False,   105, 443.200,   2109,     18366,     2,    False,  True
2026-08-29,  162,     1,   False,   121, 443.200,   2439,     23199,     2,    False,  True
2026-08-29,  163,     1,   False,   119, 443.200,   1632,     13861,     2,    False,  True
2026-08-29,  164,     1,   False,   118, 443.200,   1927,     16088,     2,    False,  True
2026-08-29,  165,     1,   False,   117, 443.200,   2373,     22182,     2,    False,  True
2026-08-29,  166,     1,   False,   124, 443.200,   2338,     21142,     2,    False,  True
2026-08-29,  167,     1,   False,   123, 443.200,   2067,     17410,     2,    False,  True
2026-08-29,  168,     1,   False,   122, 443.200,   2494,     22366,     2,    False,  True
2026-08-29,  169,     1,   False,   104, 443.200,   2254,     19693,     2,    False,  True
2026-08-29,  170,     1,   False,   121, 443.200,   2186,     19671,     2,    False,  True
2026-08-29,  171,     1,   False,   120, 443.200,   1402,     12354,     2,    False,  True
2026-08-29,  172,     1,   False,   111, 443.200,   1501,     13152,     2,    False,  True
2026-08-29,  173,     1,   False,   115, 443.200,   2056,     17898,     2,    False,  True
2026-08-29,  174,     1,   False,   122, 443.200,   2338,     21527,     2,    False,  True
2026-08-29,  175,     1,   False,   116, 443.200,   2743,     23157,     2,    False,  True
2026-08-29,  176,     1,   False,   127, 443.200,   1781,     16458,     2,    False,  True
2026-08-29,  177,     1,   False,   121, 443.200,   1841,     17443,     2,    False,  True
2026-08-29,  178,     1,   False,   113, 443.200,   1922,     16299,     2,    False,  True
2026-08-29,  179,     1,   False,    57, 166.300,    855,      7005,     2,    False, False
2026-08-29,  180,     1,   False,   117, 443.200,   2219,     19478,     2,    False,  True
2026-08-29,  181,     1,   False,   117, 443.200,   2222,     19151,     2,    False,  True
2026-08-29,  182,     1,   False,   115, 443.200,   1360,     11797,     2,    False,  True
2026-08-29,  183,     1,   False,   113, 443.200,   2093,     17521,     2,    False,  True
2026-08-29,  184,     1,   False,   118, 443.200,   2144,     18762,     2,    False,  True
2026-08-29,  185,     1,   False,   109, 443.200,   1864,     16488,     2,    False,  True
2026-08-29,  186,     1,   False,    83, 231.500,   1121,      9183,     2,    False, False
2026-08-29,  187,     1,   False,   115, 443.200,   2126,     19550,     2,    False,  True
2026-08-29,  188,     1,   False,   112, 443.200,   1988,     18001,     2,    False,  True
2026-08-29,  189,     1,   False,   118, 443.200,   1538,     13450,     2,    False,  True
2026-08-29,  190,     1,   False,   110, 443.200,   1999,     17122,     2,    False,  True
2026-08-29,  191,     1,   False,   106, 443.200,   2328,     20998,     2,    False,  True
2026-08-29,  192,     1,   False,   104, 443.200,   1842,     15341,     2,    False,  True
2026-08-29,  193,     1,   False,    59, 171.500,    908,      8031,     2,    False, False
2026-08-29,  194,     1,   False,   112, 443.200,   2336,     21034,     2,    False,  True
2026-08-29,  195,     1,   False,   115, 443.200,   2331,     21115,     2,    False,  True
2026-08-29,  196,     1,   False,     1,   6.000,      2,        24,     2,    False, False
2026-08-29,  197,     1,   False,   121, 443.200,   2341,     20083,     2,    False,  True
2026-08-29,  198,     1,   False,   115, 443.200,   2190,     20058,     2,    False,  True
2026-08-29,  199,     1,   False,    76, 245.800,    809,      6875,     2,    False, False
2026-08-29,  200,     1,   False,   124, 443.200,   2091,     18797,     2,    False,  True
2026-08-29,  201,     1,   False,   118, 443.200,   2492,     22079,     2,    False,  True
2026-08-29,  202,     1,   False,   114, 443.200,   1467,     13122,     2,    False,  True
2026-08-29,  203,     1,   False,   122, 443.200,   1725,     15228,     2,    False,  True
2026-08-29,  204,     1,   False,   118, 443.200,   2313,     21167,     2,    False,  True
2026-08-29,  205,     1,   False,   114, 443.200,   1939,     17115,     2,    False,  True
2026-08-29,  206,     1,   False,   112, 443.200,   2426,     20801,     2,    False,  True
2026-08-29,  207,     1,   False,   109, 443.200,   1527,     13673,     2,    False,  True
2026-08-29,  208,     1,   False,   115, 443.200,   2001,     18467,     2,    False,  True
2026-08-29,  209,     1,   False,   118, 443.200,   2078,     18506,     2,    False,  True
2026-08-29,  210,     1,   False,    45,  96.900,    462,      3997,     2,    False, False
2026-08-29,  211,     1,   False,   114, 443.200,   2259,     19981,     2,    False,  True
2026-08-29,  212,     1,   False,   124, 443.200,   2332,     21251,     2,    False,  True
2026-08-29,  213,     1,   False,   112, 443.200,   1829,     16727,     2,    False,  True
2026-08-29,  214,     1,   False,   123, 443.200,   2543,     23837,     2,    False,  True
2026-08-29,  215,     1,   False,    42, 105.100,    737,      6074,     2,    False, False
2026-08-29,  216,     1,   False,   115, 443.200,   1997,     18436,     2,    False,  True
2026-08-29,  217,     1,   False,   103, 443.200,   2831,     24017,     2,    False,  True
2026-08-29,  218,     1,   False,   113, 443.200,   1910,     17874,     2,    False,  True
2026-08-29,  219,     1,   False,   115, 443.200,   2052,     18301,     2,    False,  True
2026-08-29,  220,     1,   False,   100, 340.200,   1302,     11980,     2,    False, False
2026-08-29,  221,     1,   False,   106, 443.200,   1378,     12411,     2,    False,  True
2026-08-29,  222,     1,   False,   107, 443.200,   1450,     11886,     2,    False,  True
2026-08-29,  223,     1,   False,   115, 443.200,   1833,     16440,     2,    False,  True
2026-08-29,  224,     1,   False,   120, 443.200,   1880,     16805,     2,    False,  True
2026-08-29,  225,     1,   False,   125, 443.200,   2439,     22368,     2,    False,  True
2026-08-29,  226,     1,   False,   118, 443.200,   1903,     16925,     2,    False,  True
2026-08-29,  227,     1,   False,   117, 443.200,   2420,     21077,     2,    False,  True
2026-08-29,  228,     1,   False,   127, 443.200,   2451,     21422,     2,    False,  True
2026-08-29,  229,     1,   False,   107, 443.200,   2026,     17362,     2,    False,  True
2026-08-29,  230,     1,   False,   116, 443.200,   1765,     16167,     2,    False,  True
2026-08-29,  231,     1,   False,   112, 443.200,   2090,     19456,     2,    False,  True
2026-08-29,  232,     1,   False,   117, 443.200,   2615,     23250,     2,    False,  True
2026-08-29,  233,     1,   False,   118, 443.200,   2123,     19464,     2,    False,  True
2026-08-29,  234,     1,   False,   114, 443.200,   2433,     20580,     2,    False,  True
2026-08-29,  235,     1,   False,   125, 443.200,   1819,     16626,     2,    False,  True
2026-08-29,  236,     1,   False,   120, 443.200,   2612,     23773,     2,    False,  True
2026-08-29,  237,     1,   False,   122, 443.200,   2418,     21754,     2,    False,  True
2026-08-29,  238,     1,   False,   111, 443.200,   1597,     13605,     2,    False,  True
2026-08-29,  239,     1,   False,   117, 443.200,   1916,     16698,     2,    False,  True
2026-08-29,  240,     1,   False,   115, 443.200,   1824,     15267,     2,    False,  True
2026-08-29,  241,     1,   False,   119, 443.200,   2116,     18732,     2,    False,  True
2026-08-29,  242,     1,   False,   106, 443.200,   2488,     22965,     2,    False,  True
2026-08-29,  243,     1,   False,   105, 443.200,   1265,     11458,     2,    False,  True
2026-08-29,  244,     1,   False,   113, 443.200,   1688,     15236,     2,    False,  True
2026-08-29,  245,     1,   False,   114, 443.200,   2226,     21472,     2,    False,  True
2026-08-29,  246,     1,   False,   117, 443.200,   2007,     17513,     2,    False,  True
2026-08-29,  247,     1,   False,   110, 443.200,   2131,     19274,     2,    False,  True
2026-08-29,  248,     1,   False,   118, 443.200,   2101,     20011,     2,    False,  True
2026-08-29,  249,     1,   False,   120, 443.200,   2496,     21382,     2,    False,  True
2026-08-29,  250,     1,   False,   112, 443.200,   2025,     17174,     2,    False,  True
2026-08-29,  251,     1,   False,   117, 443.200,   2111,     19044,     2,    False,  True
2026-08-29,  252,     1,   False,   117, 443.200,   2196,     19975,     2,    False,  True
2026-08-29,  253,     1,   False,   114, 443.200,   2204,     18496,     2,    False,  True
2026-08-29,  254,     1,   False,   105, 443.200,   1696,     15157,     2,    False,  True
2026-08-29,  255,     1,   False,   113, 443.200,   2029,     17650,     2,    False,  True
2026-08-29,  256,     1,   False,   119, 443.200,   2370,     21475,     2,    False,  True
2026-08-29,  257,     1,   False,   116, 443.200,   2318,     20620,     2,    False,  True
2026-08-29,  258,     1,   False,   118, 443.200,   2291,     19759,     2,    False,  True
2026-08-29,  259,     1,   False,   114, 443.200,   1488,     12878,     2,    False,  True
2026-08-29,  260,     1,   False,   108, 443.200,   2298,     20112,     2,    False,  True
2026-08-29,  261,     1,   False,   101, 443.200,   1474,     12134,     2,    False,  True
2026-08-29,  262,     1,   False,   112, 443.200,   2023,     18086,     2,    False,  True
2026-08-29,  263,     1,   False,   116, 443.200,   2112,     18944,     2,    False,  True
2026-08-29,  264,     1,   False,   108, 443.200,   1873,     14663,     2,    False,  True
2026-08-29,  265,     1,   False,   113, 443.200,   1738,     15018,     2,    False,  True
2026-08-29,  266,     1,   False,   107, 443.200,   1308,     12236,     2,    False,  True
2026-08-29,  267,     1,   False,   119, 443.200,   2336,     21494,     2,    False,  True
2026-08-29,  268,     1,   False,    61, 158.600,    817,      6868,     2,    False, False
2026-08-29,  269,     1,   False,   101, 443.200,   1640,     14949,     2,    False,  True
2026-08-29,  270,     1,   False,   119, 443.200,   1911,     16679,     2,    False,  True
2026-08-29,  271,     1,   False,   111, 443.200,   2160,     20583,     2,    False,  True
2026-08-29,  272,     1,   False,   115, 443.200,   2052,     17659,     2,    False,  True
2026-08-29,  273,     1,   False,   112, 443.200,   1847,     16681,     2,    False,  True
2026-08-29,  274,     1,   False,   118, 443.200,   2272,     19571,     2,    False,  True
2026-08-29,  275,     1,   False,   114, 443.200,   2301,     19375,     2,    False,  True
2026-08-29,  276,     1,   False,   123, 443.200,   2657,     23961,     2,    False,  True
2026-08-29,  277,     1,   False,   116, 443.200,   2047,     18516,     2,    False,  True
2026-08-29,  278,     1,   False,   114, 443.200,   2155,     19840,     2,    False,  True
2026-08-29,  279,     1,   False,   113, 443.200,   1728,     15622,     2,    False,  True
2026-08-29,  280,     1,   False,    69, 169.500,    875,      7428,     2,    False, False
2026-08-29,  281,     1,   False,   119, 443.200,   2673,     24467,     2,    False,  True
2026-08-29,  282,     1,   False,   113, 443.200,   2361,     19574,     2,    False,  True
2026-08-29,  283,     1,   False,   121, 443.200,   2620,     23477,     2,    False,  True
2026-08-29,  284,     1,   False,   112, 443.200,   1838,     16826,     2,    False,  True
2026-08-29,  285,     1,   False,   131, 443.200,   2453,     22831,     2,    False,  True
2026-08-29,  286,     1,   False,   119, 443.200,   1679,     14978,     2,    False,  True
2026-08-29,  287,     1,   False,   125, 443.200,   2185,     19742,     2,    False,  True
2026-08-29,  288,     1,   False,   114, 443.200,   1473,     13623,     2,    False,  True
2026-08-29,  289,     1,   False,   125, 443.200,   2536,     22843,     2,    False,  True
2026-08-29,  290,     1,   False,   107, 443.200,   1846,     16000,     2,    False,  True
2026-08-29,  291,     1,   False,   110, 443.200,   2493,     21736,     2,    False,  True
2026-08-29,  292,     1,   False,   115, 443.200,   2600,     23247,     2,    False,  True
2026-08-29,  293,     1,   False,   118, 443.200,   1825,     15291,     2,    False,  True
2026-08-29,  294,     1,   False,   124, 443.200,   2171,     20104,     2,    False,  True
2026-08-29,  295,     1,   False,   117, 443.200,   2369,     20692,     2,    False,  True
2026-08-29,  296,     1,   False,   114, 443.200,   1905,     16688,     2,    False,  True
2026-08-29,  297,     1,   False,   114, 443.200,   1863,     16582,     2,    False,  True
2026-08-29,  298,     1,   False,   110, 443.200,   1856,     15705,     2,    False,  True
2026-08-29,  299,     1,   False,   113, 443.200,   2248,     20178,     2,    False,  True
2026-08-29,  100,     1,   False,   121, 443.200,   6396,     92169,     3,    False,  True
2026-08-29,  101,     1,   False,   111, 443.200,   6805,     95984,     3,    False,  True
2026-08-29,  102,     1,   False,   125, 443.200,   4515,     61685,     3,    False,  True
2026-08-29,  103,     1,   False,   115, 443.200,   3083,     39409,     3,    False,  True
2026-08-29,  104,     1,   False,   124, 443.200,   3960,     54602,     3,    False,  True
2026-08-29,  105,     1,   False,   107, 443.200,   4182,     54543,     3,    False,  True
2026-08-29,  106,     1,   False,   115, 443.200,   6747,     90173,     3,    False,  True
2026-08-29,  107,     1,   False,   118, 443.200,   4849,     75909,     3,    False,  True
2026-08-29,  108,     1,   False,   115, 443.200,   2667,     32161,     3,    False,  True
2026-08-29,  109,     1,   False,   111, 443.200,   3320,     47395,     3,    False,  True
2026-08-29,  110,     1,   False,   118, 443.200,   5293,     77865,     3,    False,  True
2026-08-29,  111,     1,   False,    61, 164.200,   3156,     36960,     3,    False, False
2026-08-29,  112,     1,   False,   124, 443.200,   7247,     94670,     3,    False,  True
2026-08-29,  113,     1,   False,   118, 443.200,   5548,     72532,     3,    False,  True
2026-08-29,  114,     1,   False,   117, 443.200,   4652,     58407,     3,    False,  True
2026-08-29,  115,     1,   False,   124, 443.200,   6554,     90538,     3,    False,  True
2026-08-29,  116,     1,   False,   125, 443.200,   4825,     63305,     3,    False,  True
2026-08-29,  117,     1,   False,   118, 443.200,   3875,     51312,     3,    False,  True
2026-08-29,  118,     1,   False,   114, 443.200,   4174,     54554,     3,    False,  True
2026-08-29,  119,     1,   False,   118, 443.200,   2543,     34922,     3,    False,  True
2026-08-29,  120,     1,   False,   113, 443.200,   5594,     74769,     3,    False,  True
2026-08-29,  121,     1,   False,   119, 443.200,   5850,     75967,     3,    False,  True
2026-08-29,  122,     1,   False,   123, 443.200,   7442,     96536,     3,    False,  True
2026-08-29,  123,     1,   False,   106, 443.200,   3048,     35770,     3,    False,  True
2026-08-29,  124,     1,   False,   110, 443.200,   2743,     35002,     3,    False,  True
2026-08-29,  125,     1,   False,   125, 443.200,   4924,     64779,     3,    False,  True
2026-08-29,  126,     1,   False,    61, 196.100,   1855,     23226,     3,    False, False
2026-08-29,  127,     1,   False,   110, 443.200,   2065,     28629,     3,    False,  True
2026-08-29,  128,     1,   False,   116, 443.200,   7125,    101431,     3,    False,  True
2026-08-29,  129,     1,   False,   116, 443.200,   3221,     41895,     3,    False,  True
2026-08-29,  130,     1,   False,   116, 443.200,   2632,     34536,     3,    False,  True
2026-08-29,  131,     1,   False,   108, 443.200,   2973,     40143,     3,    False,  True
2026-08-29,  132,     1,   False,   109, 443.200,   5247,     71572,     3,    False,  True
2026-08-29,  133,     1,   False,   113, 443.200,   8115,     98291,     3,    False,  True
2026-08-29,  134,     1,   False,   112, 443.200,   4234,     57429,     3,    False,  True
2026-08-29,  135,     1,   False,   108, 443.200,   6185,     79334,     3,    False,  True
2026-08-29,  136,     1,   False,   121, 443.200,   4061,     52104,     3,    False,  True
2026-08-29,  137,     1,   False,   111, 443.200,   5618,     73464,     3,    False,  True
2026-08-29,  138,     1,   False,   120, 443.200,   4933,     70024,     3,    False,  True
2026-08-29,  139,     1,   False,   111, 443.200,   3869,     53335,     3,    False,  True
2026-08-29,  140,     1,   False,   114, 443.200,   5805,     74573,     3,    False,  True
2026-08-29,  141,     1,   False,    59, 153.500,   1915,     21986,     3,    False, False
2026-08-29,  142,     1,   False,   115, 443.200,   5386,     72289,     3,    False,  True
2026-08-29,  143,     1,   False,   117, 443.200,   6942,     92027,     3,    False,  True
2026-08-29,  144,     1,   False,   112, 443.200,   4151,     57617,     3,    False,  True
2026-08-29,  145,     1,   False,   112, 443.200,   3296,     43460,     3,    False,  True
2026-08-29,  146,     1,   False,   114, 443.200,   3034,     35072,     3,    False,  True
2026-08-29,  147,     1,   False,   117, 443.200,   4201,     57178,     3,    False,  True
2026-08-29,  148,     1,   False,    61, 179.600,   2036,     23746,     3,    False, False
2026-08-29,  149,     1,   False,   110, 443.200,   5879,     78126,     3,    False,  True
2026-08-29,  150,     1,   False,   113, 443.200,   5758,     78810,     3,    False,  True
2026-08-29,  151,     1,   False,   105, 443.200,   3310,     39867,     3,    False,  True
2026-08-29,  152,     1,   False,   116, 443.200,   3696,     52171,     3,    False,  True
2026-08-29,  153,     1,   False,   116, 443.200,   3576,     45722,     3,    False,  True
2026-08-29,  154,     1,   False,   108, 443.200,   3166,     36940,     3,    False,  True
2026-08-29,  155,     1,   False,   114, 443.200,   5807,     78585,     3,    False,  True
2026-08-29,  156,     1,   False,   114, 443.200,   5655,     77122,     3,    False,  True
2026-08-29,  157,     1,   False,   116, 443.200,   3345,     45919,     3,    False,  True
2026-08-29,  158,     1,   False,   119, 443.200,   5633,     78155,     3,    False,  True
2026-08-29,  159,     1,   False,   106, 443.200,   4382,     52943,     3,    False,  True
2026-08-29,  160,     1,   False,   115, 443.200,   3592,     50380,     3,    False,  True
2026-08-29,  161,     1,   False,   113, 443.200,   3367,     42879,     3,    False,  True
2026-08-29,  162,     1,   False,   123, 443.200,   3718,     50135,     3,    False,  True
2026-08-29,  163,     1,   False,   115, 443.200,   2091,     25677,     3,    False,  True
2026-08-29,  164,     1,   False,   114, 443.200,   3735,     47762,     3,    False,  True
2026-08-29,  165,     1,   False,   122, 443.200,   4654,     62802,     3,    False,  True
2026-08-29,  166,     1,   False,   123, 443.200,   5191,     70273,     3,    False,  True
2026-08-29,  167,     1,   False,   119, 443.200,   7711,    109251,     3,    False,  True
2026-08-29,  168,     1,   False,   121, 443.200,   5521,     75624,     3,    False,  True
2026-08-29,  169,     1,   False,   112, 443.200,   4483,     59463,     3,    False,  True
2026-08-29,  170,     1,   False,   125, 443.200,   2232,     31264,     3,    False,  True
2026-08-29,  171,     1,   False,    66, 157.000,   1373,     17242,     3,    False, False
2026-08-29,  172,     1,   False,   118, 443.200,   2831,     37832,     3,    False,  True
2026-08-29,  173,     1,   False,   115, 443.200,   2789,     36243,     3,    False,  True
2026-08-29,  174,     1,   False,   121, 443.200,   5379,     77068,     3,    False,  True
2026-08-29,  175,     1,   False,   118, 443.200,   4854,     63943,     3,    False,  True
2026-08-29,  176,     1,   False,   118, 443.200,   4044,     52681,     3,    False,  True
2026-08-29,  177,     1,   False,   112, 443.200,   4392,     56335,     3,    False,  True
2026-08-29,  178,     1,   False,   116, 443.200,   7115,     93488,     3,    False,  True
2026-08-29,  179,     1,   False,   109, 443.200,   3115,     36968,     3,    False,  True
2026-08-29,  180,     1,   False,   115, 443.200,   6381,     83557,     3,    False,  True
2026-08-29,  181,     1,   False,    78, 237.900,   2864,     35425,     3,    False, False
2026-08-29,  182,     1,   False,    70, 220.100,   1880,     25042,     3,    False, False
2026-08-29,  183,     1,   False,   112, 443.200,   4706,     59364,     3,    False,  True
2026-08-29,  184,     1,   False,   118, 443.200,   4699,     59358,     3,    False,  True
2026-08-29,  185,     1,   False,   111, 443.200,   5387,     71788,     3,    False,  True
2026-08-29,  186,     1,   False,   115, 443.200,   4297,     57829,     3,    False,  True
2026-08-29,  187,     1,   False,   114, 443.200,   3702,     51577,     3,    False,  True
2026-08-29,  188,     1,   False,   121, 443.200,   3032,     38088,     3,    False,  True
2026-08-29,  189,     1,   False,   110, 443.200,   2175,     30657,     3,    False,  True
2026-08-29,  190,     1,   False,   108, 443.200,   4359,     60271,     3,    False,  True
2026-08-29,  191,     1,   False,   115, 443.200,   7741,    106879,     3,    False,  True
2026-08-29,  192,     1,   False,   112, 443.200,   6702,     83230,     3,    False,  True
2026-08-29,  193,     1,   False,    70, 220.200,   1845,     22945,     3,    False, False
2026-08-29,  194,     1,   False,   111, 443.200,   4843,     70838,     3,    False,  True
2026-08-29,  195,     1,   False,   118, 443.200,   4763,     66985,     3,    False,  True
2026-08-29,  196,     1,   False,     1,   6.000,      2,        25,     3,    False, False
2026-08-29,  197,     1,   False,   120, 443.200,   3722,     49260,     3,    False,  True
2026-08-29,  198,     1,   False,   115, 443.200,   2870,     36526,     3,    False,  True
2026-08-29,  199,     1,   False,    83, 255.200,   2070,     26376,     3,    False, False
2026-08-29,  200,     1,   False,   119, 443.200,   4076,     59245,     3,    False,  True
2026-08-29,  201,     1,   False,   112, 443.200,   5426,     75080,     3,    False,  True
2026-08-29,  202,     1,   False,   121, 443.200,   8485,    117549,     3,    False,  True
2026-08-29,  203,     1,   False,   113, 443.200,   2539,     34864,     3,    False,  True
2026-08-29,  204,     1,   False,   108, 443.200,   4452,     63041,     3,    False,  True
2026-08-29,  205,     1,   False,   109, 443.200,   5751,     74782,     3,    False,  True
2026-08-29,  206,     1,   False,   108, 443.200,   4126,     53933,     3,    False,  True
2026-08-29,  207,     1,   False,   119, 443.200,   2689,     38270,     3,    False,  True
2026-08-29,  208,     1,   False,   113, 443.200,   3993,     56233,     3,    False,  True
2026-08-29,  209,     1,   False,   116, 443.200,   3746,     55462,     3,    False,  True
2026-08-29,  210,     1,   False,   110, 443.200,   3269,     44716,     3,    False,  True
2026-08-29,  211,     1,   False,   118, 443.200,   4251,     59610,     3,    False,  True
2026-08-29,  212,     1,   False,   127, 443.200,   4385,     65400,     3,    False,  True
2026-08-29,  213,     1,   False,   118, 443.200,   2342,     30228,     3,    False,  True
2026-08-29,  214,     1,   False,   114, 443.200,   5475,     79767,     3,    False,  True
2026-08-29,  215,     1,   False,    48, 132.200,   1563,     20513,     3,    False, False
2026-08-29,  216,     1,   False,   115, 443.200,   4208,     59924,     3,    False,  True
2026-08-29,  217,     1,   False,   105, 443.200,   7563,     90951,     3,    False,  True
2026-08-29,  218,     1,   False,   116, 443.200,   5071,     72203,     3,    False,  True
2026-08-29,  219,     1,   False,   112, 443.200,   4931,     65833,     3,    False,  True
2026-08-29,  220,     1,   False,   110, 340.200,   3369,     48334,     3,    False, False
2026-08-29,  221,     1,   False,   124, 443.200,   3555,     47036,     3,    False,  True
2026-08-29,  222,     1,   False,    57, 142.300,   1003,     14537,     3,    False, False
2026-08-29,  223,     1,   False,   111, 443.200,   5210,     66502,     3,    False,  True
2026-08-29,  224,     1,   False,   110, 443.200,   4593,     64518,     3,    False,  True
2026-08-29,  225,     1,   False,   122, 443.200,   3251,     44140,     3,    False,  True
2026-08-29,  226,     1,   False,   109, 443.200,   3546,     48365,     3,    False,  True
2026-08-29,  227,     1,   False,   116, 443.200,   4344,     55958,     3,    False,  True
2026-08-29,  228,     1,   False,   121, 443.200,   4891,     62552,     3,    False,  True
2026-08-29,  229,     1,   False,   113, 443.200,   3604,     49756,     3,    False,  True
2026-08-29,  230,     1,   False,   115, 443.200,   3427,     48148,     3,    False,  True
2026-08-29,  231,     1,   False,   107, 443.200,   4126,     60087,     3,    False,  True
2026-08-29,  232,     1,   False,   114, 443.200,   6590,     91147,     3,    False,  True
2026-08-29,  233,     1,   False,   119, 443.200,   6874,     87917,     3,    False,  True
2026-08-29,  234,     1,   False,   114, 443.200,   5545,     71373,     3,    False,  True
2026-08-29,  235,     1,   False,   116, 443.200,   2354,     32626,     3,    False,  True
2026-08-29,  236,     1,   False,   121, 443.200,   2996,     39882,     3,    False,  True
2026-08-29,  237,     1,   False,   116, 443.200,   4630,     64433,     3,    False,  True
2026-08-29,  238,     1,   False,   112, 443.200,   3920,     53998,     3,    False,  True
2026-08-29,  239,     1,   False,   116, 443.200,   3204,     41344,     3,    False,  True
2026-08-29,  240,     1,   False,   120, 443.200,   3819,     48867,     3,    False,  True
2026-08-29,  241,     1,   False,   122, 443.200,   4545,     63256,     3,    False,  True
2026-08-29,  242,     1,   False,   116, 443.200,   7312,    104504,     3,    False,  True
2026-08-29,  243,     1,   False,   107, 443.200,   3522,     42263,     3,    False,  True
2026-08-29,  244,     1,   False,   116, 443.200,   4876,     66221,     3,    False,  True
2026-08-29,  245,     1,   False,   121, 443.200,   5703,     86825,     3,    False,  True
2026-08-29,  246,     1,   False,   114, 443.200,   4630,     60230,     3,    False,  True
2026-08-29,  247,     1,   False,   113, 443.200,   4746,     67802,     3,    False,  True
2026-08-29,  248,     1,   False,   115, 443.200,   4134,     59396,     3,    False,  True
2026-08-29,  249,     1,   False,   113, 443.200,   3277,     42468,     3,    False,  True
2026-08-29,  250,     1,   False,   103, 443.200,   2435,     32980,     3,    False,  True
2026-08-29,  251,     1,   False,   117, 443.200,   2033,     28007,     3,    False,  True
2026-08-29,  252,     1,   False,   116, 443.200,   4816,     71729,     3,    False,  True
2026-08-29,  253,     1,   False,   118, 443.200,   6526,     85310,     3,    False,  True
2026-08-29,  254,     1,   False,   108, 443.200,   3352,     47762,     3,    False,  True
2026-08-29,  255,     1,   False,   110, 443.200,   5128,     64986,     3,    False,  True
2026-08-29,  256,     1,   False,   115, 443.200,   4146,     53629,     3,    False,  True
2026-08-29,  257,     1,   False,   113, 443.200,   4210,     60806,     3,    False,  True
2026-08-29,  258,     1,   False,    71, 177.000,   2362,     29513,     3,    False, False
2026-08-29,  259,     1,   False,   113, 443.200,   4436,     59086,     3,    False,  True
2026-08-29,  260,     1,   False,   114, 443.200,   4726,     62861,     3,    False,  True
2026-08-29,  261,     1,   False,   107, 443.200,   3072,     35893,     3,    False,  True
2026-08-29,  262,     1,   False,   109, 443.200,   4292,     50720,     3,    False,  True
2026-08-29,  263,     1,   False,   110, 443.200,   3886,     54211,     3,    False,  True
2026-08-29,  264,     1,   False,   113, 443.200,   5305,     65715,     3,    False,  True
2026-08-29,  265,     1,   False,   109, 443.200,   4903,     56695,     3,    False,  True
2026-08-29,  266,     1,   False,   117, 443.200,   3300,     46995,     3,    False,  True
2026-08-29,  267,     1,   False,   121, 443.200,   6481,     88859,     3,    False,  True
2026-08-29,  268,     1,   False,    69, 197.700,   2579,     33183,     3,    False, False
2026-08-29,  269,     1,   False,   113, 443.200,   5268,     69791,     3,    False,  True
2026-08-29,  270,     1,   False,   122, 443.200,   3935,     51911,     3,    False,  True
2026-08-29,  271,     1,   False,   114, 443.200,   5413,     73905,     3,    False,  True
2026-08-29,  272,     1,   False,   115, 443.200,   4726,     62736,     3,    False,  True
2026-08-29,  273,     1,   False,   117, 443.200,   4210,     59803,     3,    False,  True
2026-08-29,  274,     1,   False,   115, 443.200,   4108,     54150,     3,    False,  True
2026-08-29,  275,     1,   False,   114, 443.200,   3532,     43084,     3,    False,  True
2026-08-29,  276,     1,   False,   110, 443.200,   6160,     74434,     3,    False,  True
2026-08-29,  277,     1,   False,   109, 443.200,   4384,     58537,     3,    False,  True
2026-08-29,  278,     1,   False,   114, 443.200,   5952,     80023,     3,    False,  True
2026-08-29,  279,     1,   False,   113, 443.200,   3503,     50685,     3,    False,  True
2026-08-29,  280,     1,   False,   122, 443.200,   2777,     37903,     3,    False,  True
2026-08-29,  281,     1,   False,   121, 443.200,   3757,     49845,     3,    False,  True
2026-08-29,  282,     1,   False,   112, 443.200,   3065,     36892,     3,    False,  True
2026-08-29,  283,     1,   False,   112, 443.200,   5449,     69673,     3,    False,  True
2026-08-29,  284,     1,   False,   112, 443.200,   4898,     70067,     3,    False,  True
2026-08-29,  285,     1,   False,   128, 443.200,   4196,     59515,     3,    False,  True
2026-08-29,  286,     1,   False,   115, 443.200,   3773,     53219,     3,    False,  True
2026-08-29,  287,     1,   False,   104, 443.200,   5151,     67522,     3,    False,  True
2026-08-29,  288,     1,   False,   111, 443.200,   2203,     29472,     3,    False,  True
2026-08-29,  289,     1,   False,   110, 443.200,   4625,     58004,     3,    False,  True
2026-08-29,  290,     1,   False,   114, 443.200,   4115,     54257,     3,    False,  True
2026-08-29,  291,     1,   False,   117, 443.200,   6639,     92342,     3,    False,  True
2026-08-29,  292,     1,   False,   123, 443.200,   2910,     38046,     3,    False,  True
2026-08-29,  293,     1,   False,   113, 443.200,   2547,     32459,     3,    False,  True
2026-08-29,  294,     1,   False,   124, 443.200,   5129,     73082,     3,    False,  True
2026-08-29,  295,     1,   False,   120, 443.200,   4641,     62070,     3,    False,  True
2026-08-29,  296,     1,   False,   122, 443.200,   4367,     59930,     3,    False,  True
2026-08-29,  297,     1,   False,   114, 443.200,   4258,     59749,     3,    False,  True
2026-08-29,  298,     1,   False,   116, 443.200,   4485,     62612,     3,    False,  True
2026-08-29,  299,     1,   False,   117, 443.200,   5799,     81781,     3,    False,  True
2026-08-29,  100,     1,   False,   121, 443.200,  13816,    293679,     4,    False,  True
2026-08-29,  101,     1,   False,   114, 443.200,  20288,    358259,     4,    False,  True
2026-08-29,  102,     1,   False,   116, 443.200,  10840,    191336,     4,    False,  True
2026-08-29,  103,     1,   False,   116, 443.200,   5135,    103548,     4,    False,  True
2026-08-29,  104,     1,   False,   121, 443.200,   9029,    185844,     4,    False,  True
2026-08-29,  105,     1,   False,   111, 443.200,   5676,    119121,     4,    False,  True
2026-08-29,  106,     1,   False,   111, 443.200,  16172,    296526,     4,    False,  True
2026-08-29,  107,     1,   False,   119, 443.200,  11093,    220066,     4,    False,  True
2026-08-29,  108,     1,   False,    72, 202.300,   2598,     40123,     4,    False, False
2026-08-29,  109,     1,   False,   116, 443.200,   5801,    114847,     4,    False,  True
2026-08-29,  110,     1,   False,   113, 443.200,   7463,    174132,     4,    False,  True
2026-08-29,  111,     1,   False,    69, 185.300,   4259,     67475,     4,    False, False
2026-08-29,  112,     1,   False,   125, 443.200,  13199,    263219,     4,    False,  True
2026-08-29,  113,     1,   False,   117, 443.200,  13163,    242668,     4,    False,  True
2026-08-29,  114,     1,   False,   117, 443.200,   9172,    151435,     4,    False,  True
2026-08-29,  115,     1,   False,   124, 443.200,  16167,    320120,     4,    False,  True
2026-08-29,  116,     1,   False,   120, 443.200,  14238,    270933,     4,    False,  True
2026-08-29,  117,     1,   False,   119, 443.200,   9147,    162798,     4,    False,  True
2026-08-29,  118,     1,   False,   116, 443.200,   7221,    140438,     4,    False,  True
2026-08-29,  119,     1,   False,   119, 443.200,   8473,    158900,     4,    False,  True
2026-08-29,  120,     1,   False,   106, 443.200,  12651,    223232,     4,    False,  True
2026-08-29,  121,     1,   False,   109, 443.200,   8002,    178679,     4,    False,  True
2026-08-29,  122,     1,   False,   119, 443.200,  12542,    240700,     4,    False,  True
2026-08-29,  123,     1,   False,    59, 206.700,   4652,     74858,     4,    False, False
2026-08-29,  124,     1,   False,   109, 443.200,   5846,     94780,     4,    False,  True
2026-08-29,  125,     1,   False,   119, 443.200,   3969,     63526,     4,    False,  True
2026-08-29,  126,     1,   False,    68, 219.500,   3123,     54078,     4,    False, False
2026-08-29,  127,     1,   False,   113, 443.200,   2630,     49410,     4,    False,  True
2026-08-29,  128,     1,   False,   114, 443.200,  12572,    278225,     4,    False,  True
2026-08-29,  129,     1,   False,   117, 443.200,  13166,    232672,     4,    False,  True
2026-08-29,  130,     1,   False,   111, 443.200,   2665,     47628,     4,    False,  True
2026-08-29,  131,     1,   False,   113, 443.200,   6791,    119069,     4,    False,  True
2026-08-29,  132,     1,   False,   113, 443.200,  14474,    290064,     4,    False,  True
2026-08-29,  133,     1,   False,   108, 443.200,  15189,    262116,     4,    False,  True
2026-08-29,  134,     1,   False,   122, 443.200,   8753,    157770,     4,    False,  True
2026-08-29,  135,     1,   False,   111, 443.200,  15029,    261307,     4,    False,  True
2026-08-29,  136,     1,   False,   122, 443.200,   8919,    151835,     4,    False,  True
2026-08-29,  137,     1,   False,    98, 284.700,   9697,    143823,     4,    False, False
2026-08-29,  138,     1,   False,   119, 443.200,  12996,    242552,     4,    False,  True
2026-08-29,  139,     1,   False,   115, 443.200,   7029,    145352,     4,    False,  True
2026-08-29,  140,     1,   False,   113, 443.200,  13674,    246433,     4,    False,  True
2026-08-29,  141,     1,   False,   111, 443.200,   6955,    118685,     4,    False,  True
2026-08-29,  142,     1,   False,   113, 443.200,  14039,    268678,     4,    False,  True
2026-08-29,  143,     1,   False,   114, 443.200,   5930,    122613,     4,    False,  True
2026-08-29,  144,     1,   False,   112, 443.200,   9471,    178975,     4,    False,  True
2026-08-29,  145,     1,   False,   119, 443.200,   4937,    104458,     4,    False,  True
2026-08-29,  146,     1,   False,    65, 204.000,   2135,     35693,     4,    False, False
2026-08-29,  147,     1,   False,   117, 443.200,   8540,    176060,     4,    False,  True
2026-08-29,  148,     1,   False,   110, 443.200,   5380,     97514,     4,    False,  True
2026-08-29,  149,     1,   False,   114, 443.200,  12739,    242864,     4,    False,  True
2026-08-29,  150,     1,   False,   118, 443.200,  15536,    304030,     4,    False,  True
2026-08-29,  151,     1,   False,   109, 443.200,   6050,    118001,     4,    False,  True
2026-08-29,  152,     1,   False,   123, 443.200,   8190,    168204,     4,    False,  True
2026-08-29,  153,     1,   False,   114, 443.200,  12120,    204910,     4,    False,  True
2026-08-29,  154,     1,   False,   113, 443.200,  10036,    160743,     4,    False,  True
2026-08-29,  155,     1,   False,    68, 165.500,    758,     12095,     4,    False, False
2026-08-29,  156,     1,   False,   117, 443.200,   7757,    151789,     4,    False,  True
2026-08-29,  157,     1,   False,   117, 443.200,  16919,    309554,     4,    False,  True
2026-08-29,  158,     1,   False,   118, 443.200,  16526,    300376,     4,    False,  True
2026-08-29,  159,     1,   False,   111, 443.200,   8361,    143521,     4,    False,  True
2026-08-29,  160,     1,   False,   116, 443.200,   5933,    129919,     4,    False,  True
2026-08-29,  161,     1,   False,    64, 183.600,   3456,     57678,     4,    False, False
2026-08-29,  162,     1,   False,   120, 443.200,   7330,    138616,     4,    False,  True
2026-08-29,  163,     1,   False,   112, 443.200,   8728,    148798,     4,    False,  True
2026-08-29,  164,     1,   False,   118, 443.200,   7723,    136829,     4,    False,  True
2026-08-29,  165,     1,   False,   118, 443.200,   8733,    144928,     4,    False,  True
2026-08-29,  166,     1,   False,   128, 443.200,  16320,    300159,     4,    False,  True
2026-08-29,  167,     1,   False,   125, 443.200,  21685,    431414,     4,    False,  True
2026-08-29,  168,     1,   False,   115, 443.200,  11613,    219497,     4,    False,  True
2026-08-29,  169,     1,   False,   118, 443.200,   7456,    147020,     4,    False,  True
2026-08-29,  170,     1,   False,   126, 443.200,   2922,     56560,     4,    False,  True
2026-08-29,  171,     1,   False,   122, 443.200,   3176,     55796,     4,    False,  True
2026-08-29,  172,     1,   False,   108, 443.200,   4640,     87513,     4,    False,  True
2026-08-29,  173,     1,   False,   118, 443.200,  11213,    224667,     4,    False,  True
2026-08-29,  174,     1,   False,   124, 443.200,  10915,    230023,     4,    False,  True
2026-08-29,  175,     1,   False,    86, 222.300,   4011,     65831,     4,    False, False
2026-08-29,  176,     1,   False,   120, 443.200,   9452,    197122,     4,    False,  True
2026-08-29,  177,     1,   False,   118, 443.200,   7938,    169796,     4,    False,  True
2026-08-29,  178,     1,   False,   123, 443.200,  15744,    279299,     4,    False,  True
2026-08-29,  179,     1,   False,   112, 443.200,   8237,    131506,     4,    False,  True
2026-08-29,  180,     1,   False,   117, 443.200,  12939,    252932,     4,    False,  True
2026-08-29,  181,     1,   False,   118, 443.200,  13240,    253482,     4,    False,  True
2026-08-29,  182,     1,   False,   118, 443.200,  10740,    185687,     4,    False,  True
2026-08-29,  183,     1,   False,   117, 443.200,   8115,    160585,     4,    False,  True
2026-08-29,  184,     1,   False,   126, 443.200,   9389,    170564,     4,    False,  True
2026-08-29,  185,     1,   False,   118, 443.200,   7566,    157127,     4,    False,  True
2026-08-29,  186,     1,   False,   108, 443.200,   6208,    117106,     4,    False,  True
2026-08-29,  187,     1,   False,   114, 443.200,   7250,    145866,     4,    False,  True
2026-08-29,  188,     1,   False,   112, 443.200,   8823,    182748,     4,    False,  True
2026-08-29,  189,     1,   False,   116, 443.200,   2918,     60814,     4,    False,  True
2026-08-29,  190,     1,   False,   119, 443.200,  15584,    255184,     4,    False,  True
2026-08-29,  191,     1,   False,   109, 443.200,  14800,    316901,     4,    False,  True
2026-08-29,  192,     1,   False,   103, 443.200,   8170,    150593,     4,    False,  True
2026-08-29,  193,     1,   False,    73, 220.200,   2346,     43133,     4,    False, False
2026-08-29,  194,     1,   False,   114, 443.200,   8399,    190326,     4,    False,  True
2026-08-29,  195,     1,   False,   117, 443.200,   8527,    165842,     4,    False,  True
2026-08-29,  196,     1,   False,     1,   6.000,      2,        25,     4,    False, False
2026-08-29,  197,     1,   False,    77, 230.000,   4496,     74631,     4,    False, False
2026-08-29,  198,     1,   False,   122, 443.200,   6514,    104778,     4,    False,  True
2026-08-29,  199,     1,   False,   116, 443.200,   4482,     84468,     4,    False,  True
2026-08-29,  200,     1,   False,   120, 443.200,   6501,    137482,     4,    False,  True
2026-08-29,  201,     1,   False,   118, 443.200,  10216,    182902,     4,    False,  True
2026-08-29,  202,     1,   False,   109, 443.200,   3082,     50333,     4,    False,  True
2026-08-29,  203,     1,   False,   122, 443.200,   5074,     84630,     4,    False,  True
2026-08-29,  204,     1,   False,   111, 443.200,  17152,    347824,     4,    False,  True
2026-08-29,  205,     1,   False,   111, 443.200,   5868,    111527,     4,    False,  True
2026-08-29,  206,     1,   False,   114, 443.200,  15645,    297264,     4,    False,  True
2026-08-29,  207,     1,   False,   122, 443.200,   4389,     85462,     4,    False,  True
2026-08-29,  208,     1,   False,   115, 443.200,   9079,    180136,     4,    False,  True
2026-08-29,  209,     1,   False,   112, 443.200,  13106,    250957,     4,    False,  True
2026-08-29,  210,     1,   False,   115, 443.200,   7070,    128273,     4,    False,  True
2026-08-29,  211,     1,   False,   118, 443.200,  16751,    334898,     4,    False,  True
2026-08-29,  212,     1,   False,   115, 443.200,   9893,    208130,     4,    False,  True
2026-08-29,  213,     1,   False,   109, 443.200,   5069,     84230,     4,    False,  True
2026-08-29,  214,     1,   False,   123, 443.200,  11712,    243820,     4,    False,  True
2026-08-29,  215,     1,   False,    51, 137.300,   2866,     45869,     4,    False, False
2026-08-29,  216,     1,   False,   114, 443.200,  11025,    209573,     4,    False,  True
2026-08-29,  217,     1,   False,   107, 443.200,  21228,    365271,     4,    False,  True
2026-08-29,  218,     1,   False,   111, 443.200,   7901,    165726,     4,    False,  True
2026-08-29,  219,     1,   False,   118, 443.200,  10415,    201562,     4,    False,  True
2026-08-29,  220,     1,   False,   128, 443.200,  15406,    299113,     4,    False,  True
2026-08-29,  221,     1,   False,   123, 443.200,   4918,     83938,     4,    False,  True
2026-08-29,  222,     1,   False,    77, 217.600,   1734,     33566,     4,    False, False
2026-08-29,  223,     1,   False,   118, 443.200,  15766,    279571,     4,    False,  True
2026-08-29,  224,     1,   False,   114, 443.200,  11457,    225135,     4,    False,  True
2026-08-29,  225,     1,   False,   122, 443.200,   5573,    100512,     4,    False,  True
2026-08-29,  226,     1,   False,   113, 443.200,   8244,    149916,     4,    False,  True
2026-08-29,  227,     1,   False,   119, 443.200,   7422,    125571,     4,    False,  True
2026-08-29,  228,     1,   False,   120, 443.200,   7287,    121810,     4,    False,  True
2026-08-29,  229,     1,   False,   110, 443.200,   5598,    113683,     4,    False,  True
2026-08-29,  230,     1,   False,   116, 443.200,   6880,    126079,     4,    False,  True
2026-08-29,  231,     1,   False,   109, 443.200,   7016,    146698,     4,    False,  True
2026-08-29,  232,     1,   False,   125, 443.200,  20317,    371938,     4,    False,  True
2026-08-29,  233,     1,   False,   114, 443.200,   4496,     84961,     4,    False,  True
2026-08-29,  234,     1,   False,   113, 443.200,  14102,    234338,     4,    False,  True
2026-08-29,  235,     1,   False,   126, 443.200,  17464,    313253,     4,    False,  True
2026-08-29,  236,     1,   False,   117, 443.200,   8745,    169897,     4,    False,  True
2026-08-29,  237,     1,   False,   118, 443.200,  14617,    269373,     4,    False,  True
2026-08-29,  238,     1,   False,   114, 443.200,   7638,    153843,     4,    False,  True
2026-08-29,  239,     1,   False,   108, 443.200,   5258,     82797,     4,    False,  True
2026-08-29,  240,     1,   False,   118, 443.200,   6051,    114233,     4,    False,  True
2026-08-29,  241,     1,   False,   123, 443.200,   9084,    181658,     4,    False,  True
2026-08-29,  242,     1,   False,   112, 443.200,  16276,    318245,     4,    False,  True
2026-08-29,  243,     1,   False,   116, 443.200,  17248,    284613,     4,    False,  True
2026-08-29,  244,     1,   False,   119, 443.200,  14394,    253728,     4,    False,  True
2026-08-29,  245,     1,   False,   119, 443.200,  10963,    256570,     4,    False,  True
2026-08-29,  246,     1,   False,   120, 443.200,   6235,    101877,     4,    False,  True
2026-08-29,  247,     1,   False,   113, 443.200,  11118,    211097,     4,    False,  True
2026-08-29,  248,     1,   False,   114, 443.200,  10882,    216381,     4,    False,  True
2026-08-29,  249,     1,   False,   108, 443.200,   6227,    104271,     4,    False,  True
2026-08-29,  250,     1,   False,   103, 443.200,   4349,     78090,     4,    False,  True
2026-08-29,  251,     1,   False,   115, 443.200,   3841,     66480,     4,    False,  True
2026-08-29,  252,     1,   False,   114, 443.200,   5537,    140214,     4,    False,  True
2026-08-29,  253,     1,   False,   115, 443.200,  11205,    220208,     4,    False,  True
2026-08-29,  254,     1,   False,   107, 443.200,   6498,    139365,     4,    False,  True
2026-08-29,  255,     1,   False,   114, 443.200,  12921,    241955,     4,    False,  True
2026-08-29,  256,     1,   False,   111, 443.200,   9309,    164834,     4,    False,  True
2026-08-29,  257,     1,   False,   116, 443.200,  14879,    300284,     4,    False,  True
2026-08-29,  258,     1,   False,   117, 443.200,  13693,    247755,     4,    False,  True
2026-08-29,  259,     1,   False,   109, 443.200,   5573,    109967,     4,    False,  True
2026-08-29,  260,     1,   False,   115, 443.200,   9110,    185482,     4,    False,  True
2026-08-29,  261,     1,   False,   114, 443.200,   7752,    164253,     4,    False,  True
2026-08-29,  262,     1,   False,   115, 443.200,   6518,    101989,     4,    False,  True
2026-08-29,  263,     1,   False,   117, 443.200,  14821,    307410,     4,    False,  True
2026-08-29,  264,     1,   False,   117, 443.200,  13440,    245566,     4,    False,  True
2026-08-29,  265,     1,   False,   109, 443.200,   7501,    122922,     4,    False,  True
2026-08-29,  266,     1,   False,   117, 443.200,  10222,    190046,     4,    False,  True
2026-08-29,  267,     1,   False,   124, 443.200,  14304,    274170,     4,    False,  True
2026-08-29,  268,     1,   False,    78, 226.300,   3781,     63625,     4,    False, False
2026-08-29,  269,     1,   False,   107, 443.200,  14260,    282280,     4,    False,  True
2026-08-29,  270,     1,   False,   123, 443.200,   9193,    175599,     4,    False,  True
2026-08-29,  271,     1,   False,   110, 443.200,  10937,    209941,     4,    False,  True
2026-08-29,  272,     1,   False,   115, 443.200,  12648,    234376,     4,    False,  True
2026-08-29,  273,     1,   False,   115, 443.200,   8074,    162306,     4,    False,  True
2026-08-29,  274,     1,   False,   119, 443.200,  10245,    189062,     4,    False,  True
2026-08-29,  275,     1,   False,   115, 443.200,  21210,    367337,     4,    False,  True
2026-08-29,  276,     1,   False,   125, 443.200,  20485,    387813,     4,    False,  True
2026-08-29,  277,     1,   False,   118, 443.200,  13486,    296488,     4,    False,  True
2026-08-29,  278,     1,   False,   110, 443.200,  10387,    209779,     4,    False,  True
2026-08-29,  279,     1,   False,   114, 443.200,   8319,    191089,     4,    False,  True
2026-08-29,  280,     1,   False,   122, 443.200,  13113,    269822,     4,    False,  True
2026-08-29,  281,     1,   False,   113, 443.200,   4860,     89946,     4,    False,  True
2026-08-29,  282,     1,   False,   123, 443.200,  13025,    234166,     4,    False,  True
2026-08-29,  283,     1,   False,   117, 443.200,  13846,    256705,     4,    False,  True
2026-08-29,  284,     1,   False,   112, 443.200,   9323,    180606,     4,    False,  True
2026-08-29,  285,     1,   False,   130, 443.200,  11446,    230613,     4,    False,  True
2026-08-29,  286,     1,   False,   118, 443.200,   8673,    174016,     4,    False,  True
2026-08-29,  287,     1,   False,   106, 443.200,  13556,    250258,     4,    False,  True
2026-08-29,  288,     1,   False,   118, 443.200,   3424,     59067,     4,    False,  True
2026-08-29,  289,     1,   False,   114, 443.200,  10959,    200548,     4,    False,  True
2026-08-29,  290,     1,   False,   113, 443.200,   6848,    112426,     4,    False,  True
2026-08-29,  291,     1,   False,   115, 443.200,  12928,    243677,     4,    False,  True
2026-08-29,  292,     1,   False,    97, 265.600,   4297,     79231,     4,    False, False
2026-08-29,  293,     1,   False,    71, 194.900,   2495,     42095,     4,    False, False
2026-08-29,  294,     1,   False,   123, 443.200,  12107,    240308,     4,    False,  True
2026-08-29,  295,     1,   False,   119, 443.200,  16659,    337160,     4,    False,  True
2026-08-29,  296,     1,   False,   114, 443.200,   8560,    152206,     4,    False,  True
2026-08-29,  297,     1,   False,   114, 443.200,   8439,    170684,     4,    False,  True
2026-08-29,  298,     1,   False,   114, 443.200,  11848,    244782,     4,    False,  True
2026-08-29,  299,     1,   False,   116, 443.200,  12371,    258073,     4,    False,  True
2026-08-29,  100,     1,   False,   123, 443.200,  31924,    945873,     5,    False,  True
2026-08-29,  101,     1,   False,   113, 443.200,  34030,    864442,     5,    False,  True
2026-08-29,  102,     1,   False,   119, 443.200,  10348,    227885,     5,    False,  True
2026-08-29,  103,     1,   False,   117, 443.200,   8593,    230259,     5,    False,  True
2026-08-29,  104,     1,   False,   123, 443.200,  16324,    483767,     5,    False,  True
2026-08-29,  105,     1,   False,   117, 443.200,  18940,    467299,     5,    False,  True
2026-08-29,  106,     1,   False,   118, 443.200,  42164,   1010939,     5,    False,  True
2026-08-29,  107,     1,   False,   121, 443.200,  23961,    685589,     5,    False,  True
2026-08-29,  108,     1,   False,    72, 202.300,   4782,     89206,     5,    False, False
2026-08-29,  109,     1,   False,   116, 443.200,   7743,    213314,     5,    False,  True
2026-08-29,  110,     1,   False,   110, 443.200,  15099,    530600,     5,    False,  True
2026-08-29,  111,     1,   False,    68, 179.900,  11311,    217561,     5,    False, False
2026-08-29,  112,     1,   False,   127, 443.200,  19916,    463387,     5,    False,  True
2026-08-29,  113,     1,   False,   118, 443.200,  29899,    731520,     5,    False,  True
2026-08-29,  114,     1,   False,   113, 443.200,  17310,    367592,     5,    False,  True
2026-08-29,  115,     1,   False,   124, 443.200,  36987,    987671,     5,    False,  True
2026-08-29,  116,     1,   False,   127, 443.200,  26694,    670680,     5,    False,  True
2026-08-29,  117,     1,   False,   118, 443.200,  18790,    423342,     5,    False,  True
2026-08-29,  118,     1,   False,   119, 443.200,  11081,    317300,     5,    False,  True
2026-08-29,  119,     1,   False,   124, 443.200,  20202,    544714,     5,    False,  True
2026-08-29,  120,     1,   False,   107, 443.200,  27007,    638599,     5,    False,  True
2026-08-29,  121,     1,   False,   109, 443.200,  11733,    402480,     5,    False,  True
2026-08-29,  122,     1,   False,   122, 443.200,  54740,   1574485,     5,    False,  True
2026-08-29,  123,     1,   False,    76, 252.400,   8879,    182971,     5,    False, False
2026-08-29,  124,     1,   False,   115, 443.200,  10953,    234263,     5,    False,  True
2026-08-29,  125,     1,   False,   124, 443.200,   4626,    122932,     5,    False,  True
2026-08-29,  126,     1,   False,    70, 219.500,   4697,    106528,     5,    False, False
2026-08-29,  127,     1,   False,   113, 443.200,   6949,    165053,     5,    False,  True
2026-08-29,  128,     1,   False,   119, 443.200,  26325,    792464,     5,    False,  True
2026-08-29,  129,     1,   False,   118, 443.200,  12777,    310077,     5,    False,  True
2026-08-29,  130,     1,   False,   111, 443.200,   3325,     69165,     5,    False,  True
2026-08-29,  131,     1,   False,   121, 443.200,  37640,    913826,     5,    False,  True
2026-08-29,  132,     1,   False,   118, 443.200,  26697,    735101,     5,    False,  True
2026-08-29,  133,     1,   False,   111, 443.200,  41082,   1059807,     5,    False,  True
2026-08-29,  134,     1,   False,   117, 443.200,  10510,    277482,     5,    False,  True
2026-08-29,  135,     1,   False,   122, 443.200,   8537,    185726,     5,    False,  True
2026-08-29,  136,     1,   False,   118, 443.200,  11907,    308757,     5,    False,  True
2026-08-29,  137,     1,   False,   118, 443.200,  24438,    461074,     5,    False,  True
2026-08-29,  138,     1,   False,   119, 443.200,  24143,    693228,     5,    False,  True
2026-08-29,  139,     1,   False,   113, 443.200,   8340,    256401,     5,    False,  True
2026-08-29,  140,     1,   False,   119, 443.200,  26050,    691203,     5,    False,  True
2026-08-29,  141,     1,   False,   111, 443.200,   8186,    199602,     5,    False,  True
2026-08-29,  142,     1,   False,   112, 443.200,  28184,    773045,     5,    False,  True
2026-08-29,  143,     1,   False,   113, 443.200,  30667,    704765,     5,    False,  True
2026-08-29,  144,     1,   False,   116, 443.200,  13120,    371467,     5,    False,  True
2026-08-29,  145,     1,   False,   112, 443.200,   9356,    290998,     5,    False,  True
2026-08-29,  146,     1,   False,    65, 204.000,   3230,     70146,     5,    False, False
2026-08-29,  147,     1,   False,   118, 443.200,  15264,    450776,     5,    False,  True
2026-08-29,  148,     1,   False,   112, 443.200,   8555,    243443,     5,    False,  True
2026-08-29,  149,     1,   False,   115, 443.200,  33838,    890019,     5,    False,  True
2026-08-29,  150,     1,   False,   115, 443.200,  22112,    653345,     5,    False,  True
2026-08-29,  151,     1,   False,   113, 443.200,  12816,    336805,     5,    False,  True
2026-08-29,  152,     1,   False,   114, 443.200,  15707,    494447,     5,    False,  True
2026-08-29,  153,     1,   False,   120, 443.200,  23349,    554287,     5,    False,  True
2026-08-29,  154,     1,   False,   116, 443.200,  23912,    552584,     5,    False,  True
2026-08-29,  155,     1,   False,   116, 443.200,   9073,    224113,     5,    False,  True
2026-08-29,  156,     1,   False,   116, 443.200,   8934,    282230,     5,    False,  True
2026-08-29,  157,     1,   False,   117, 443.200,  35938,    818094,     5,    False,  True
2026-08-29,  158,     1,   False,   114, 443.200,  39163,    923702,     5,    False,  True
2026-08-29,  159,     1,   False,   110, 443.200,  22354,    468392,     5,    False,  True
2026-08-29,  160,     1,   False,   116, 443.200,   8307,    261457,     5,    False,  True
2026-08-29,  161,     1,   False,   117, 443.200,  15815,    412835,     5,    False,  True
2026-08-29,  162,     1,   False,   120, 443.200,  30224,    807763,     5,    False,  True
2026-08-29,  163,     1,   False,   121, 443.200,  20005,    455781,     5,    False,  True
2026-08-29,  164,     1,   False,   116, 443.200,  14431,    381093,     5,    False,  True
2026-08-29,  165,     1,   False,   119, 443.200,  14645,    288197,     5,    False,  True
2026-08-29,  166,     1,   False,   124, 443.200,  31387,    725566,     5,    False,  True
2026-08-29,  167,     1,   False,   125, 443.200,  32702,    907422,     5,    False,  True
2026-08-29,  168,     1,   False,   114, 443.200,  18440,    530564,     5,    False,  True
2026-08-29,  169,     1,   False,   116, 443.200,   9266,    196522,     5,    False,  True
2026-08-29,  170,     1,   False,   125, 443.200,   2960,     85261,     5,    False,  True
2026-08-29,  171,     1,   False,   124, 443.200,   4563,     97087,     5,    False,  True
2026-08-29,  172,     1,   False,   111, 443.200,   5064,    129086,     5,    False,  True
2026-08-29,  173,     1,   False,   119, 443.200,  17022,    507208,     5,    False,  True
2026-08-29,  174,     1,   False,   123, 443.200,  26467,    733544,     5,    False,  True
2026-08-29,  175,     1,   False,    85, 237.400,   6463,    140264,     5,    False, False
2026-08-29,  176,     1,   False,   112, 443.200,  16377,    465527,     5,    False,  True
2026-08-29,  177,     1,   False,   116, 443.200,  11552,    314449,     5,    False,  True
2026-08-29,  178,     1,   False,   120, 443.200,  49716,   1310808,     5,    False,  True
2026-08-29,  179,     1,   False,    75, 212.000,   4794,    100832,     5,    False, False
2026-08-29,  180,     1,   False,   120, 443.200,  20762,    602900,     5,    False,  True
2026-08-29,  181,     1,   False,   120, 443.200,   9364,    231286,     5,    False,  True
2026-08-29,  182,     1,   False,   118, 443.200,  25288,    600234,     5,    False,  True
2026-08-29,  183,     1,   False,   119, 443.200,  23358,    554247,     5,    False,  True
2026-08-29,  184,     1,   False,   118, 443.200,  24941,    618645,     5,    False,  True
2026-08-29,  185,     1,   False,   119, 443.200,  12327,    434890,     5,    False,  True
2026-08-29,  186,     1,   False,   114, 443.200,  12136,    348987,     5,    False,  True
2026-08-29,  187,     1,   False,   119, 443.200,  15209,    420300,     5,    False,  True
2026-08-29,  188,     1,   False,   111, 443.200,  16185,    506447,     5,    False,  True
2026-08-29,  189,     1,   False,   111, 443.200,   4528,    128956,     5,    False,  True
2026-08-29,  190,     1,   False,   117, 443.200,  25587,    688481,     5,    False,  True
2026-08-29,  191,     1,   False,   109, 443.200,  22632,    746628,     5,    False,  True
2026-08-29,  192,     1,   False,   106, 443.200,  20676,    486033,     5,    False,  True
2026-08-29,  193,     1,   False,    72, 220.200,   2817,     73662,     5,    False, False
2026-08-29,  194,     1,   False,   114, 443.200,  19450,    676378,     5,    False,  True
2026-08-29,  195,     1,   False,   114, 443.200,  20365,    558336,     5,    False,  True
2026-08-29,  196,     1,   False,     1,   6.000,      2,        24,     5,    False, False
2026-08-29,  197,     1,   False,   116, 443.200,   6602,    186336,     5,    False,  True
2026-08-29,  198,     1,   False,   114, 443.200,  16143,    415033,     5,    False,  True
2026-08-29,  199,     1,   False,   107, 443.200,  14545,    289578,     5,    False,  True
2026-08-29,  200,     1,   False,   119, 443.200,  10028,    275038,     5,    False,  True
2026-08-29,  201,     1,   False,   116, 443.200,  20374,    469626,     5,    False,  True
2026-08-29,  202,     1,   False,   110, 443.200,   4138,     94325,     5,    False,  True
2026-08-29,  203,     1,   False,   121, 443.200,  13136,    314333,     5,    False,  True
2026-08-29,  204,     1,   False,   108, 443.200,  29643,    935380,     5,    False,  True
2026-08-29,  205,     1,   False,   110, 443.200,  34413,    811469,     5,    False,  True
2026-08-29,  206,     1,   False,   116, 443.200,  28696,    742483,     5,    False,  True
2026-08-29,  207,     1,   False,   118, 443.200,   8125,    224632,     5,    False,  True
2026-08-29,  208,     1,   False,   113, 443.200,  11427,    338879,     5,    False,  True
2026-08-29,  209,     1,   False,   110, 443.200,  15914,    449940,     5,    False,  True
2026-08-29,  210,     1,   False,   116, 443.200,  14280,    351531,     5,    False,  True
2026-08-29,  211,     1,   False,   121, 443.200,  18615,    574877,     5,    False,  True
2026-08-29,  212,     1,   False,   128, 443.200,  17683,    563584,     5,    False,  True
2026-08-29,  213,     1,   False,   112, 443.200,  20650,    472738,     5,    False,  True
2026-08-29,  214,     1,   False,   115, 443.200,  16583,    490440,     5,    False,  True
2026-08-29,  215,     1,   False,    50, 137.300,   5606,    123288,     5,    False, False
2026-08-29,  216,     1,   False,   121, 443.200,  24345,    666103,     5,    False,  True
2026-08-29,  217,     1,   False,   115, 443.200,  41463,    983149,     5,    False,  True
2026-08-29,  218,     1,   False,   112, 443.200,  23130,    640598,     5,    False,  True
2026-08-29,  219,     1,   False,   119, 443.200,  30743,    792473,     5,    False,  True
2026-08-29,  220,     1,   False,   107, 340.200,   7537,    211791,     5,    False, False
2026-08-29,  221,     1,   False,   120, 443.200,  24618,    627892,     5,    False,  True
2026-08-29,  222,     1,   False,    59, 151.800,   1724,     46213,     5,    False, False
2026-08-29,  223,     1,   False,   109, 443.200,  44770,   1036878,     5,    False,  True
2026-08-29,  224,     1,   False,   107, 443.200,  17921,    455800,     5,    False,  True
2026-08-29,  225,     1,   False,   123, 443.200,   8958,    217978,     5,    False,  True
2026-08-29,  226,     1,   False,   120, 443.200,  17179,    405193,     5,    False,  True
2026-08-29,  227,     1,   False,   118, 443.200,  18840,    429671,     5,    False,  True
2026-08-29,  228,     1,   False,   121, 443.200,  20727,    461175,     5,    False,  True
2026-08-29,  229,     1,   False,   117, 443.200,   9503,    209701,     5,    False,  True
2026-08-29,  230,     1,   False,   116, 443.200,  14521,    368409,     5,    False,  True
2026-08-29,  231,     1,   False,   123, 443.200,  14546,    455202,     5,    False,  True
2026-08-29,  232,     1,   False,   117, 443.200,  54502,   1375927,     5,    False,  True
2026-08-29,  233,     1,   False,   112, 443.200,  30489,    986201,     5,    False,  True
2026-08-29,  234,     1,   False,   117, 443.200,  22248,    556580,     5,    False,  True
2026-08-29,  235,     1,   False,   123, 443.200,  28472,    701664,     5,    False,  True
2026-08-29,  236,     1,   False,   116, 443.200,  11615,    374538,     5,    False,  True
2026-08-29,  237,     1,   False,   118, 443.200,  29671,    757083,     5,    False,  True
2026-08-29,  238,     1,   False,   111, 443.200,   8456,    286308,     5,    False,  True
2026-08-29,  239,     1,   False,   113, 443.200,  13846,    330468,     5,    False,  True
2026-08-29,  240,     1,   False,   119, 443.200,   9093,    253948,     5,    False,  True
2026-08-29,  241,     1,   False,   125, 443.200,  17966,    515390,     5,    False,  True
2026-08-29,  242,     1,   False,   113, 443.200,  54982,   1457213,     5,    False,  True
2026-08-29,  243,     1,   False,   118, 443.200,  30224,    652842,     5,    False,  True
2026-08-29,  244,     1,   False,   117, 443.200,  32307,    742624,     5,    False,  True
2026-08-29,  245,     1,   False,   121, 443.200,  23736,    741879,     5,    False,  True
2026-08-29,  246,     1,   False,   114, 443.200,   5408,    132421,     5,    False,  True
2026-08-29,  247,     1,   False,   111, 443.200,  15637,    476198,     5,    False,  True
2026-08-29,  248,     1,   False,   114, 443.200,  21933,    586527,     5,    False,  True
2026-08-29,  249,     1,   False,   114, 443.200,  14145,    317394,     5,    False,  True
2026-08-29,  250,     1,   False,   106, 443.200,  28942,    638315,     5,    False,  True
2026-08-29,  251,     1,   False,   117, 443.200,  14081,    317653,     5,    False,  True
2026-08-29,  252,     1,   False,   113, 443.200,   6680,    272439,     5,    False,  True
2026-08-29,  253,     1,   False,   115, 443.200,  24239,    637902,     5,    False,  True
2026-08-29,  254,     1,   False,   107, 443.200,  11599,    361819,     5,    False,  True
2026-08-29,  255,     1,   False,   112, 443.200,  28725,    732480,     5,    False,  True
2026-08-29,  256,     1,   False,   122, 443.200,  20820,    559708,     5,    False,  True
2026-08-29,  257,     1,   False,   117, 443.200,  38196,   1032450,     5,    False,  True
2026-08-29,  258,     1,   False,   117, 443.200,  16780,    427972,     5,    False,  True
2026-08-29,  259,     1,   False,   109, 443.200,   8750,    235407,     5,    False,  True
2026-08-29,  260,     1,   False,   115, 443.200,  17815,    504649,     5,    False,  True
2026-08-29,  261,     1,   False,   113, 443.200,   6725,    239414,     5,    False,  True
2026-08-29,  262,     1,   False,   116, 443.200,  15965,    356872,     5,    False,  True
2026-08-29,  263,     1,   False,   114, 443.200,  13735,    445146,     5,    False,  True
2026-08-29,  264,     1,   False,   116, 443.200,  44636,    903084,     5,    False,  True
2026-08-29,  265,     1,   False,   114, 443.200,   9105,    181901,     5,    False,  True
2026-08-29,  266,     1,   False,   118, 443.200,  25836,    637058,     5,    False,  True
2026-08-29,  267,     1,   False,   126, 443.200,  33076,    850617,     5,    False,  True
2026-08-29,  268,     1,   False,    80, 226.300,   8913,    176518,     5,    False, False
2026-08-29,  269,     1,   False,   114, 443.200,  31179,    776623,     5,    False,  True
2026-08-29,  270,     1,   False,   123, 443.200,  18151,    405936,     5,    False,  True
2026-08-29,  271,     1,   False,   122, 443.200,  18533,    585997,     5,    False,  True
2026-08-29,  272,     1,   False,   113, 443.200,  37591,    889289,     5,    False,  True
2026-08-29,  273,     1,   False,   116, 443.200,  17515,    478874,     5,    False,  True
2026-08-29,  274,     1,   False,   123, 443.200,  13920,    404052,     5,    False,  True
2026-08-29,  275,     1,   False,   115, 443.200,  16348,    389848,     5,    False,  True
2026-08-29,  276,     1,   False,   122, 443.200,  21833,    612013,     5,    False,  True
2026-08-29,  277,     1,   False,   118, 443.200,  26632,    808609,     5,    False,  True
2026-08-29,  278,     1,   False,   113, 443.200,  24095,    619060,     5,    False,  True
2026-08-29,  279,     1,   False,   115, 443.200,  16765,    581105,     5,    False,  True
2026-08-29,  280,     1,   False,   123, 443.200,   9098,    198611,     5,    False,  True
2026-08-29,  281,     1,   False,   117, 443.200,  21443,    535739,     5,    False,  True
2026-08-29,  282,     1,   False,   113, 443.200,  10089,    198882,     5,    False,  True
2026-08-29,  283,     1,   False,   121, 443.200,  26149,    629788,     5,    False,  True
2026-08-29,  284,     1,   False,   116, 443.200,  34210,    876455,     5,    False,  True
2026-08-29,  285,     1,   False,   132, 443.200,  22732,    613422,     5,    False,  True
2026-08-29,  286,     1,   False,   118, 443.200,  16541,    482259,     5,    False,  True
2026-08-29,  287,     1,   False,   107, 443.200,  16289,    451245,     5,    False,  True
2026-08-29,  288,     1,   False,   113, 443.200,  13824,    290258,     5,    False,  True
2026-08-29,  289,     1,   False,   119, 443.200,   4440,    130279,     5,    False,  True
2026-08-29,  290,     1,   False,    81, 238.800,   4808,    104081,     5,    False, False
2026-08-29,  291,     1,   False,   116, 443.200,  20537,    567851,     5,    False,  True
2026-08-29,  292,     1,   False,    97, 270.600,   5041,    134400,     5,    False, False
2026-08-29,  293,     1,   False,   113, 443.200,  23072,    553939,     5,    False,  True
2026-08-29,  294,     1,   False,   123, 443.200,  25130,    693103,     5,    False,  True
2026-08-29,  295,     1,   False,   119, 443.200,  42023,   1068189,     5,    False,  True
2026-08-29,  296,     1,   False,   115, 443.200,  15547,    354910,     5,    False,  True
2026-08-29,  297,     1,   False,   116, 443.200,  15688,    424649,     5,    False,  True
2026-08-29,  298,     1,   False,   117, 443.200,  21484,    644131,     5,    False,  True
2026-08-29,  299,     1,   False,   117, 443.200,  22909,    684381,     5,    False,  True
2026-08-29,  100,     1,   False,   124, 443.200,  35377,   1526743,     6,    False,  True
2026-08-29,  101,     1,   False,   115, 443.200,  96893,   3034060,     6,    False,  True
2026-08-29,  102,     1,   False,   119, 443.200,  17988,    733636,     6,    False,  True
2026-08-29,  103,     1,   False,   119, 443.200,  11996,    424408,     6,    False,  True
2026-08-29,  104,     1,   False,   118, 443.200,  17490,    646587,     6,    False,  True
2026-08-29,  105,     1,   False,   116, 443.200,  33258,   1080890,     6,    False,  True
2026-08-29,  106,     1,   False,   111, 443.200,  72666,   2472448,     6,    False,  True
2026-08-29,  107,     1,   False,   119, 443.200,  40041,   1569117,     6,    False,  True
2026-08-29,  108,     1,   False,    74, 207.300,   8031,    187962,     6,    False, False
2026-08-29,  109,     1,   False,   116, 443.200,  11326,    405173,     6,    False,  True
2026-08-29,  110,     1,   False,   116, 443.200,  19960,   1024097,     6,    False,  True
2026-08-29,  111,     1,   False,    69, 186.600,  29395,    688013,     6,    False, False
2026-08-29,  112,     1,   False,   118, 443.200,  54852,   2381233,     6,    False,  True
2026-08-29,  113,     1,   False,   123, 443.200,  64477,   2038979,     6,    False,  True
2026-08-29,  114,     1,   False,   117, 443.200,  35443,    969425,     6,    False,  True
2026-08-29,  115,     1,   False,   126, 443.200,  68876,   2314039,     6,    False,  True
2026-08-29,  116,     1,   False,   125, 443.200,  46764,   1617491,     6,    False,  True
2026-08-29,  117,     1,   False,   116, 443.200,  36960,   1103090,     6,    False,  True
2026-08-29,  118,     1,   False,   119, 443.200,  15407,    624473,     6,    False,  True
2026-08-29,  119,     1,   False,   105, 443.200,   3897,    148541,     6,    False,  True
2026-08-29,  120,     1,   False,   108, 443.200,  64805,   2077997,     6,    False,  True
2026-08-29,  121,     1,   False,   108, 443.200,  15263,    806023,     6,    False,  True
2026-08-29,  122,     1,   False,   111, 443.200,  43936,   1738739,     6,    False,  True
2026-08-29,  123,     1,   False,   112, 443.200,  89849,   2801111,     6,    False,  True
2026-08-29,  124,     1,   False,   114, 443.200,  21214,    552010,     6,    False,  True
2026-08-29,  125,     1,   False,   123, 443.200,   4124,    140124,     6,    False,  True
2026-08-29,  126,     1,   False,    82, 243.400,  14561,    484929,     6,    False, False
2026-08-29,  127,     1,   False,   114, 443.200,  14442,    446240,     6,    False,  True
2026-08-29,  128,     1,   False,   108, 443.200,  47441,   1894720,     6,    False,  True
2026-08-29,  129,     1,   False,   118, 443.200,  60911,   1850143,     6,    False,  True
2026-08-29,  130,     1,   False,   112, 443.200,  14190,    418024,     6,    False,  True
2026-08-29,  131,     1,   False,   124, 443.200,  80170,   2518233,     6,    False,  True
2026-08-29,  132,     1,   False,   118, 443.200,  41343,   1568548,     6,    False,  True
2026-08-29,  133,     1,   False,   112, 443.200,  39767,   1473375,     6,    False,  True
2026-08-29,  134,     1,   False,   115, 443.200,  36353,   1332421,     6,    False,  True
2026-08-29,  135,     1,   False,   120, 443.200,  52936,   1613013,     6,    False,  True
2026-08-29,  136,     1,   False,   123, 443.200,  52873,   1688804,     6,    False,  True
2026-08-29,  137,     1,   False,   116, 443.200,  58943,   1747869,     6,    False,  True
2026-08-29,  138,     1,   False,   123, 443.200,  43186,   1538913,     6,    False,  True
2026-08-29,  139,     1,   False,   114, 443.200,  13247,    671622,     6,    False,  True
2026-08-29,  140,     1,   False,   113, 443.200,  33697,   1286548,     6,    False,  True
2026-08-29,  141,     1,   False,    60, 153.200,   8435,    238351,     6,    False, False
2026-08-29,  142,     1,   False,   114, 443.200,  96880,   3580408,     6,    False,  True
2026-08-29,  143,     1,   False,   115, 443.200,  86060,   2412274,     6,    False,  True
2026-08-29,  144,     1,   False,   120, 443.200,  25332,    998898,     6,    False,  True
2026-08-29,  145,     1,   False,   111, 443.200,   9934,    527858,     6,    False,  True
2026-08-29,  146,     1,   False,    67, 204.000,   3926,    115974,     6,    False, False
2026-08-29,  147,     1,   False,   118, 443.200,  22253,    882760,     6,    False,  True
2026-08-29,  148,     1,   False,   113, 443.200,  10297,    440243,     6,    False,  True
2026-08-29,  149,     1,   False,   117, 443.200,  58693,   1992185,     6,    False,  True
2026-08-29,  150,     1,   False,   116, 443.200,  39589,   1619428,     6,    False,  True
2026-08-29,  151,     1,   False,   108, 443.200,   8539,    251050,     6,    False,  True
2026-08-29,  152,     1,   False,   117, 443.200,  20900,    989544,     6,    False,  True
2026-08-29,  153,     1,   False,   118, 443.200,  42927,   1312815,     6,    False,  True
2026-08-29,  154,     1,   False,   121, 443.200,  50990,   1662825,     6,    False,  True
2026-08-29,  155,     1,   False,   116, 443.200,  20148,    861750,     6,    False,  True
2026-08-29,  156,     1,   False,   118, 443.200,  57027,   1966357,     6,    False,  True
2026-08-29,  157,     1,   False,   117, 443.200, 116618,   3767650,     6,    False,  True
2026-08-29,  158,     1,   False,   120, 443.200,  83652,   2530432,     6,    False,  True
2026-08-29,  159,     1,   False,   109, 443.200,  47584,   1161329,     6,    False,  True
2026-08-29,  160,     1,   False,   117, 443.200,  10081,    455502,     6,    False,  True
2026-08-29,  161,     1,   False,   109, 443.200,  16648,    493210,     6,    False,  True
2026-08-29,  162,     1,   False,   121, 443.200,  23657,    800874,     6,    False,  True
2026-08-29,  163,     1,   False,   108, 443.200,  32766,    869314,     6,    False,  True
2026-08-29,  164,     1,   False,   120, 443.200,  14414,    611067,     6,    False,  True
2026-08-29,  165,     1,   False,   121, 443.200,  32465,    720779,     6,    False,  True
2026-08-29,  166,     1,   False,   128, 443.200,  60314,   1808433,     6,    False,  True
2026-08-29,  167,     1,   False,   119, 443.200,  37652,   1452652,     6,    False,  True
2026-08-29,  168,     1,   False,   114, 443.200,  26789,   1099833,     6,    False,  True
2026-08-29,  169,     1,   False,   117, 443.200,  13256,    380292,     6,    False,  True
2026-08-29,  170,     1,   False,   125, 443.200,   2781,    118341,     6,    False,  True
2026-08-29,  171,     1,   False,   105, 302.000,   4976,    147960,     6,    False, False
2026-08-29,  172,     1,   False,   110, 443.200,   4697,    182509,     6,    False,  True
2026-08-29,  173,     1,   False,   115, 443.200,  17602,    748393,     6,    False,  True
2026-08-29,  174,     1,   False,   125, 443.200,  56848,   2023906,     6,    False,  True
2026-08-29,  175,     1,   False,    85, 237.400,   8054,    241446,     6,    False, False
2026-08-29,  176,     1,   False,   124, 443.200,  30723,   1218338,     6,    False,  True
2026-08-29,  177,     1,   False,   117, 443.200,  27006,   1011777,     6,    False,  True
2026-08-29,  178,     1,   False,   107, 443.200,  39150,   1140424,     6,    False,  True
2026-08-29,  179,     1,   False,   113, 443.200,   7553,    233101,     6,    False,  True
2026-08-29,  180,     1,   False,   121, 443.200,  30975,   1217534,     6,    False,  True
2026-08-29,  181,     1,   False,   118, 443.200,  76679,   3208142,     6,    False,  True
2026-08-29,  182,     1,   False,   118, 443.200,  43416,   1458374,     6,    False,  True
2026-08-29,  183,     1,   False,   120, 443.200,  44514,   1438715,     6,    False,  True
2026-08-29,  184,     1,   False,   124, 443.200,  28661,   1029382,     6,    False,  True
2026-08-29,  185,     1,   False,   113, 443.200,  24255,   1021861,     6,    False,  True
2026-08-29,  186,     1,   False,   118, 443.200,  29793,   1053409,     6,    False,  True
2026-08-29,  187,     1,   False,   120, 443.200,  31618,   1223333,     6,    False,  True
2026-08-29,  188,     1,   False,   112, 443.200,  23519,   1147967,     6,    False,  True
2026-08-29,  189,     1,   False,   111, 443.200,   6169,    245329,     6,    False,  True
2026-08-29,  190,     1,   False,   118, 443.200,  32200,   1547453,     6,    False,  True
2026-08-29,  191,     1,   False,   113, 443.200,  46698,   2282860,     6,    False,  True
2026-08-29,  192,     1,   False,   109, 443.200,  38404,   1370536,     6,    False,  True
2026-08-29,  193,     1,   False,    81, 253.000,   4909,    177510,     6,    False, False
2026-08-29,  194,     1,   False,   114, 443.200,  25572,   1412096,     6,    False,  True
2026-08-29,  195,     1,   False,   115, 443.200,  29510,   1116544,     6,    False,  True
2026-08-29,  196,     1,   False,     1,   6.000,      2,        25,     6,    False, False
2026-08-29,  197,     1,   False,   114, 443.200,  41447,   1551630,     6,    False,  True
2026-08-29,  198,     1,   False,   125, 443.200,  23375,    801624,     6,    False,  True
2026-08-29,  199,     1,   False,   113, 443.200,  14701,    341864,     6,    False,  True
2026-08-29,  200,     1,   False,   121, 443.200,  16865,    710208,     6,    False,  True
2026-08-29,  201,     1,   False,   117, 443.200,  48647,   1560426,     6,    False,  True
2026-08-29,  202,     1,   False,   110, 443.200,   4956,    158347,     6,    False,  True
2026-08-29,  203,     1,   False,   123, 443.200,  21479,    695582,     6,    False,  True
2026-08-29,  204,     1,   False,   111, 443.200,  52941,   1912956,     6,    False,  True
2026-08-29,  205,     1,   False,   113, 443.200,  38986,   1232683,     6,    False,  True
2026-08-29,  206,     1,   False,   115, 443.200,  37661,   1341026,     6,    False,  True
2026-08-29,  207,     1,   False,   120, 443.200,  10275,    436392,     6,    False,  True
2026-08-29,  208,     1,   False,   115, 443.200,  60845,   2476043,     6,    False,  True
2026-08-29,  209,     1,   False,   112, 443.200,  49976,   1651034,     6,    False,  True
2026-08-29,  210,     1,   False,   114, 443.200,  25091,    854117,     6,    False,  True
2026-08-29,  211,     1,   False,   122, 443.200,  24200,   1094482,     6,    False,  True
2026-08-29,  212,     1,   False,   122, 443.200,  28007,   1108971,     6,    False,  True
2026-08-29,  213,     1,   False,   117, 443.200,  55682,   1663393,     6,    False,  True
2026-08-29,  214,     1,   False,   115, 443.200,  22543,    937118,     6,    False,  True
2026-08-29,  215,     1,   False,    52, 137.300,   7056,    212836,     6,    False, False
2026-08-29,  216,     1,   False,   122, 443.200,  39579,   1566418,     6,    False,  True
2026-08-29,  217,     1,   False,   114, 443.200,  68879,   2141639,     6,    False,  True
2026-08-29,  218,     1,   False,   110, 443.200,  36301,   1342226,     6,    False,  True
2026-08-29,  219,     1,   False,   121, 443.200,  66893,   2229737,     6,    False,  True
2026-08-29,  220,     1,   False,   128, 443.200,  78637,   2671167,     6,    False,  True
2026-08-29,  221,     1,   False,   120, 443.200,   3750,    130900,     6,    False,  True
2026-08-29,  222,     1,   False,    51, 121.600,   1074,     47528,     6,    False, False
2026-08-29,  223,     1,   False,   115, 443.200,  70829,   2312539,     6,    False,  True
2026-08-29,  224,     1,   False,   115, 443.200,  23165,    752953,     6,    False,  True
2026-08-29,  225,     1,   False,   119, 443.200,   9676,    326522,     6,    False,  True
2026-08-29,  226,     1,   False,   119, 443.200,  27604,    918915,     6,    False,  True
2026-08-29,  227,     1,   False,   121, 443.200,  94751,   2727047,     6,    False,  True
2026-08-29,  228,     1,   False,   127, 443.200,  49055,   1619630,     6,    False,  True
2026-08-29,  229,     1,   False,   119, 443.200,  16326,    446105,     6,    False,  True
2026-08-29,  230,     1,   False,   117, 443.200,  23881,    778053,     6,    False,  True
2026-08-29,  231,     1,   False,   116, 443.200,  29131,   1203141,     6,    False,  True
2026-08-29,  232,     1,   False,   123, 443.200, 108972,   4032120,     6,    False,  True
2026-08-29,  233,     1,   False,   118, 443.200,  93161,   4452417,     6,    False,  True
2026-08-29,  234,     1,   False,   116, 443.200,  35344,   1154996,     6,    False,  True
2026-08-29,  235,     1,   False,   123, 443.200, 109771,   3920799,     6,    False,  True
2026-08-29,  236,     1,   False,   119, 443.200,  19516,    945450,     6,    False,  True
2026-08-29,  237,     1,   False,   118, 443.200,   4641,    196936,     6,    False,  True
2026-08-29,  238,     1,   False,   111, 443.200,   8637,    435740,     6,    False,  True
2026-08-29,  239,     1,   False,   108, 443.200,  16904,    437550,     6,    False,  True
2026-08-29,  240,     1,   False,   118, 443.200,  10988,    449902,     6,    False,  True
2026-08-29,  241,     1,   False,   125, 443.200,  28618,   1207991,     6,    False,  True
2026-08-29,  242,     1,   False,   116, 443.200,  34176,   1591244,     6,    False,  True
2026-08-29,  243,     1,   False,   116, 443.200,  27853,    808945,     6,    False,  True
2026-08-29,  244,     1,   False,   121, 443.200,  93542,   2770815,     6,    False,  True
2026-08-29,  245,     1,   False,   121, 443.200,  38053,   1704355,     6,    False,  True
2026-08-29,  246,     1,   False,   116, 443.200,   9023,    286292,     6,    False,  True
2026-08-29,  247,     1,   False,   111, 443.200,  12546,    477122,     6,    False,  True
2026-08-29,  248,     1,   False,   114, 443.200,  39694,   1451366,     6,    False,  True
2026-08-29,  249,     1,   False,   112, 443.200,  14065,    426267,     6,    False,  True
2026-08-29,  250,     1,   False,   106, 443.200,  32048,   1062104,     6,    False,  True
2026-08-29,  251,     1,   False,    81, 250.300,  10184,    268583,     6,    False, False
2026-08-29,  252,     1,   False,   114, 443.200,   6107,    413817,     6,    False,  True
2026-08-29,  253,     1,   False,   117, 443.200,  22089,    997971,     6,    False,  True
2026-08-29,  254,     1,   False,   107, 443.200,  15244,    749822,     6,    False,  True
2026-08-29,  255,     1,   False,   112, 443.200,  44519,   1497269,     6,    False,  True
2026-08-29,  256,     1,   False,   123, 443.200,  13185,    488720,     6,    False,  True
2026-08-29,  257,     1,   False,   115, 443.200,  60038,   2225378,     6,    False,  True
2026-08-29,  258,     1,   False,   120, 443.200,  22768,    778423,     6,    False,  True
2026-08-29,  259,     1,   False,   107, 443.200,  20133,    656997,     6,    False,  True
2026-08-29,  260,     1,   False,   115, 443.200,  31727,   1117312,     6,    False,  True
2026-08-29,  261,     1,   False,   113, 443.200,  17164,    869332,     6,    False,  True
2026-08-29,  262,     1,   False,    61, 159.800,  29641,    610171,     6,    False, False
2026-08-29,  263,     1,   False,   121, 443.200,  36077,   1525430,     6,    False,  True
2026-08-29,  264,     1,   False,   118, 443.200,  44364,   1582033,     6,    False,  True
2026-08-29,  265,     1,   False,   109, 443.200,   8075,    262566,     6,    False,  True
2026-08-29,  266,     1,   False,   114, 443.200, 130426,   4041542,     6,    False,  True
2026-08-29,  267,     1,   False,   122, 443.200,  41225,   1508868,     6,    False,  True
2026-08-29,  268,     1,   False,    62, 164.200,   9268,    277113,     6,    False, False
2026-08-29,  269,     1,   False,   112, 443.200,  45702,   1592535,     6,    False,  True
2026-08-29,  270,     1,   False,   128, 443.200,  41428,    995217,     6,    False,  True
2026-08-29,  271,     1,   False,   116, 443.200,  23063,    941337,     6,    False,  True
2026-08-29,  272,     1,   False,   118, 443.200,  77543,   2437875,     6,    False,  True
2026-08-29,  273,     1,   False,   120, 443.200,  32838,   1157955,     6,    False,  True
2026-08-29,  274,     1,   False,   123, 443.200,  19123,    789302,     6,    False,  True
2026-08-29,  275,     1,   False,   118, 443.200,  95464,   3584174,     6,    False,  True
2026-08-29,  276,     1,   False,   123, 443.200,  37309,   1417919,     6,    False,  True
2026-08-29,  277,     1,   False,   121, 443.200,  45242,   1946126,     6,    False,  True
2026-08-29,  278,     1,   False,   118, 443.200,  49681,   1687956,     6,    False,  True
2026-08-29,  279,     1,   False,   115, 443.200,  21071,   1138019,     6,    False,  True
2026-08-29,  280,     1,   False,   121, 443.200,   7367,    293178,     6,    False,  True
2026-08-29,  281,     1,   False,   117, 443.200,  40147,   1340368,     6,    False,  True
2026-08-29,  282,     1,   False,   113, 443.200,  14791,    365496,     6,    False,  True
2026-08-29,  283,     1,   False,   119, 443.200,  68226,   1862106,     6,    False,  True
2026-08-29,  284,     1,   False,   112, 443.200,  43076,   1516576,     6,    False,  True
2026-08-29,  285,     1,   False,   127, 443.200,  24610,    955030,     6,    False,  True
2026-08-29,  286,     1,   False,   115, 443.200,  24843,    853351,     6,    False,  True
2026-08-29,  287,     1,   False,   106, 443.200,  29407,   1247128,     6,    False,  True
2026-08-29,  288,     1,   False,   119, 443.200,  11767,    298964,     6,    False,  True
2026-08-29,  289,     1,   False,   112, 443.200,  53294,   1778808,     6,    False,  True
2026-08-29,  290,     1,   False,    81, 238.800,   8234,    197325,     6,    False, False
2026-08-29,  291,     1,   False,   109, 443.200,  21487,    739355,     6,    False,  True
2026-08-29,  292,     1,   False,    98, 265.600,   7073,    259347,     6,    False, False
2026-08-29,  293,     1,   False,   115, 443.200,  50567,   1555241,     6,    False,  True
2026-08-29,  294,     1,   False,   123, 443.200,  42633,   1637104,     6,    False,  True
2026-08-29,  295,     1,   False,   117, 443.200,  82678,   3090538,     6,    False,  True
2026-08-29,  296,     1,   False,   124, 443.200,  32841,   1048491,     6,    False,  True
2026-08-29,  297,     1,   False,   118, 443.200,  34327,   1255644,     6,    False,  True
2026-08-29,  298,     1,   False,   117, 443.200,  35542,   1468483,     6,    False,  True
2026-08-29,  299,     1,   False,   116, 443.200,  38411,   1531695,     6,    False,  True
2026-08-29,  100,     2,   False,   221, 443.200,    5682,     56768,     2,    False,  True
2026-08-29,  101,     2,   False,   132, 210.900,    2929,     30680,     2,    False, False
2026-08-29,  102,     2,   False,   226, 443.200,    7319,     73553,     2,    False,  True
2026-08-29,  103,     2,   False,   292, 443.200,    6532,     71774,     2,    False,  True
2026-08-29,  104,     2,   False,   174, 443.200,    5246,     51596,     2,    False,  True
2026-08-29,  105,     2,   False,   410, 443.200,   29951,    275678,     2,    False,  True
2026-08-29,  106,     2,   False,   193, 443.200,    4553,     45134,     2,    False,  True
2026-08-29,  107,     2,   False,   174, 443.200,    2975,     29545,     2,    False,  True
2026-08-29,  108,     2,   False,    86, 149.700,    2041,     19885,     2,    False, False
2026-08-29,  109,     2,   False,   203, 443.200,    4162,     41561,     2,    False,  True
2026-08-29,  110,     2,   False,    45, 111.400,     777,      6753,     2,    False, False
2026-08-29,  111,     2,   False,    48, 101.700,     642,      5790,     2,    False, False
2026-08-29,  112,     2,   False,    96, 181.900,    3866,     36294,     2,    False, False
2026-08-29,  113,     2,   False,   191, 443.200,    4995,     47281,     2,    False,  True
2026-08-29,  114,     2,   False,   172, 443.200,    4102,     39428,     2,    False,  True
2026-08-29,  115,     2,   False,   265, 443.200,   20509,    196788,     2,    False,  True
2026-08-29,  116,     2,   False,   166, 443.200,    3669,     34503,     2,    False,  True
2026-08-29,  117,     2,   False,   193, 443.200,    6785,     67407,     2,    False,  True
2026-08-29,  118,     2,   False,    65,  95.200,    1007,      9334,     2,    False, False
2026-08-29,  119,     2,   False,    65, 136.900,     945,      8546,     2,    False, False
2026-08-29,  120,     2,   False,   188, 443.200,    2945,     29623,     2,    False,  True
2026-08-29,  121,     2,   False,   138, 238.200,    3868,     37478,     2,    False, False
2026-08-29,  122,     2,   False,    69, 116.700,    1104,     10325,     2,    False, False
2026-08-29,  123,     2,   False,    71, 118.300,    1425,     12845,     2,    False, False
2026-08-29,  124,     2,   False,   160, 443.200,    6212,     57442,     2,    False,  True
2026-08-29,  125,     2,   False,   109, 168.100,    4650,     43729,     2,    False, False
2026-08-29,  126,     2,   False,    66, 158.600,    1116,     10559,     2,    False, False
2026-08-29,  127,     2,   False,    52, 109.200,     734,      6143,     2,    False, False
2026-08-29,  128,     2,   False,   166, 443.200,    4774,     46301,     2,    False,  True
2026-08-29,  129,     2,   False,   235, 443.200,   12132,    112745,     2,    False,  True
2026-08-29,  130,     2,   False,    44,  95.500,     521,      4904,     2,    False, False
2026-08-29,  131,     2,   False,    65, 134.600,    1155,      9985,     2,    False, False
2026-08-29,  132,     2,   False,   197, 443.200,    6120,     57806,     2,    False,  True
2026-08-29,  133,     2,   False,   241, 443.200,   10699,    100020,     2,    False,  True
2026-08-29,  134,     2,   False,   172, 443.200,    4479,     46148,     2,    False,  True
2026-08-29,  135,     2,   False,    93, 206.700,    1984,     18933,     2,    False, False
2026-08-29,  136,     2,   False,    46,  91.600,     884,      7535,     2,    False, False
2026-08-29,  137,     2,   False,    47,  96.100,     744,      6663,     2,    False, False
2026-08-29,  138,     2,   False,   225, 443.200,    5091,     49947,     2,    False,  True
2026-08-29,  139,     2,   False,   131, 443.200,    2421,     22648,     2,    False,  True
2026-08-29,  140,     2,   False,   127, 221.200,    2823,     28075,     2,    False, False
2026-08-29,  141,     2,   False,   250, 443.200,   10112,     89834,     2,    False,  True
2026-08-29,  142,     2,   False,   210, 443.200,    7026,     68357,     2,    False,  True
2026-08-29,  143,     2,   False,   264, 443.200,   11076,    109319,     2,    False,  True
2026-08-29,  144,     2,   False,    77, 195.100,    1490,     12887,     2,    False, False
2026-08-29,  145,     2,   False,   228, 443.200,    7267,     71775,     2,    False,  True
2026-08-29,  146,     2,   False,    51,  84.800,     785,      7117,     2,    False, False
2026-08-29,  147,     2,   False,   186, 443.200,    4458,     45247,     2,    False,  True
2026-08-29,  148,     2,   False,   172, 443.200,    3529,     33403,     2,    False,  True
2026-08-29,  149,     2,   False,   185, 443.200,    3883,     38524,     2,    False,  True
2026-08-29,  150,     2,   False,   165, 443.200,    3722,     37114,     2,    False,  True
2026-08-29,  151,     2,   False,    47, 102.300,     546,      5409,     2,    False, False
2026-08-29,  152,     2,   False,   219, 443.200,    4347,     41618,     2,    False,  True
2026-08-29,  153,     2,   False,   300, 443.200,   12605,    124816,     2,    False,  True
2026-08-29,  154,     2,   False,   238, 443.200,    9073,     91840,     2,    False,  True
2026-08-29,  155,     2,   False,    79, 184.300,     926,      8965,     2,    False, False
2026-08-29,  156,     2,   False,   158, 443.200,    3604,     34064,     2,    False,  True
2026-08-29,  157,     2,   False,   181, 443.200,    5194,     49256,     2,    False,  True
2026-08-29,  158,     2,   False,   190, 443.200,    4749,     47256,     2,    False,  True
2026-08-29,  159,     2,   False,   147, 443.200,    3521,     34143,     2,    False,  True
2026-08-29,  160,     2,   False,   124, 108.500,   15434,    135482,     2,    False, False
2026-08-29,  161,     2,   False,    67,  99.900,    1745,     14821,     2,    False, False
2026-08-29,  162,     2,   False,    65, 105.600,     968,      8374,     2,    False, False
2026-08-29,  163,     2,   False,    60, 127.200,     751,      6157,     2,    False, False
2026-08-29,  164,     2,   False,   196, 443.200,    6380,     62471,     2,    False,  True
2026-08-29,  165,     2,   False,    50,  87.900,     767,      6526,     2,    False, False
2026-08-29,  166,     2,   False,   224, 159.800,   15898,    148329,     2,    False, False
2026-08-29,  167,     2,   False,   166, 443.200,    3237,     31657,     2,    False,  True
2026-08-29,  168,     2,   False,   195, 443.200,    4857,     46860,     2,    False,  True
2026-08-29,  169,     2,   False,    98, 193.100,    2358,     23060,     2,    False, False
2026-08-29,  170,     2,   False,    76, 104.700,    1656,     15066,     2,    False, False
2026-08-29,  171,     2,   False,    49,  87.100,     541,      4504,     2,    False, False
2026-08-29,  172,     2,   False,    75, 140.800,    1271,     10549,     2,    False, False
2026-08-29,  173,     2,   False,    81, 192.100,    1317,     11979,     2,    False, False
2026-08-29,  174,     2,   False,   241, 443.200,   11311,    109576,     2,    False,  True
2026-08-29,  175,     2,   False,   149, 153.300,    4457,     43246,     2,    False, False
2026-08-29,  176,     2,   False,    69, 123.600,    1279,     11120,     2,    False, False
2026-08-29,  177,     2,   False,    52, 101.600,     808,      6963,     2,    False, False
2026-08-29,  178,     2,   False,   230, 443.200,    9525,     93447,     2,    False,  True
2026-08-29,  179,     2,   False,    47,  67.100,     589,      5041,     2,    False, False
2026-08-29,  180,     2,   False,   198, 443.200,    3989,     39388,     2,    False,  True
2026-08-29,  181,     2,   False,    91, 131.100,    1875,     18413,     2,    False, False
2026-08-29,  182,     2,   False,    70, 118.500,    1027,     10306,     2,    False, False
2026-08-29,  183,     2,   False,   127, 157.200,    3944,     36266,     2,    False, False
2026-08-29,  184,     2,   False,   168, 225.500,    5069,     48151,     2,    False, False
2026-08-29,  185,     2,   False,   204, 443.200,    4645,     47339,     2,    False,  True
2026-08-29,  186,     2,   False,    54,  89.800,     842,      7938,     2,    False, False
2026-08-29,  187,     2,   False,   126, 443.200,    1521,     15217,     2,    False,  True
2026-08-29,  188,     2,   False,   159, 443.200,    3486,     34886,     2,    False,  True
2026-08-29,  189,     2,   False,    77, 157.400,    1346,     12787,     2,    False, False
2026-08-29,  190,     2,   False,   227, 443.200,    8664,     83472,     2,    False,  True
2026-08-29,  191,     2,   False,   184, 443.200,    5965,     57087,     2,    False,  True
2026-08-29,  192,     2,   False,   227, 443.200,   10887,    103603,     2,    False,  True
2026-08-29,  193,     2,   False,    39,  60.600,     577,      5208,     2,    False, False
2026-08-29,  194,     2,   False,   145, 443.200,    3885,     36820,     2,    False,  True
2026-08-29,  195,     2,   False,    93, 211.100,    1278,     11943,     2,    False, False
2026-08-29,  196,     2,   False,     1,   6.000,       2,        24,     2,    False, False
2026-08-29,  197,     2,   False,    50,  95.900,     740,      6192,     2,    False, False
2026-08-29,  198,     2,   False,    52, 101.800,     788,      6781,     2,    False, False
2026-08-29,  199,     2,   False,    48,  96.500,     482,      4411,     2,    False, False
2026-08-29,  200,     2,   False,   195, 443.200,    5515,     51770,     2,    False,  True
2026-08-29,  201,     2,   False,    48,  98.500,    1063,      8908,     2,    False, False
2026-08-29,  202,     2,   False,    65, 133.300,     683,      6897,     2,    False, False
2026-08-29,  203,     2,   False,   433, 443.200,   27899,    286136,     2,    False,  True
2026-08-29,  204,     2,   False,    81, 124.100,    1747,     15508,     2,    False, False
2026-08-29,  205,     2,   False,   104, 214.300,    1491,     14733,     2,    False, False
2026-08-29,  206,     2,   False,   159, 443.200,    4299,     40531,     2,    False,  True
2026-08-29,  207,     2,   False,    51, 111.400,     716,      6705,     2,    False, False
2026-08-29,  208,     2,   False,   187, 147.100,   13556,    122324,     2,    False, False
2026-08-29,  209,     2,   False,   312, 443.200,   16927,    150200,     2,    False,  True
2026-08-29,  210,     2,   False,    90, 129.900,    2372,     18852,     2,    False, False
2026-08-29,  211,     2,   False,   160, 443.200,    4641,     43341,     2,    False,  True
2026-08-29,  212,     2,   False,   166, 443.200,    5037,     46783,     2,    False,  True
2026-08-29,  213,     2,   False,   168, 443.200,    3332,     33009,     2,    False,  True
2026-08-29,  214,     2,   False,   240, 443.200,    6418,     63818,     2,    False,  True
2026-08-29,  215,     2,   False,    49, 100.300,     920,      8485,     2,    False, False
2026-08-29,  216,     2,   False,   186, 443.200,    3847,     41039,     2,    False,  True
2026-08-29,  217,     2,   False,   273, 443.200,   12880,    126014,     2,    False,  True
2026-08-29,  218,     2,   False,    46, 102.300,     551,      4837,     2,    False, False
2026-08-29,  219,     2,   False,   166, 443.200,    4758,     46255,     2,    False,  True
2026-08-29,  220,     2,   False,   168, 443.200,    3569,     34602,     2,    False,  True
2026-08-29,  221,     2,   False,    37,  49.000,     525,      5177,     2,    False, False
2026-08-29,  222,     2,   False,    63,  98.800,    1199,     10216,     2,    False, False
2026-08-29,  223,     2,   False,    59, 132.400,     979,      8734,     2,    False, False
2026-08-29,  224,     2,   False,   140, 443.200,    2719,     27996,     2,    False,  True
2026-08-29,  225,     2,   False,    66, 141.900,     960,      9190,     2,    False, False
2026-08-29,  226,     2,   False,   184, 191.000,    9129,     86528,     2,    False, False
2026-08-29,  227,     2,   False,   149, 443.200,    4300,     42727,     2,    False,  True
2026-08-29,  228,     2,   False,   123, 173.100,    3282,     29532,     2,    False, False
2026-08-29,  229,     2,   False,   129, 271.800,    4872,     48708,     2,    False, False
2026-08-29,  230,     2,   False,   103, 241.500,    2332,     22069,     2,    False, False
2026-08-29,  231,     2,   False,    54, 114.400,     652,      5784,     2,    False, False
2026-08-29,  232,     2,   False,   177, 443.200,    4645,     44940,     2,    False,  True
2026-08-29,  233,     2,   False,   104, 206.300,    1901,     18537,     2,    False, False
2026-08-29,  234,     2,   False,    71, 134.400,    1091,     10642,     2,    False, False
2026-08-29,  235,     2,   False,    88, 146.200,    2844,     27962,     2,    False, False
2026-08-29,  236,     2,   False,    41,  82.600,     636,      5702,     2,    False, False
2026-08-29,  237,     2,   False,   121, 177.300,    4394,     40049,     2,    False, False
2026-08-29,  238,     2,   False,    40,  70.700,     534,      4752,     2,    False, False
2026-08-29,  239,     2,   False,    47,  95.200,     704,      6188,     2,    False, False
2026-08-29,  240,     2,   False,   189, 443.200,    6715,     65033,     2,    False,  True
2026-08-29,  241,     2,   False,   292, 443.200,   15987,    154330,     2,    False,  True
2026-08-29,  242,     2,   False,   217, 443.200,    7639,     74141,     2,    False,  True
2026-08-29,  243,     2,   False,    95, 188.700,    1316,     13765,     2,    False, False
2026-08-29,  244,     2,   False,   208, 443.200,    5922,     58394,     2,    False,  True
2026-08-29,  245,     2,   False,   185, 228.700,    8254,     85044,     2,    False, False
2026-08-29,  246,     2,   False,   143, 443.200,    2933,     26776,     2,    False,  True
2026-08-29,  247,     2,   False,   195, 274.400,    6195,     61943,     2,    False, False
2026-08-29,  248,     2,   False,   218, 443.200,    7397,     76526,     2,    False,  True
2026-08-29,  249,     2,   False,    81, 143.100,    1234,     12417,     2,    False, False
2026-08-29,  250,     2,   False,    63, 144.300,    1047,      9031,     2,    False, False
2026-08-29,  251,     2,   False,    77, 133.300,    1604,     15729,     2,    False, False
2026-08-29,  252,     2,   False,   248, 443.200,    9262,     94584,     2,    False,  True
2026-08-29,  253,     2,   False,   232, 443.200,   10781,    100356,     2,    False,  True
2026-08-29,  254,     2,   False,    52,  96.300,     597,      5464,     2,    False, False
2026-08-29,  255,     2,   False,    94, 164.300,    3466,     32553,     2,    False, False
2026-08-29,  256,     2,   False,   273, 443.200,    9815,    102609,     2,    False,  True
2026-08-29,  257,     2,   False,   153, 229.700,    2954,     30544,     2,    False, False
2026-08-29,  258,     2,   False,   113, 183.600,    3325,     32420,     2,    False, False
2026-08-29,  259,     2,   False,    48,  78.500,     614,      5344,     2,    False, False
2026-08-29,  260,     2,   False,   129, 233.200,    4565,     42247,     2,    False, False
2026-08-29,  261,     2,   False,    66, 151.300,     926,      8167,     2,    False, False
2026-08-29,  262,     2,   False,   169, 443.200,    4432,     43462,     2,    False,  True
2026-08-29,  263,     2,   False,   157, 443.200,    4121,     40591,     2,    False,  True
2026-08-29,  264,     2,   False,   108, 171.700,    5727,     50752,     2,    False, False
2026-08-29,  265,     2,   False,   187, 443.200,    4063,     41934,     2,    False,  True
2026-08-29,  266,     2,   False,   141, 227.700,    4035,     38525,     2,    False, False
2026-08-29,  267,     2,   False,   214, 443.200,    5773,     58793,     2,    False,  True
2026-08-29,  268,     2,   False,   123, 159.600,    2436,     25420,     2,    False, False
2026-08-29,  269,     2,   False,   111, 163.300,    2024,     20297,     2,    False, False
2026-08-29,  270,     2,   False,   154, 443.200,    3705,     36185,     2,    False,  True
2026-08-29,  271,     2,   False,   192, 443.200,    5373,     52478,     2,    False,  True
2026-08-29,  272,     2,   False,   179, 443.200,    3697,     35308,     2,    False,  True
2026-08-29,  273,     2,   False,   193, 443.200,    4088,     41928,     2,    False,  True
2026-08-29,  274,     2,   False,   173, 443.200,    3858,     38688,     2,    False,  True
2026-08-29,  275,     2,   False,    84, 120.400,    1731,     16287,     2,    False, False
2026-08-29,  276,     2,   False,   109, 176.100,    3084,     29904,     2,    False, False
2026-08-29,  277,     2,   False,    75, 132.600,    1428,     13589,     2,    False, False
2026-08-29,  278,     2,   False,   210, 443.200,    6667,     64428,     2,    False,  True
2026-08-29,  279,     2,   False,   223, 443.200,    7479,     72493,     2,    False,  True
2026-08-29,  280,     2,   False,   106, 206.800,    3226,     29571,     2,    False, False
2026-08-29,  281,     2,   False,   175, 443.200,    5323,     52399,     2,    False,  True
2026-08-29,  282,     2,   False,   173, 443.200,    4329,     41017,     2,    False,  True
2026-08-29,  283,     2,   False,   183, 443.200,    5279,     51412,     2,    False,  True
2026-08-29,  284,     2,   False,    58, 129.500,    1129,      9285,     2,    False, False
2026-08-29,  285,     2,   False,   182, 443.200,    5730,     55741,     2,    False,  True
2026-08-29,  286,     2,   False,    92, 175.200,    1682,     16150,     2,    False, False
2026-08-29,  287,     2,   False,   278, 443.200,   10960,    108991,     2,    False,  True
2026-08-29,  288,     2,   False,    54, 101.600,     866,      8071,     2,    False, False
2026-08-29,  289,     2,   False,   157, 443.200,    3034,     29095,     2,    False,  True
2026-08-29,  290,     2,   False,    83, 169.000,    1358,     13684,     2,    False, False
2026-08-29,  291,     2,   False,   118, 252.000,    2233,     20503,     2,    False, False
2026-08-29,  292,     2,   False,    66, 155.200,    1470,     13693,     2,    False, False
2026-08-29,  293,     2,   False,   142, 443.200,    2372,     23356,     2,    False,  True
2026-08-29,  294,     2,   False,   185, 443.200,    3308,     32205,     2,    False,  True
2026-08-29,  295,     2,   False,    73, 159.700,    1398,     12097,     2,    False, False
2026-08-29,  296,     2,   False,    61, 125.500,    1141,      9473,     2,    False, False
2026-08-29,  297,     2,   False,   202, 443.200,    4984,     47854,     2,    False,  True
2026-08-29,  298,     2,   False,    93, 229.000,    1673,     16484,     2,    False, False
2026-08-29,  299,     2,   False,   189, 443.200,    3939,     41819,     2,    False,  True
2026-08-29,  100,     2,   False,   276, 443.200,   18671,    269716,     3,    False,  True
2026-08-29,  101,     2,   False,   172, 276.900,    8662,    118309,     3,    False, False
2026-08-29,  102,     2,   False,   143, 443.200,    3970,     50681,     3,    False,  True
2026-08-29,  103,     2,   False,   291, 443.200,   12160,    192750,     3,    False,  True
2026-08-29,  104,     2,   False,    81, 193.400,    2384,     29935,     3,    False, False
2026-08-29,  105,     2,   False,    76, 156.200,    2816,     34555,     3,    False, False
2026-08-29,  106,     2,   False,   271, 443.200,   22762,    334582,     3,    False,  True
2026-08-29,  107,     2,   False,   162, 443.200,    7862,    107903,     3,    False,  True
2026-08-29,  108,     2,   False,   109, 245.900,    2751,     37624,     3,    False, False
2026-08-29,  109,     2,   False,   938, 443.200,   75773,   1043150,     3,    False,  True
2026-08-29,  110,     2,   False,    69, 137.400,    2769,     36258,     3,    False, False
2026-08-29,  111,     2,   False,    80, 157.100,    4333,     58069,     3,    False, False
2026-08-29,  112,     2,   False,   177, 443.200,   16465,    217213,     3,    False,  True
2026-08-29,  113,     2,   False,    72, 158.400,    3405,     39518,     3,    False, False
2026-08-29,  114,     2,   False,   184, 443.200,    5609,     82522,     3,    False,  True
2026-08-29,  115,     2,   False,   189, 443.200,   11089,    155918,     3,    False,  True
2026-08-29,  116,     2,   False,   140, 443.200,    4284,     60760,     3,    False,  True
2026-08-29,  117,     2,   False,   158, 443.200,    8043,    109323,     3,    False,  True
2026-08-29,  118,     2,   False,    91, 123.400,    5174,     62530,     3,    False, False
2026-08-29,  119,     2,   False,    71, 141.400,    1649,     20268,     3,    False, False
2026-08-29,  120,     2,   False,   175, 443.200,    9390,    128626,     3,    False,  True
2026-08-29,  121,     2,   False,   180, 443.200,   14113,    201295,     3,    False,  True
2026-08-29,  122,     2,   False,    86, 147.600,    2196,     28144,     3,    False, False
2026-08-29,  123,     2,   False,   166, 443.200,    8752,    116987,     3,    False,  True
2026-08-29,  124,     2,   False,   172, 443.200,    4749,     65291,     3,    False,  True
2026-08-29,  125,     2,   False,   172, 279.400,    8696,    124588,     3,    False, False
2026-08-29,  126,     2,   False,    68, 140.800,    2068,     27776,     3,    False, False
2026-08-29,  127,     2,   False,   129, 190.600,   11746,    153947,     3,    False, False
2026-08-29,  128,     2,   False,   112, 249.600,    4882,     61344,     3,    False, False
2026-08-29,  129,     2,   False,   165, 187.500,   14178,    181731,     3,    False, False
2026-08-29,  130,     2,   False,    47,  97.600,     931,     11921,     3,    False, False
2026-08-29,  131,     2,   False,    97, 214.300,    2799,     36849,     3,    False, False
2026-08-29,  132,     2,   False,   207, 443.200,   12101,    162603,     3,    False,  True
2026-08-29,  133,     2,   False,   195, 443.200,   16039,    216558,     3,    False,  True
2026-08-29,  134,     2,   False,   152, 443.200,    3945,     54467,     3,    False,  True
2026-08-29,  135,     2,   False,   178, 443.200,   15220,    202035,     3,    False,  True
2026-08-29,  136,     2,   False,    54,  71.700,    2995,     34194,     3,    False, False
2026-08-29,  137,     2,   False,   307, 443.200,   34206,    456508,     3,    False,  True
2026-08-29,  138,     2,   False,   166, 443.200,    5091,     67072,     3,    False,  True
2026-08-29,  139,     2,   False,   135, 443.200,    6539,     84621,     3,    False,  True
2026-08-29,  140,     2,   False,    83, 145.800,    3022,     38026,     3,    False, False
2026-08-29,  141,     2,   False,   186, 193.100,   17286,    213063,     3,    False, False
2026-08-29,  142,     2,   False,   305, 443.200,   26004,    366734,     3,    False,  True
2026-08-29,  143,     2,   False,   246, 443.200,   23237,    328359,     3,    False,  True
2026-08-29,  144,     2,   False,   151, 443.200,    5239,     71168,     3,    False,  True
2026-08-29,  145,     2,   False,   296, 443.200,   22669,    329666,     3,    False,  True
2026-08-29,  146,     2,   False,    51,  84.800,    1344,     16340,     3,    False, False
2026-08-29,  147,     2,   False,   170, 443.200,    7502,    105068,     3,    False,  True
2026-08-29,  148,     2,   False,   156, 443.200,   13090,    160111,     3,    False,  True
2026-08-29,  149,     2,   False,   185, 443.200,    7561,    110165,     3,    False,  True
2026-08-29,  150,     2,   False,   154, 443.200,    9392,    127073,     3,    False,  True
2026-08-29,  151,     2,   False,   145, 443.200,    5115,     68702,     3,    False,  True
2026-08-29,  152,     2,   False,   229, 443.200,   15979,    223432,     3,    False,  True
2026-08-29,  153,     2,   False,   153, 228.300,   15200,    194477,     3,    False, False
2026-08-29,  154,     2,   False,   156, 443.200,    6777,     89711,     3,    False,  True
2026-08-29,  155,     2,   False,    95, 236.500,    2159,     28918,     3,    False, False
2026-08-29,  156,     2,   False,   178, 443.200,    8645,    120649,     3,    False,  True
2026-08-29,  157,     2,   False,   177, 443.200,    9034,    128132,     3,    False,  True
2026-08-29,  158,     2,   False,   217, 258.800,   23240,    313141,     3,    False, False
2026-08-29,  159,     2,   False,   140, 443.200,    7105,     93274,     3,    False,  True
2026-08-29,  160,     2,   False,   194, 260.100,   27651,    375927,     3,    False, False
2026-08-29,  161,     2,   False,    71, 135.000,    3164,     38101,     3,    False, False
2026-08-29,  162,     2,   False,    54,  92.100,    1392,     16655,     3,    False, False
2026-08-29,  163,     2,   False,    60, 115.400,    1172,     13692,     3,    False, False
2026-08-29,  164,     2,   False,   240, 443.200,   21089,    288892,     3,    False,  True
2026-08-29,  165,     2,   False,    46,  90.400,    2052,     22832,     3,    False, False
2026-08-29,  166,     2,   False,    80, 153.400,    1790,     22881,     3,    False, False
2026-08-29,  167,     2,   False,   339, 443.200,   59185,    805781,     3,    False,  True
2026-08-29,  168,     2,   False,   182, 443.200,    9988,    133265,     3,    False,  True
2026-08-29,  169,     2,   False,   156, 443.200,    4126,     58308,     3,    False,  True
2026-08-29,  170,     2,   False,    74, 155.200,    3028,     38873,     3,    False, False
2026-08-29,  171,     2,   False,    69,  96.400,    1479,     19977,     3,    False, False
2026-08-29,  172,     2,   False,    66, 137.800,    1502,     18633,     3,    False, False
2026-08-29,  173,     2,   False,   158, 247.000,    8562,    113361,     3,    False, False
2026-08-29,  174,     2,   False,   189, 443.200,   11683,    153188,     3,    False,  True
2026-08-29,  175,     2,   False,   191, 229.900,   10727,    140674,     3,    False, False
2026-08-29,  176,     2,   False,    65, 158.000,    3128,     36817,     3,    False, False
2026-08-29,  177,     2,   False,   216, 443.200,   10882,    161193,     3,    False,  True
2026-08-29,  178,     2,   False,   155, 443.200,    6406,     84839,     3,    False,  True
2026-08-29,  179,     2,   False,    57,  94.000,    1808,     21958,     3,    False, False
2026-08-29,  180,     2,   False,   149, 443.200,    6532,     80994,     3,    False,  True
2026-08-29,  181,     2,   False,    93, 189.300,    2715,     37825,     3,    False, False
2026-08-29,  182,     2,   False,    60, 123.100,     994,     12729,     3,    False, False
2026-08-29,  183,     2,   False,   124, 165.200,   13864,    186587,     3,    False, False
2026-08-29,  184,     2,   False,   256, 443.200,   14717,    201250,     3,    False,  True
2026-08-29,  185,     2,   False,   218, 443.200,   12782,    175960,     3,    False,  True
2026-08-29,  186,     2,   False,    85, 130.800,    2607,     36688,     3,    False, False
2026-08-29,  187,     2,   False,   175, 443.200,    6748,     99404,     3,    False,  True
2026-08-29,  188,     2,   False,   138, 443.200,    4439,     60426,     3,    False,  True
2026-08-29,  189,     2,   False,   175, 443.200,    7293,    102170,     3,    False,  True
2026-08-29,  190,     2,   False,   397, 443.200,   32059,    440184,     3,    False,  True
2026-08-29,  191,     2,   False,   163, 443.200,   14643,    185259,     3,    False,  True
2026-08-29,  192,     2,   False,   349, 141.000,   71501,    936695,     3,    False, False
2026-08-29,  193,     2,   False,    59, 114.700,    1615,     19477,     3,    False, False
2026-08-29,  194,     2,   False,   130, 443.200,    4890,     63833,     3,    False,  True
2026-08-29,  195,     2,   False,   200, 443.200,   13243,    189902,     3,    False,  True
2026-08-29,  196,     2,   False,     1,   6.000,       2,        25,     3,    False, False
2026-08-29,  197,     2,   False,    72, 151.100,    1989,     22676,     3,    False, False
2026-08-29,  198,     2,   False,   213, 443.200,   16815,    235353,     3,    False,  True
2026-08-29,  199,     2,   False,    54, 110.000,    1060,     13050,     3,    False, False
2026-08-29,  200,     2,   False,   200, 443.200,   10216,    139892,     3,    False,  True
2026-08-29,  201,     2,   False,    55, 108.900,    2605,     30274,     3,    False, False
2026-08-29,  202,     2,   False,    55, 104.400,     843,     11228,     3,    False, False
2026-08-29,  203,     2,   False,    96, 174.100,    2335,     30646,     3,    False, False
2026-08-29,  204,     2,   False,   159, 443.200,   11753,    150579,     3,    False,  True
2026-08-29,  205,     2,   False,   602, 443.200,   43796,    579693,     3,    False,  True
2026-08-29,  206,     2,   False,   149, 443.200,    8703,    112744,     3,    False,  True
2026-08-29,  207,     2,   False,    60, 107.600,    1566,     20952,     3,    False, False
2026-08-29,  208,     2,   False,   347, 443.200,   54823,    774122,     3,    False,  True
2026-08-29,  209,     2,   False,   306, 443.200,   32636,    438575,     3,    False,  True
2026-08-29,  210,     2,   False,    69, 121.800,    1822,     21111,     3,    False, False
2026-08-29,  211,     2,   False,   148, 443.200,    7881,    106288,     3,    False,  True
2026-08-29,  212,     2,   False,   140, 443.200,    5466,     76117,     3,    False,  True
2026-08-29,  213,     2,   False,   158, 443.200,    6816,    104208,     3,    False,  True
2026-08-29,  214,     2,   False,   208, 443.200,    9097,    131691,     3,    False,  True
2026-08-29,  215,     2,   False,    50,  78.100,    1660,     18775,     3,    False, False
2026-08-29,  216,     2,   False,    67, 108.500,    2330,     28976,     3,    False, False
2026-08-29,  217,     2,   False,   191, 443.200,    8212,    109092,     3,    False,  True
2026-08-29,  218,     2,   False,   149, 443.200,    5909,     82062,     3,    False,  True
2026-08-29,  219,     2,   False,   161, 443.200,    8841,    117803,     3,    False,  True
2026-08-29,  220,     2,   False,   203, 443.200,   10938,    156896,     3,    False,  True
2026-08-29,  221,     2,   False,    42,  55.300,     903,     11184,     3,    False, False
2026-08-29,  222,     2,   False,    93, 178.700,    2988,     40027,     3,    False, False
2026-08-29,  223,     2,   False,   175, 200.500,   12244,    158895,     3,    False, False
2026-08-29,  224,     2,   False,   157, 443.200,    5861,     87312,     3,    False,  True
2026-08-29,  225,     2,   False,    67, 160.900,    1503,     20936,     3,    False, False
2026-08-29,  226,     2,   False,   221, 443.200,   12861,    176286,     3,    False,  True
2026-08-29,  227,     2,   False,    50,  86.700,    1446,     18878,     3,    False, False
2026-08-29,  228,     2,   False,   192, 443.200,    9555,    129219,     3,    False,  True
2026-08-29,  229,     2,   False,   135, 443.200,    4229,     58334,     3,    False,  True
2026-08-29,  230,     2,   False,   123, 192.600,    5226,     70297,     3,    False, False
2026-08-29,  231,     2,   False,    59, 118.400,    1413,     20437,     3,    False, False
2026-08-29,  232,     2,   False,   112, 258.000,    3244,     44593,     3,    False, False
2026-08-29,  233,     2,   False,   231, 443.200,   26340,    361366,     3,    False,  True
2026-08-29,  234,     2,   False,   775, 443.200,   93908,   1362720,     3,    False,  True
2026-08-29,  235,     2,   False,   148, 443.200,    3168,     43036,     3,    False,  True
2026-08-29,  236,     2,   False,    64, 142.200,    1547,     19809,     3,    False, False
2026-08-29,  237,     2,   False,    75, 101.400,    2104,     28133,     3,    False, False
2026-08-29,  238,     2,   False,    46,  75.300,    1012,     12917,     3,    False, False
2026-08-29,  239,     2,   False,    63, 131.500,    2524,     29793,     3,    False, False
2026-08-29,  240,     2,   False,   189, 443.200,    8824,    123054,     3,    False,  True
2026-08-29,  241,     2,   False,   222, 443.200,   14105,    188782,     3,    False,  True
2026-08-29,  242,     2,   False,   146, 443.200,    6425,     88640,     3,    False,  True
2026-08-29,  243,     2,   False,    87, 178.700,    2141,     27683,     3,    False, False
2026-08-29,  244,     2,   False,   185, 443.200,   10413,    145608,     3,    False,  True
2026-08-29,  245,     2,   False,   137, 443.200,    5133,     75688,     3,    False,  True
2026-08-29,  246,     2,   False,   143, 443.200,    4594,     58224,     3,    False,  True
2026-08-29,  247,     2,   False,   194, 443.200,    8216,    124540,     3,    False,  True
2026-08-29,  248,     2,   False,    61, 132.400,    1001,     13206,     3,    False, False
2026-08-29,  249,     2,   False,    94, 175.500,    2833,     39474,     3,    False, False
2026-08-29,  250,     2,   False,   121, 239.600,    5704,     72569,     3,    False, False
2026-08-29,  251,     2,   False,    85, 118.000,    3103,     42775,     3,    False, False
2026-08-29,  252,     2,   False,   170, 443.200,    6225,     88545,     3,    False,  True
2026-08-29,  253,     2,   False,   156, 443.200,    5464,     75547,     3,    False,  True
2026-08-29,  254,     2,   False,   144, 443.200,    6080,     83443,     3,    False,  True
2026-08-29,  255,     2,   False,   120, 199.800,    3257,     47877,     3,    False, False
2026-08-29,  256,     2,   False,   161, 443.200,    6358,     87161,     3,    False,  True
2026-08-29,  257,     2,   False,   191, 443.200,   11814,    159537,     3,    False,  True
2026-08-29,  258,     2,   False,   152, 443.200,    3985,     53888,     3,    False,  True
2026-08-29,  259,     2,   False,   199, 443.200,   16887,    229386,     3,    False,  True
2026-08-29,  260,     2,   False,   193, 443.200,   13920,    188799,     3,    False,  True
2026-08-29,  261,     2,   False,   126, 443.200,    4053,     55309,     3,    False,  True
2026-08-29,  262,     2,   False,   214, 443.200,   11061,    152936,     3,    False,  True
2026-08-29,  263,     2,   False,   147, 443.200,    7653,    104870,     3,    False,  True
2026-08-29,  264,     2,   False,   186, 443.200,   10466,    135714,     3,    False,  True
2026-08-29,  265,     2,   False,    90, 185.300,    2980,     41262,     3,    False, False
2026-08-29,  266,     2,   False,   174, 180.200,   11404,    143053,     3,    False, False
2026-08-29,  267,     2,   False,   204, 443.200,   10402,    149946,     3,    False,  True
2026-08-29,  268,     2,   False,    84, 111.800,    7164,     94959,     3,    False, False
2026-08-29,  269,     2,   False,   266, 443.200,   15179,    224143,     3,    False,  True
2026-08-29,  270,     2,   False,   206, 443.200,   12540,    159902,     3,    False,  True
2026-08-29,  271,     2,   False,   148, 443.200,    4428,     54074,     3,    False,  True
2026-08-29,  272,     2,   False,   153, 443.200,    6418,     86698,     3,    False,  True
2026-08-29,  273,     2,   False,   384, 443.200,   79999,   1061452,     3,    False,  True
2026-08-29,  274,     2,   False,   224, 443.200,   13248,    184299,     3,    False,  True
2026-08-29,  275,     2,   False,   116, 122.400,    6376,     79500,     3,    False, False
2026-08-29,  276,     2,   False,   109, 231.000,    4614,     58875,     3,    False, False
2026-08-29,  277,     2,   False,    96, 143.600,    2898,     39170,     3,    False, False
2026-08-29,  278,     2,   False,   306, 443.200,   23403,    338872,     3,    False,  True
2026-08-29,  279,     2,   False,   172, 443.200,   11937,    150775,     3,    False,  True
2026-08-29,  280,     2,   False,   152, 443.200,    5166,     71588,     3,    False,  True
2026-08-29,  281,     2,   False,   179, 443.200,    9102,    125784,     3,    False,  True
2026-08-29,  282,     2,   False,   110, 219.500,    4496,     59122,     3,    False, False
2026-08-29,  283,     2,   False,   102, 184.000,    5157,     66269,     3,    False, False
2026-08-29,  284,     2,   False,   242, 443.200,   63751,    871223,     3,    False,  True
2026-08-29,  285,     2,   False,   165, 443.200,    8048,    117275,     3,    False,  True
2026-08-29,  286,     2,   False,   107, 238.700,    2275,     31337,     3,    False, False
2026-08-29,  287,     2,   False,   190, 443.200,    8811,    123935,     3,    False,  True
2026-08-29,  288,     2,   False,    63, 124.800,    1713,     21261,     3,    False, False
2026-08-29,  289,     2,   False,    41,  68.900,     548,      8542,     3,    False, False
2026-08-29,  290,     2,   False,    46,  84.100,     810,     10290,     3,    False, False
2026-08-29,  291,     2,   False,   165, 443.200,    6581,     84229,     3,    False,  True
2026-08-29,  292,     2,   False,    63, 159.500,    1701,     22514,     3,    False, False
2026-08-29,  293,     2,   False,   147, 443.200,    7067,     91652,     3,    False,  True
2026-08-29,  294,     2,   False,   177, 443.200,    7052,     97861,     3,    False,  True
2026-08-29,  295,     2,   False,    73, 161.000,    2583,     33178,     3,    False, False
2026-08-29,  296,     2,   False,    72, 154.200,    2460,     29260,     3,    False, False
2026-08-29,  297,     2,   False,   186, 443.200,    7792,    104883,     3,    False,  True
2026-08-29,  298,     2,   False,   183, 443.200,    7450,    105264,     3,    False,  True
2026-08-29,  299,     2,   False,   212, 443.200,   11046,    153201,     3,    False,  True
2026-08-29,  100,     2,   False,   363, 443.200,   75018,   1538834,     4,    False,  True
2026-08-29,  101,     2,   False,   314, 443.200,   57402,   1059861,     4,    False,  True
2026-08-29,  102,     2,   False,   156, 443.200,   12329,    231003,     4,    False,  True
2026-08-29,  103,     2,   False,   281, 443.200,   21455,    463709,     4,    False,  True
2026-08-29,  104,     2,   False,    80, 193.400,    2290,     45144,     4,    False, False
2026-08-29,  105,     2,   False,    99, 256.000,   10116,    169942,     4,    False, False
2026-08-29,  106,     2,   False,   189, 443.200,   18914,    325772,     4,    False,  True
2026-08-29,  107,     2,   False,   228, 443.200,   17432,    347239,     4,    False,  True
2026-08-29,  108,     2,   False,    73, 118.400,    1756,     31676,     4,    False, False
2026-08-29,  109,     2,   False,   375, 443.200,   32834,    595578,     4,    False,  True
2026-08-29,  110,     2,   False,    90, 173.500,    6013,    110394,     4,    False, False
2026-08-29,  111,     2,   False,   105, 174.300,   10911,    169367,     4,    False, False
2026-08-29,  112,     2,   False,   254, 443.200,   37638,    672624,     4,    False,  True
2026-08-29,  113,     2,   False,   134, 443.200,   10991,    188460,     4,    False,  True
2026-08-29,  114,     2,   False,   156, 443.200,    5122,    104627,     4,    False,  True
2026-08-29,  115,     2,   False,   236, 443.200,  129497,   2605570,     4,    False,  True
2026-08-29,  116,     2,   False,   157, 443.200,   20465,    390870,     4,    False,  True
2026-08-29,  117,     2,   False,   192, 443.200,   20249,    364561,     4,    False,  True
2026-08-29,  118,     2,   False,    84, 151.900,    5898,     93865,     4,    False, False
2026-08-29,  119,     2,   False,    75, 166.100,    3638,     61515,     4,    False, False
2026-08-29,  120,     2,   False,   175, 443.200,   10118,    191249,     4,    False,  True
2026-08-29,  121,     2,   False,   167, 443.200,   16449,    300003,     4,    False,  True
2026-08-29,  122,     2,   False,   126, 249.700,   18824,    309949,     4,    False, False
2026-08-29,  123,     2,   False,    61, 148.800,    4604,     74848,     4,    False, False
2026-08-29,  124,     2,   False,   233, 443.200,   32652,    576980,     4,    False,  True
2026-08-29,  125,     2,   False,   183, 443.200,   10213,    189095,     4,    False,  True
2026-08-29,  126,     2,   False,    61, 119.800,    3215,     56248,     4,    False, False
2026-08-29,  127,     2,   False,    94, 260.200,   13158,    229268,     4,    False, False
2026-08-29,  128,     2,   False,   295, 443.200,   38383,    759594,     4,    False,  True
2026-08-29,  129,     2,   False,   157, 183.500,   30008,    453699,     4,    False, False
2026-08-29,  130,     2,   False,    51, 127.500,    1380,     23103,     4,    False, False
2026-08-29,  131,     2,   False,   124, 443.200,    7257,    119103,     4,    False,  True
2026-08-29,  132,     2,   False,   186, 443.200,   15913,    302430,     4,    False,  True
2026-08-29,  133,     2,   False,   201, 443.200,   34495,    645087,     4,    False,  True
2026-08-29,  134,     2,   False,   166, 443.200,   10683,    211873,     4,    False,  True
2026-08-29,  135,     2,   False,   210, 443.200,   43663,    833721,     4,    False,  True
2026-08-29,  136,     2,   False,   154, 443.200,   11658,    193797,     4,    False,  True
2026-08-29,  137,     2,   False,   156, 200.000,   37850,    659884,     4,    False, False
2026-08-29,  138,     2,   False,   133, 443.200,    5910,    112317,     4,    False,  True
2026-08-29,  139,     2,   False,   131, 443.200,   11422,    222831,     4,    False,  True
2026-08-29,  140,     2,   False,   162, 443.200,   22070,    423318,     4,    False,  True
2026-08-29,  141,     2,   False,   278, 443.200,   33711,    593833,     4,    False,  True
2026-08-29,  142,     2,   False,   286, 443.200,   49752,   1005852,     4,    False,  True
2026-08-29,  143,     2,   False,   281, 443.200,   27393,    562416,     4,    False,  True
2026-08-29,  144,     2,   False,   104, 185.200,   13796,    209825,     4,    False, False
2026-08-29,  145,     2,   False,   311, 443.200,   34829,    684895,     4,    False,  True
2026-08-29,  146,     2,   False,    49,  81.700,    1646,     26881,     4,    False, False
2026-08-29,  147,     2,   False,   163, 443.200,   19808,    362492,     4,    False,  True
2026-08-29,  148,     2,   False,   176, 443.200,   28445,    488699,     4,    False,  True
2026-08-29,  149,     2,   False,   238, 443.200,   24845,    465286,     4,    False,  True
2026-08-29,  150,     2,   False,    74, 188.400,    3572,     59558,     4,    False, False
2026-08-29,  151,     2,   False,   104, 260.600,    4979,     87507,     4,    False, False
2026-08-29,  152,     2,   False,   499, 443.200,  261097,   5195227,     4,    False,  True
2026-08-29,  153,     2,   False,   103, 170.500,    7617,    142971,     4,    False, False
2026-08-29,  154,     2,   False,   236, 443.200,   37172,    647150,     4,    False,  True
2026-08-29,  155,     2,   False,   147, 443.200,    7541,    148037,     4,    False,  True
2026-08-29,  156,     2,   False,   191, 443.200,   31284,    563758,     4,    False,  True
2026-08-29,  157,     2,   False,   152, 443.200,    3688,     64339,     4,    False,  True
2026-08-29,  158,     2,   False,    74, 172.300,    7448,    127032,     4,    False, False
2026-08-29,  159,     2,   False,   108, 232.300,    8099,    137802,     4,    False, False
2026-08-29,  160,     2,   False,   246, 443.200,   43131,    795253,     4,    False,  True
2026-08-29,  161,     2,   False,    90, 191.000,    8938,    146352,     4,    False, False
2026-08-29,  162,     2,   False,    60,  93.100,    3777,     59828,     4,    False, False
2026-08-29,  163,     2,   False,    60, 117.400,    1618,     25782,     4,    False, False
2026-08-29,  164,     2,   False,   255, 443.200,   16930,    321233,     4,    False,  True
2026-08-29,  165,     2,   False,   249, 294.600,   37919,    674716,     4,    False, False
2026-08-29,  166,     2,   False,   132, 209.600,    6456,    116462,     4,    False, False
2026-08-29,  167,     2,   False,   211, 443.200,   40586,    704783,     4,    False,  True
2026-08-29,  168,     2,   False,   258, 443.200,   34114,    603538,     4,    False,  True
2026-08-29,  169,     2,   False,   158, 443.200,    8853,    167975,     4,    False,  True
2026-08-29,  170,     2,   False,    60, 104.100,    3779,     59599,     4,    False, False
2026-08-29,  171,     2,   False,   106, 141.700,    7027,    128638,     4,    False, False
2026-08-29,  172,     2,   False,    66, 143.700,    2201,     39850,     4,    False, False
2026-08-29,  173,     2,   False,    76, 181.100,    3844,     63832,     4,    False, False
2026-08-29,  174,     2,   False,    91, 197.200,    5797,     85823,     4,    False, False
2026-08-29,  175,     2,   False,   108, 136.500,    6899,    120562,     4,    False, False
2026-08-29,  176,     2,   False,    73, 173.200,    5804,     85043,     4,    False, False
2026-08-29,  177,     2,   False,   185, 443.200,   16948,    318095,     4,    False,  True
2026-08-29,  178,     2,   False,   177, 443.200,   21609,    402375,     4,    False,  True
2026-08-29,  179,     2,   False,    57,  79.600,    2692,     43622,     4,    False, False
2026-08-29,  180,     2,   False,    98, 225.100,    5289,     89478,     4,    False, False
2026-08-29,  181,     2,   False,    71, 168.400,    4498,     71811,     4,    False, False
2026-08-29,  182,     2,   False,    59, 112.100,    1438,     24052,     4,    False, False
2026-08-29,  183,     2,   False,   138, 443.200,    5619,    111698,     4,    False,  True
2026-08-29,  184,     2,   False,   268, 443.200,   21937,    380017,     4,    False,  True
2026-08-29,  185,     2,   False,   198, 443.200,   26933,    443918,     4,    False,  True
2026-08-29,  186,     2,   False,    92, 123.100,    4076,     74527,     4,    False, False
2026-08-29,  187,     2,   False,   405, 443.200,   40168,    840981,     4,    False,  True
2026-08-29,  188,     2,   False,   146, 443.200,    8385,    143441,     4,    False,  True
2026-08-29,  189,     2,   False,   156, 443.200,    9384,    172465,     4,    False,  True
2026-08-29,  190,     2,   False,   190, 443.200,   25286,    448782,     4,    False,  True
2026-08-29,  191,     2,   False,   203, 443.200,   24637,    459475,     4,    False,  True
2026-08-29,  192,     2,   False,   227, 443.200,   55244,    925868,     4,    False,  True
2026-08-29,  193,     2,   False,    49,  78.200,    2017,     36227,     4,    False, False
2026-08-29,  194,     2,   False,   140, 443.200,   13647,    230502,     4,    False,  True
2026-08-29,  195,     2,   False,   196, 443.200,   16668,    308869,     4,    False,  True
2026-08-29,  196,     2,   False,     1,   6.000,       2,        23,     4,    False, False
2026-08-29,  197,     2,   False,   103, 242.900,   11304,    193081,     4,    False, False
2026-08-29,  198,     2,   False,   192, 443.200,   23094,    447719,     4,    False,  True
2026-08-29,  199,     2,   False,    72, 146.300,    2961,     48370,     4,    False, False
2026-08-29,  200,     2,   False,   260, 443.200,   28319,    546281,     4,    False,  True
2026-08-29,  201,     2,   False,    62, 138.300,    7159,    116578,     4,    False, False
2026-08-29,  202,     2,   False,    55, 104.400,    1164,     21715,     4,    False, False
2026-08-29,  203,     2,   False,    78, 163.300,    5832,     95241,     4,    False, False
2026-08-29,  204,     2,   False,   175, 443.200,   46214,    740218,     4,    False,  True
2026-08-29,  205,     2,   False,   835, 443.200,  116306,   2035577,     4,    False,  True
2026-08-29,  206,     2,   False,   320, 443.200,   35970,    652224,     4,    False,  True
2026-08-29,  207,     2,   False,    51,  97.500,    2232,     38791,     4,    False, False
2026-08-29,  208,     2,   False,   723, 443.200,  194400,   3877944,     4,    False,  True
2026-08-29,  209,     2,   False,   272, 443.200,   40611,    696664,     4,    False,  True
2026-08-29,  210,     2,   False,    75, 124.600,    3505,     51609,     4,    False, False
2026-08-29,  211,     2,   False,   153, 443.200,   10112,    175280,     4,    False,  True
2026-08-29,  212,     2,   False,   142, 443.200,    9792,    188282,     4,    False,  True
2026-08-29,  213,     2,   False,   163, 443.200,    5726,    103269,     4,    False,  True
2026-08-29,  214,     2,   False,   210, 443.200,   20577,    375884,     4,    False,  True
2026-08-29,  215,     2,   False,    48,  97.000,    4701,     77631,     4,    False, False
2026-08-29,  216,     2,   False,    67, 108.500,    3834,     65023,     4,    False, False
2026-08-29,  217,     2,   False,   148, 443.200,   11272,    196154,     4,    False,  True
2026-08-29,  218,     2,   False,    80, 118.400,    1599,     28399,     4,    False, False
2026-08-29,  219,     2,   False,   198, 443.200,   18515,    334894,     4,    False,  True
2026-08-29,  220,     2,   False,   114, 267.800,    8677,    142775,     4,    False, False
2026-08-29,  221,     2,   False,    43,  56.800,    1613,     27125,     4,    False, False
2026-08-29,  222,     2,   False,    65, 101.100,    2689,     47887,     4,    False, False
2026-08-29,  223,     2,   False,   117, 137.400,    7391,    127727,     4,    False, False
2026-08-29,  224,     2,   False,   141, 443.200,   10667,    195810,     4,    False,  True
2026-08-29,  225,     2,   False,    75, 162.100,    3054,     56147,     4,    False, False
2026-08-29,  226,     2,   False,   164, 196.300,   25904,    476274,     4,    False, False
2026-08-29,  227,     2,   False,   183, 443.200,   18302,    327301,     4,    False,  True
2026-08-29,  228,     2,   False,   200, 443.200,   18868,    322022,     4,    False,  True
2026-08-29,  229,     2,   False,   117, 278.000,    6437,    119605,     4,    False, False
2026-08-29,  230,     2,   False,   181, 443.200,    7984,    151203,     4,    False,  True
2026-08-29,  231,     2,   False,    58, 115.500,    2680,     47612,     4,    False, False
2026-08-29,  232,     2,   False,   153, 443.200,    6102,    112851,     4,    False,  True
2026-08-29,  233,     2,   False,   182, 443.200,    8712,    145720,     4,    False,  True
2026-08-29,  234,     2,   False,   301, 443.200,   60394,   1115675,     4,    False,  True
2026-08-29,  235,     2,   False,   159, 443.200,    6919,    125876,     4,    False,  True
2026-08-29,  236,     2,   False,    63, 142.200,    2386,     42119,     4,    False, False
2026-08-29,  237,     2,   False,    73, 115.300,    1963,     35355,     4,    False, False
2026-08-29,  238,     2,   False,   163, 443.200,   19686,    374866,     4,    False,  True
2026-08-29,  239,     2,   False,   152, 443.200,    8415,    150973,     4,    False,  True
2026-08-29,  240,     2,   False,   200, 443.200,   23616,    450082,     4,    False,  True
2026-08-29,  241,     2,   False,   216, 217.600,   36541,    655277,     4,    False, False
2026-08-29,  242,     2,   False,   154, 443.200,   19715,    351829,     4,    False,  True
2026-08-29,  243,     2,   False,   137, 443.200,   13967,    240528,     4,    False,  True
2026-08-29,  244,     2,   False,   385, 443.200,  152596,   2772990,     4,    False,  True
2026-08-29,  245,     2,   False,   171, 443.200,   11848,    233228,     4,    False,  True
2026-08-29,  246,     2,   False,    82, 185.400,    3909,     64107,     4,    False, False
2026-08-29,  247,     2,   False,   189, 443.200,   17146,    348557,     4,    False,  True
2026-08-29,  248,     2,   False,   149, 443.200,   16488,    307881,     4,    False,  True
2026-08-29,  249,     2,   False,   131, 239.800,    4903,     90751,     4,    False, False
2026-08-29,  250,     2,   False,    69, 147.300,    2848,     48483,     4,    False, False
2026-08-29,  251,     2,   False,    64, 113.400,    4501,     68282,     4,    False, False
2026-08-29,  252,     2,   False,   153, 443.200,   12260,    207424,     4,    False,  True
2026-08-29,  253,     2,   False,   246, 443.200,   23334,    445470,     4,    False,  True
2026-08-29,  254,     2,   False,   176, 443.200,   17909,    327503,     4,    False,  True
2026-08-29,  255,     2,   False,   448, 443.200,  240588,   4435804,     4,    False,  True
2026-08-29,  256,     2,   False,    89, 161.000,    1953,     37950,     4,    False, False
2026-08-29,  257,     2,   False,   148, 443.200,    7477,    143997,     4,    False,  True
2026-08-29,  258,     2,   False,   132, 295.200,   10025,    179510,     4,    False, False
2026-08-29,  259,     2,   False,   173, 443.200,   13798,    245927,     4,    False,  True
2026-08-29,  260,     2,   False,   240, 443.200,   50919,   1038765,     4,    False,  True
2026-08-29,  261,     2,   False,    93, 198.400,    7372,    122673,     4,    False, False
2026-08-29,  262,     2,   False,   150, 443.200,   18551,    297208,     4,    False,  True
2026-08-29,  263,     2,   False,   145, 443.200,   21585,    404192,     4,    False,  True
2026-08-29,  264,     2,   False,   204, 443.200,   23797,    398818,     4,    False,  True
2026-08-29,  265,     2,   False,    75, 195.600,    4073,     75768,     4,    False, False
2026-08-29,  266,     2,   False,    90, 193.700,    3444,     55543,     4,    False, False
2026-08-29,  267,     2,   False,   231, 443.200,   19753,    365276,     4,    False,  True
2026-08-29,  268,     2,   False,    98, 152.900,    6254,    121408,     4,    False, False
2026-08-29,  269,     2,   False,   184, 443.200,   10737,    212069,     4,    False,  True
2026-08-29,  270,     2,   False,   154, 443.200,   11255,    173249,     4,    False,  True
2026-08-29,  271,     2,   False,   176, 281.200,   25821,    469456,     4,    False, False
2026-08-29,  272,     2,   False,   158, 443.200,   13092,    237609,     4,    False,  True
2026-08-29,  273,     2,   False,   218, 443.200,   42875,    795775,     4,    False,  True
2026-08-29,  274,     2,   False,   156, 443.200,   11737,    219930,     4,    False,  True
2026-08-29,  275,     2,   False,    54, 100.900,    3964,     62196,     4,    False, False
2026-08-29,  276,     2,   False,   132, 227.400,    7691,    133646,     4,    False, False
2026-08-29,  277,     2,   False,   149, 269.100,    9446,    163948,     4,    False, False
2026-08-29,  278,     2,   False,   188, 443.200,   20943,    355064,     4,    False,  True
2026-08-29,  279,     2,   False,   186, 223.200,   30462,    541181,     4,    False, False
2026-08-29,  280,     2,   False,   126, 206.300,    9122,    170550,     4,    False, False
2026-08-29,  281,     2,   False,   194, 443.200,   32897,    614319,     4,    False,  True
2026-08-29,  282,     2,   False,   105, 152.100,    5214,     90759,     4,    False, False
2026-08-29,  283,     2,   False,   250, 443.200,   48544,    900154,     4,    False,  True
2026-08-29,  284,     2,   False,    69, 108.600,    7414,    112900,     4,    False, False
2026-08-29,  285,     2,   False,   186, 443.200,   19756,    368442,     4,    False,  True
2026-08-29,  286,     2,   False,   150, 443.200,    8869,    158845,     4,    False,  True
2026-08-29,  287,     2,   False,   238, 443.200,   20969,    402266,     4,    False,  True
2026-08-29,  288,     2,   False,    67, 113.100,    3427,     63514,     4,    False, False
2026-08-29,  289,     2,   False,    52,  83.300,    1991,     38554,     4,    False, False
2026-08-29,  290,     2,   False,   124, 271.300,    4417,     79161,     4,    False, False
2026-08-29,  291,     2,   False,   197, 443.200,   29141,    517489,     4,    False,  True
2026-08-29,  292,     2,   False,    63, 159.500,    2453,     45471,     4,    False, False
2026-08-29,  293,     2,   False,    89, 218.400,    5701,     85801,     4,    False, False
2026-08-29,  294,     2,   False,   201, 443.200,   12326,    239028,     4,    False,  True
2026-08-29,  295,     2,   False,   145, 443.200,   13148,    202332,     4,    False,  True
2026-08-29,  296,     2,   False,   153, 443.200,   12696,    237286,     4,    False,  True
2026-08-29,  297,     2,   False,   205, 443.200,   15264,    261895,     4,    False,  True
2026-08-29,  298,     2,   False,    95, 181.400,   11181,    189717,     4,    False, False
2026-08-29,  299,     2,   False,   265, 443.200,   23212,    450455,     4,    False,  True
2026-08-29,  100,     2,   False,   344, 443.200,  102861,   2773350,     5,    False,  True
2026-08-29,  101,     2,   False,   291, 443.200,   91400,   2323800,     5,    False,  True
2026-08-29,  102,     2,   False,   177, 443.200,   21032,    509369,     5,    False,  True
2026-08-29,  103,     2,   False,   745, 443.200,  386362,  10549345,     5,    False,  True
2026-08-29,  104,     2,   False,   176, 443.200,    7224,    192054,     5,    False,  True
2026-08-29,  105,     2,   False,   149, 443.200,   23830,    520068,     5,    False,  True
2026-08-29,  106,     2,   False,   477, 443.200,  133343,   3571853,     5,    False,  True
2026-08-29,  107,     2,   False,   178, 443.200,   32767,    810204,     5,    False,  True
2026-08-29,  108,     2,   False,    77, 133.400,    9316,    175651,     5,    False, False
2026-08-29,  109,     2,   False,   322, 208.400,   28395,    636543,     5,    False, False
2026-08-29,  110,     2,   False,    76, 184.600,    5277,    122012,     5,    False, False
2026-08-29,  111,     2,   False,    71, 149.300,   10386,    228283,     5,    False, False
2026-08-29,  112,     2,   False,   200, 443.200,   76848,   1734134,     5,    False,  True
2026-08-29,  113,     2,   False,   152, 443.200,   15328,    343451,     5,    False,  True
2026-08-29,  114,     2,   False,   171, 443.200,   45935,   1076904,     5,    False,  True
2026-08-29,  115,     2,   False,   355, 443.200,  426191,  10840197,     5,    False,  True
2026-08-29,  116,     2,   False,    70, 135.800,    5401,    110105,     5,    False, False
2026-08-29,  117,     2,   False,   212, 443.200,  116154,   2921523,     5,    False,  True
2026-08-29,  118,     2,   False,    76, 141.600,   10321,    185752,     5,    False, False
2026-08-29,  119,     2,   False,    87, 197.900,    3869,     84618,     5,    False, False
2026-08-29,  120,     2,   False,    83, 182.400,    4383,     95437,     5,    False, False
2026-08-29,  121,     2,   False,   153, 443.200,   18765,    403455,     5,    False,  True
2026-08-29,  122,     2,   False,    78, 122.000,    5351,    119573,     5,    False, False
2026-08-29,  123,     2,   False,    73, 166.200,    8445,    190134,     5,    False, False
2026-08-29,  124,     2,   False,   148, 443.200,   11650,    281719,     5,    False,  True
2026-08-29,  125,     2,   False,   110, 167.100,   31269,    743569,     5,    False, False
2026-08-29,  126,     2,   False,    67, 127.900,    9260,    179123,     5,    False, False
2026-08-29,  127,     2,   False,   148, 443.200,    9732,    234552,     5,    False,  True
2026-08-29,  128,     2,   False,   178, 443.200,   21427,    568793,     5,    False,  True
2026-08-29,  129,     2,   False,   181, 443.200,   33485,    713458,     5,    False,  True
2026-08-29,  130,     2,   False,   135, 443.200,    6635,    145995,     5,    False,  True
2026-08-29,  131,     2,   False,   128, 443.200,   16513,    297577,     5,    False,  True
2026-08-29,  132,     2,   False,   137, 275.600,   22292,    533452,     5,    False, False
2026-08-29,  133,     2,   False,   144, 443.200,   51616,   1234415,     5,    False,  True
2026-08-29,  134,     2,   False,   160, 443.200,   18140,    426135,     5,    False,  True
2026-08-29,  135,     2,   False,   107, 229.300,    7445,    169133,     5,    False, False
2026-08-29,  136,     2,   False,    83, 174.500,   11800,    258967,     5,    False, False
2026-08-29,  137,     2,   False,   218, 443.200,   58151,   1216580,     5,    False,  True
2026-08-29,  138,     2,   False,   160, 443.200,   12674,    328169,     5,    False,  True
2026-08-29,  139,     2,   False,   137, 443.200,   15504,    427688,     5,    False,  True
2026-08-29,  140,     2,   False,   203, 443.200,   37938,    814666,     5,    False,  True
2026-08-29,  141,     2,   False,   263, 443.200,   53329,   1323260,     5,    False,  True
2026-08-29,  142,     2,   False,   267, 443.200,  113081,   3074564,     5,    False,  True
2026-08-29,  143,     2,   False,   565, 443.200,  378352,   9172980,     5,    False,  True
2026-08-29,  144,     2,   False,   206, 443.200,  122370,   2393689,     5,    False,  True
2026-08-29,  145,     2,   False,   237, 443.200,   66877,   1558265,     5,    False,  True
2026-08-29,  146,     2,   False,    51,  81.500,    1792,     41357,     5,    False, False
2026-08-29,  147,     2,   False,   194, 443.200,   73279,   1785329,     5,    False,  True
2026-08-29,  148,     2,   False,   100, 230.000,   12283,    269504,     5,    False, False
2026-08-29,  149,     2,   False,   198, 443.200,   73354,   1597997,     5,    False,  True
2026-08-29,  150,     2,   False,   159, 443.200,   16812,    368895,     5,    False,  True
2026-08-29,  151,     2,   False,   140, 443.200,    7704,    164935,     5,    False,  True
2026-08-29,  152,     2,   False,   177, 443.200,   25955,    535332,     5,    False,  True
2026-08-29,  153,     2,   False,    93, 158.500,    5144,    129954,     5,    False, False
2026-08-29,  154,     2,   False,   239, 443.200,   44659,   1005790,     5,    False,  True
2026-08-29,  155,     2,   False,   105, 246.600,    5838,    124203,     5,    False, False
2026-08-29,  156,     2,   False,   189, 443.200,   61418,   1419521,     5,    False,  True
2026-08-29,  157,     2,   False,   183, 443.200,   53260,   1124315,     5,    False,  True
2026-08-29,  158,     2,   False,   217, 443.200,   45584,   1117957,     5,    False,  True
2026-08-29,  159,     2,   False,   104, 232.300,   18697,    372310,     5,    False, False
2026-08-29,  160,     2,   False,   984, 443.200, 1393510,  39174020,     5,    False,  True
2026-08-29,  161,     2,   False,    65, 106.800,    7478,    155838,     5,    False, False
2026-08-29,  162,     2,   False,    69, 108.300,   11809,    300884,     5,    False, False
2026-08-29,  163,     2,   False,    62, 113.600,    2876,     60358,     5,    False, False
2026-08-29,  164,     2,   False,   290, 443.200,   57566,   1278000,     5,    False,  True
2026-08-29,  165,     2,   False,    68, 127.400,    7833,    143260,     5,    False, False
2026-08-29,  166,     2,   False,   202, 443.200,   14513,    336473,     5,    False,  True
2026-08-29,  167,     2,   False,   410, 302.900,  151165,   2876572,     5,    False, False
2026-08-29,  168,     2,   False,   277, 443.200,  102257,   2386383,     5,    False,  True
2026-08-29,  169,     2,   False,   149, 443.200,   18923,    402557,     5,    False,  True
2026-08-29,  170,     2,   False,    59, 104.100,    6142,    122348,     5,    False, False
2026-08-29,  171,     2,   False,    98, 142.800,   14370,    335912,     5,    False, False
2026-08-29,  172,     2,   False,    97, 184.000,   23764,    443694,     5,    False, False
2026-08-29,  173,     2,   False,   110, 260.100,   10616,    225804,     5,    False, False
2026-08-29,  174,     2,   False,   177, 443.200,   36727,    776241,     5,    False,  True
2026-08-29,  175,     2,   False,   161, 443.200,   13657,    301847,     5,    False,  True
2026-08-29,  176,     2,   False,    73, 173.200,   10982,    199600,     5,    False, False
2026-08-29,  177,     2,   False,   173, 443.200,   22495,    501883,     5,    False,  True
2026-08-29,  178,     2,   False,   170, 443.200,   28578,    754265,     5,    False,  True
2026-08-29,  179,     2,   False,    57,  91.800,    3981,     75959,     5,    False, False
2026-08-29,  180,     2,   False,   107, 237.300,   16762,    353572,     5,    False, False
2026-08-29,  181,     2,   False,   299, 443.200,  129569,   3284258,     5,    False,  True
2026-08-29,  182,     2,   False,    59, 112.100,    1450,     29389,     5,    False, False
2026-08-29,  183,     2,   False,   138, 443.200,    8148,    199103,     5,    False,  True
2026-08-29,  184,     2,   False,   283, 443.200,   39900,   1156985,     5,    False,  True
2026-08-29,  185,     2,   False,   135, 443.200,   21943,    495389,     5,    False,  True
2026-08-29,  186,     2,   False,   131, 155.400,   21865,    541951,     5,    False, False
2026-08-29,  187,     2,   False,   228, 443.200,   37114,   1032354,     5,    False,  True
2026-08-29,  188,     2,   False,   149, 443.200,   14837,    316783,     5,    False,  True
2026-08-29,  189,     2,   False,   135, 443.200,    4672,    123725,     5,    False,  True
2026-08-29,  190,     2,   False,   174, 443.200,   43441,   1047534,     5,    False,  True
2026-08-29,  191,     2,   False,   198, 443.200,   49212,   1239549,     5,    False,  True
2026-08-29,  192,     2,   False,   356, 443.200,   83394,   1757073,     5,    False,  True
2026-08-29,  193,     2,   False,    49,  96.700,    3283,     76903,     5,    False, False
2026-08-29,  194,     2,   False,   178, 443.200,   22879,    556141,     5,    False,  True
2026-08-29,  195,     2,   False,   175, 443.200,   21933,    511904,     5,    False,  True
2026-08-29,  196,     2,   False,     1,   6.000,       2,        24,     5,    False, False
2026-08-29,  197,     2,   False,    70, 137.400,    6524,    127147,     5,    False, False
2026-08-29,  198,     2,   False,   365, 443.200,  261031,   5770982,     5,    False,  True
2026-08-29,  199,     2,   False,    71, 164.600,    5601,    123882,     5,    False, False
2026-08-29,  200,     2,   False,   231, 443.200,   44976,   1042563,     5,    False,  True
2026-08-29,  201,     2,   False,    61, 138.300,   16635,    320499,     5,    False, False
2026-08-29,  202,     2,   False,    55, 104.400,    1608,     35326,     5,    False, False
2026-08-29,  203,     2,   False,    89, 171.200,   11831,    246702,     5,    False, False
2026-08-29,  204,     2,   False,   179, 443.200,  148775,   3302787,     5,    False,  True
2026-08-29,  205,     2,   False,   367, 443.200,  261908,   5805415,     5,    False,  True
2026-08-29,  206,     2,   False,   256, 443.200,   68102,   1621220,     5,    False,  True
2026-08-29,  207,     2,   False,    51,  97.500,    3266,     75998,     5,    False, False
2026-08-29,  208,     2,   False,   270, 443.200,   44916,   1235029,     5,    False,  True
2026-08-29,  209,     2,   False,   287, 443.200,   64098,   1714727,     5,    False,  True
2026-08-29,  210,     2,   False,    69, 131.300,   11671,    227280,     5,    False, False
2026-08-29,  211,     2,   False,   195, 443.200,   88986,   2039387,     5,    False,  True
2026-08-29,  212,     2,   False,   161, 443.200,   48517,   1125540,     5,    False,  True
2026-08-29,  213,     2,   False,    77, 126.900,    4281,     83644,     5,    False, False
2026-08-29,  214,     2,   False,   223, 443.200,   36903,    897632,     5,    False,  True
2026-08-29,  215,     2,   False,    49,  96.600,   11179,    206284,     5,    False, False
2026-08-29,  216,     2,   False,    77, 150.100,    3758,     91985,     5,    False, False
2026-08-29,  217,     2,   False,   177, 443.200,   56772,   1349242,     5,    False,  True
2026-08-29,  218,     2,   False,   196, 443.200,   26242,    655730,     5,    False,  True
2026-08-29,  219,     2,   False,   175, 443.200,   37088,    868231,     5,    False,  True
2026-08-29,  220,     2,   False,   166, 443.200,   30936,    647564,     5,    False,  True
2026-08-29,  221,     2,   False,    42,  56.400,    2162,     43465,     5,    False, False
2026-08-29,  222,     2,   False,    79, 142.800,    4760,    114255,     5,    False, False
2026-08-29,  223,     2,   False,   159, 200.100,   12968,    327837,     5,    False, False
2026-08-29,  224,     2,   False,   185, 443.200,   28549,    628271,     5,    False,  True
2026-08-29,  225,     2,   False,    76, 160.800,    2733,     77188,     5,    False, False
2026-08-29,  226,     2,   False,   155, 196.300,   34748,    774209,     5,    False, False
2026-08-29,  227,     2,   False,    53,  87.900,    2758,     62509,     5,    False, False
2026-08-29,  228,     2,   False,   180, 443.200,   37050,    754597,     5,    False,  True
2026-08-29,  229,     2,   False,   119, 259.800,   16908,    377220,     5,    False, False
2026-08-29,  230,     2,   False,   190, 443.200,   32112,    724775,     5,    False,  True
2026-08-29,  231,     2,   False,    99, 156.200,    5595,    123795,     5,    False, False
2026-08-29,  232,     2,   False,   157, 443.200,   10817,    277677,     5,    False,  True
2026-08-29,  233,     2,   False,   203, 443.200,   24462,    541899,     5,    False,  True
2026-08-29,  234,     2,   False,   279, 443.200,  100526,   2292791,     5,    False,  True
2026-08-29,  235,     2,   False,   159, 443.200,   11002,    239655,     5,    False,  True
2026-08-29,  236,     2,   False,    62, 142.200,    3472,     80620,     5,    False, False
2026-08-29,  237,     2,   False,    80, 133.500,   12119,    312318,     5,    False, False
2026-08-29,  238,     2,   False,    97, 198.200,   13161,    281867,     5,    False, False
2026-08-29,  239,     2,   False,   144, 443.200,   25208,    473891,     5,    False,  True
2026-08-29,  240,     2,   False,   161, 443.200,   55618,   1215244,     5,    False,  True
2026-08-29,  241,     2,   False,   239, 443.200,   46089,   1099634,     5,    False,  True
2026-08-29,  242,     2,   False,   146, 443.200,   47418,   1004788,     5,    False,  True
2026-08-29,  243,     2,   False,   103, 241.000,   25194,    513695,     5,    False, False
2026-08-29,  244,     2,   False,   338, 443.200,   53680,   1363636,     5,    False,  True
2026-08-29,  245,     2,   False,   174, 443.200,   21065,    544262,     5,    False,  True
2026-08-29,  246,     2,   False,    82, 185.400,    6853,    138565,     5,    False, False
2026-08-29,  247,     2,   False,   176, 443.200,   30701,    853859,     5,    False,  True
2026-08-29,  248,     2,   False,   154, 443.200,   12696,    299892,     5,    False,  True
2026-08-29,  249,     2,   False,   236, 443.200,  145554,   3223105,     5,    False,  True
2026-08-29,  250,     2,   False,   163, 443.200,   21006,    497706,     5,    False,  True
2026-08-29,  251,     2,   False,    68, 113.400,    7382,    126827,     5,    False, False
2026-08-29,  252,     2,   False,   262, 443.200,   75122,   1819755,     5,    False,  True
2026-08-29,  253,     2,   False,   105, 228.200,   13652,    316820,     5,    False, False
2026-08-29,  254,     2,   False,   267, 443.200,  106108,   2379350,     5,    False,  True
2026-08-29,  255,     2,   False,   120, 176.500,    6183,    151197,     5,    False, False
2026-08-29,  256,     2,   False,   274, 443.200,   59275,   1455986,     5,    False,  True
2026-08-29,  257,     2,   False,   108, 183.600,    4122,     97093,     5,    False, False
2026-08-29,  258,     2,   False,    69, 116.200,    9705,    216224,     5,    False, False
2026-08-29,  259,     2,   False,   171, 443.200,   15649,    343248,     5,    False,  True
2026-08-29,  260,     2,   False,   182, 443.200,   37666,    911600,     5,    False,  True
2026-08-29,  261,     2,   False,   124, 443.200,   22328,    476889,     5,    False,  True
2026-08-29,  262,     2,   False,   204, 443.200,   55288,   1164372,     5,    False,  True
2026-08-29,  263,     2,   False,   150, 443.200,   31879,    731250,     5,    False,  True
2026-08-29,  264,     2,   False,   163, 443.200,   20249,    446831,     5,    False,  True
2026-08-29,  265,     2,   False,    84, 225.900,    5585,    125931,     5,    False, False
2026-08-29,  266,     2,   False,   210, 255.200,   50592,   1132308,     5,    False, False
2026-08-29,  267,     2,   False,   183, 443.200,   35223,    785788,     5,    False,  True
2026-08-29,  268,     2,   False,    68,  92.300,    5670,    128056,     5,    False, False
2026-08-29,  269,     2,   False,    96, 169.200,    4040,    108654,     5,    False, False
2026-08-29,  270,     2,   False,   158, 443.200,   12781,    255423,     5,    False,  True
2026-08-29,  271,     2,   False,   297, 443.200,  106440,   2452767,     5,    False,  True
2026-08-29,  272,     2,   False,   158, 443.200,   32215,    706856,     5,    False,  True
2026-08-29,  273,     2,   False,    86, 191.200,   15773,    282406,     5,    False, False
2026-08-29,  274,     2,   False,    91, 174.200,    7972,    182250,     5,    False, False
2026-08-29,  275,     2,   False,    57, 106.200,    6919,    133514,     5,    False, False
2026-08-29,  276,     2,   False,   184, 443.200,   23558,    514274,     5,    False,  True
2026-08-29,  277,     2,   False,   189, 443.200,   45460,   1024321,     5,    False,  True
2026-08-29,  278,     2,   False,   281, 443.200,   89923,   2160705,     5,    False,  True
2026-08-29,  279,     2,   False,   191, 443.200,   37440,    762855,     5,    False,  True
2026-08-29,  280,     2,   False,   110, 213.600,    9113,    194719,     5,    False, False
2026-08-29,  281,     2,   False,   186, 443.200,   33063,    797937,     5,    False,  True
2026-08-29,  282,     2,   False,    61,  94.400,    6193,    165023,     5,    False, False
2026-08-29,  283,     2,   False,   194, 443.200,   32275,    770598,     5,    False,  True
2026-08-29,  284,     2,   False,   188, 443.200,   49796,   1067022,     5,    False,  True
2026-08-29,  285,     2,   False,   187, 443.200,   21359,    539560,     5,    False,  True
2026-08-29,  286,     2,   False,   147, 443.200,   11627,    294555,     5,    False,  True
2026-08-29,  287,     2,   False,   202, 443.200,   62650,   1475148,     5,    False,  True
2026-08-29,  288,     2,   False,   154, 249.400,   27634,    632354,     5,    False, False
2026-08-29,  289,     2,   False,    72, 171.000,   13783,    268782,     5,    False, False
2026-08-29,  290,     2,   False,    81, 177.200,    4925,     97084,     5,    False, False
2026-08-29,  291,     2,   False,   206, 443.200,   81122,   1871386,     5,    False,  True
2026-08-29,  292,     2,   False,    63, 159.500,    3169,     80436,     5,    False, False
2026-08-29,  293,     2,   False,    86, 198.800,   10823,    213407,     5,    False, False
2026-08-29,  294,     2,   False,   291, 443.200,  101039,   2633079,     5,    False,  True
2026-08-29,  295,     2,   False,    96, 226.800,   14930,    346212,     5,    False, False
2026-08-29,  296,     2,   False,   156, 443.200,   28255,    693303,     5,    False,  True
2026-08-29,  297,     2,   False,   213, 443.200,   29850,    662906,     5,    False,  True
2026-08-29,  298,     2,   False,   177, 443.200,   38248,    812040,     5,    False,  True
2026-08-29,  299,     2,   False,   276, 443.200,   83322,   2203638,     5,    False,  True
2026-08-29,  100,     2,   False,   301, 443.200,  161130,   5196422,     6,    False,  True
2026-08-29,  101,     2,   False,   258, 443.200,  106686,   3477771,     6,    False,  True
2026-08-29,  102,     2,   False,   221, 275.100,  125919,   3689496,     6,    False, False
2026-08-29,  103,     2,   False,   297, 443.200,   79427,   2437410,     6,    False,  True
2026-08-29,  104,     2,   False,    83, 193.800,    8582,    223566,     6,    False, False
2026-08-29,  105,     2,   False,   106, 239.400,   17974,    471078,     6,    False, False
2026-08-29,  106,     2,   False,   346, 443.200,  259543,   7597913,     6,    False,  True
2026-08-29,  107,     2,   False,   199, 443.200,   77788,   2390195,     6,    False,  True
2026-08-29,  108,     2,   False,   103, 149.800,   10244,    246789,     6,    False, False
2026-08-29,  109,     2,   False,   378, 443.200,  115023,   3707507,     6,    False,  True
2026-08-29,  110,     2,   False,    57, 131.200,    3244,    110764,     6,    False, False
2026-08-29,  111,     2,   False,   101, 174.300,   36042,    780646,     6,    False, False
2026-08-29,  112,     2,   False,   217, 443.200,  335793,  10035375,     6,    False,  True
2026-08-29,  113,     2,   False,    95, 199.100,   13016,    338384,     6,    False, False
2026-08-29,  114,     2,   False,   190, 443.200,  131210,   4052470,     6,    False,  True
2026-08-29,  115,     2,   False,   149, 234.200,   47628,   1561972,     6,    False, False
2026-08-29,  116,     2,   False,    71, 135.800,    9304,    219092,     6,    False, False
2026-08-29,  117,     2,   False,   207, 443.200,   54650,   1364779,     6,    False,  True
2026-08-29,  118,     2,   False,   139, 443.200,   32595,    803266,     6,    False,  True
2026-08-29,  119,     2,   False,   153, 443.200,    8829,    266297,     6,    False,  True
2026-08-29,  120,     2,   False,   172, 443.200,   45934,   1395439,     6,    False,  True
2026-08-29,  121,     2,   False,   169, 443.200,   65513,   2277127,     6,    False,  True
2026-08-29,  122,     2,   False,   184, 443.200,   30254,    879051,     6,    False,  True
2026-08-29,  123,     2,   False,    67, 160.500,   10522,    287381,     6,    False, False
2026-08-29,  124,     2,   False,    75, 161.900,   11214,    316017,     6,    False, False
2026-08-29,  125,     2,   False,   102, 173.000,   27046,    740605,     6,    False, False
2026-08-29,  126,     2,   False,   142, 443.200,   15338,    416411,     6,    False,  True
2026-08-29,  127,     2,   False,   122, 443.200,   13955,    405842,     6,    False,  True
2026-08-29,  128,     2,   False,   192, 443.200,   52835,   1967632,     6,    False,  True
2026-08-29,  129,     2,   False,   222, 443.200,  142876,   3585723,     6,    False,  True
2026-08-29,  130,     2,   False,   138, 443.200,   10686,    282729,     6,    False,  True
2026-08-29,  131,     2,   False,   147, 443.200,   44656,    965499,     6,    False,  True
2026-08-29,  132,     2,   False,   217, 443.200,  152206,   4310693,     6,    False,  True
2026-08-29,  133,     2,   False,   158, 443.200,   57728,   1806866,     6,    False,  True
2026-08-29,  134,     2,   False,   157, 443.200,   13271,    416272,     6,    False,  True
2026-08-29,  135,     2,   False,   108, 229.300,    9938,    277842,     6,    False, False
2026-08-29,  136,     2,   False,   144, 443.200,   30561,    761871,     6,    False,  True
2026-08-29,  137,     2,   False,   189, 198.300,   67635,   1603280,     6,    False, False
2026-08-29,  138,     2,   False,   151, 443.200,   13449,    453134,     6,    False,  True
2026-08-29,  139,     2,   False,   138, 443.200,   63061,   2166107,     6,    False,  True
2026-08-29,  140,     2,   False,   299, 443.200,  118543,   3747674,     6,    False,  True
2026-08-29,  141,     2,   False,   274, 443.200,   77914,   2646538,     6,    False,  True
2026-08-29,  142,     2,   False,   232, 443.200,   79424,   2806162,     6,    False,  True
2026-08-29,  143,     2,   False,   396, 443.200,  221631,   7402090,     6,    False,  True
2026-08-29,  144,     2,   False,   179, 443.200,   57099,   1541508,     6,    False,  True
2026-08-29,  145,     2,   False,   242, 443.200,  153448,   4388809,     6,    False,  True
2026-08-29,  146,     2,   False,    49,  81.500,    2372,     77740,     6,    False, False
2026-08-29,  147,     2,   False,   203, 443.200,  102327,   3315365,     6,    False,  True
2026-08-29,  148,     2,   False,    88, 198.900,   17947,    438648,     6,    False, False
2026-08-29,  149,     2,   False,   245, 443.200,  158397,   4077690,     6,    False,  True
2026-08-29,  150,     2,   False,    84, 190.800,    7589,    230363,     6,    False, False
2026-08-29,  151,     2,   False,   140, 443.200,   10045,    281701,     6,    False,  True
2026-08-29,  152,     2,   False,   265, 443.200,   73674,   2080010,     6,    False,  True
2026-08-29,  153,     2,   False,    89, 188.900,    3799,    116677,     6,    False, False
2026-08-29,  154,     2,   False,   289, 443.200,  101704,   2959333,     6,    False,  True
2026-08-29,  155,     2,   False,   113, 265.000,   17941,    573321,     6,    False, False
2026-08-29,  156,     2,   False,   253, 443.200,  135032,   4147072,     6,    False,  True
2026-08-29,  157,     2,   False,   184, 443.200,   14957,    473425,     6,    False,  True
2026-08-29,  158,     2,   False,   159, 250.000,   38531,   1253512,     6,    False, False
2026-08-29,  159,     2,   False,   108, 232.300,   42130,   1043087,     6,    False, False
2026-08-29,  160,     2,   False,   188, 134.800,   85311,   3037664,     6,    False, False
2026-08-29,  161,     2,   False,    66, 108.100,   10798,    290580,     6,    False, False
2026-08-29,  162,     2,   False,   151, 443.200,   24027,    598090,     6,    False,  True
2026-08-29,  163,     2,   False,    69, 135.600,    4201,    110383,     6,    False, False
2026-08-29,  164,     2,   False,   255, 443.200,  114906,   3615796,     6,    False,  True
2026-08-29,  165,     2,   False,    75,  99.000,   22508,    489694,     6,    False, False
2026-08-29,  166,     2,   False,   137, 183.200,   23567,    616828,     6,    False, False
2026-08-29,  167,     2,   False,   400, 443.200,  251566,   6491822,     6,    False,  True
2026-08-29,  168,     2,   False,   157, 443.200,   24085,    695457,     6,    False,  True
2026-08-29,  169,     2,   False,   147, 443.200,   35028,    888282,     6,    False,  True
2026-08-29,  170,     2,   False,    59, 104.100,    8760,    226067,     6,    False, False
2026-08-29,  171,     2,   False,   119, 164.300,   27240,    850215,     6,    False, False
2026-08-29,  172,     2,   False,   232, 443.200,   81328,   2430175,     6,    False,  True
2026-08-29,  173,     2,   False,   140, 443.200,   17922,    484323,     6,    False,  True
2026-08-29,  174,     2,   False,   163, 443.200,   24428,    589983,     6,    False,  True
2026-08-29,  175,     2,   False,   181, 443.200,   54758,   1413333,     6,    False,  True
2026-08-29,  176,     2,   False,   123, 277.900,   26696,    632580,     6,    False, False
2026-08-29,  177,     2,   False,   166, 443.200,   48236,   1244381,     6,    False,  True
2026-08-29,  178,     2,   False,   183, 443.200,  103997,   3082995,     6,    False,  True
2026-08-29,  179,     2,   False,    50,  67.500,    4664,    120731,     6,    False, False
2026-08-29,  180,     2,   False,   162, 443.200,   87925,   2865693,     6,    False,  True
2026-08-29,  181,     2,   False,   194, 443.200,  218910,   6651643,     6,    False,  True
2026-08-29,  182,     2,   False,   204, 443.200,   52620,   1352219,     6,    False,  True
2026-08-29,  183,     2,   False,   140, 443.200,   11945,    488303,     6,    False,  True
2026-08-29,  184,     2,   False,   273, 266.500,   55812,   1861270,     6,    False, False
2026-08-29,  185,     2,   False,   114, 307.100,   40338,   1035916,     6,    False, False
2026-08-29,  186,     2,   False,   138, 155.400,   31181,    976215,     6,    False, False
2026-08-29,  187,     2,   False,   606, 443.200,  241220,  10215281,     6,    False,  True
2026-08-29,  188,     2,   False,   146, 443.200,   45829,   1240978,     6,    False,  True
2026-08-29,  189,     2,   False,   159, 443.200,    7065,    226267,     6,    False,  True
2026-08-29,  190,     2,   False,   328, 443.200,  640576,  19435653,     6,    False,  True
2026-08-29,  191,     2,   False,   170, 443.200,   77370,   2605047,     6,    False,  True
2026-08-29,  192,     2,   False,   243, 443.200,  100183,   2967827,     6,    False,  True
2026-08-29,  193,     2,   False,    49,  96.700,    4526,    134206,     6,    False, False
2026-08-29,  194,     2,   False,   142, 249.200,   75595,   1742123,     6,    False, False
2026-08-29,  195,     2,   False,   181, 443.200,   12416,    381221,     6,    False,  True
2026-08-29,  196,     2,   False,     1,   6.000,       2,        37,     6,    False, False
2026-08-29,  197,     2,   False,   150, 443.200,   17655,    493828,     6,    False,  True
2026-08-29,  198,     2,   False,   189, 443.200,   92105,   2906573,     6,    False,  True
2026-08-29,  199,     2,   False,    73, 146.300,    8653,    238823,     6,    False, False
2026-08-29,  200,     2,   False,   252, 443.200,  118466,   3576097,     6,    False,  True
2026-08-29,  201,     2,   False,    74, 141.400,   41819,    894810,     6,    False, False
2026-08-29,  202,     2,   False,    55, 104.400,    2075,     53758,     6,    False, False
2026-08-29,  203,     2,   False,    87, 169.600,   10041,    255533,     6,    False, False
2026-08-29,  204,     2,   False,   154, 443.200,  674532,  16406971,     6,    False,  True
2026-08-29,  205,     2,   False,    91, 184.300,   16179,    415065,     6,    False, False
2026-08-29,  206,     2,   False,   239, 443.200,  118132,   3279253,     6,    False,  True
2026-08-29,  207,     2,   False,    51,  97.500,    4475,    125825,     6,    False, False
2026-08-29,  208,     2,   False,   260, 443.200,   61267,   1818674,     6,    False,  True
2026-08-29,  209,     2,   False,   201, 443.200,   79368,   2508529,     6,    False,  True
2026-08-29,  210,     2,   False,   117, 168.800,   30262,    759424,     6,    False, False
2026-08-29,  211,     2,   False,   178, 443.200,   97715,   2939361,     6,    False,  True
2026-08-29,  212,     2,   False,   131, 443.200,   28965,    799252,     6,    False,  True
2026-08-29,  213,     2,   False,   118, 218.000,   13303,    456321,     6,    False, False
2026-08-29,  214,     2,   False,   299, 443.200,  149950,   4415782,     6,    False,  True
2026-08-29,  215,     2,   False,    49,  96.600,   18315,    421831,     6,    False, False
2026-08-29,  216,     2,   False,   158, 443.200,   11955,    368867,     6,    False,  True
2026-08-29,  217,     2,   False,   224, 443.200,  118550,   3920067,     6,    False,  True
2026-08-29,  218,     2,   False,   109, 210.400,    5828,    166364,     6,    False, False
2026-08-29,  219,     2,   False,   184, 443.200,   92556,   2434559,     6,    False,  True
2026-08-29,  220,     2,   False,   160, 443.200,   52969,   1414620,     6,    False,  True
2026-08-29,  221,     2,   False,    45,  51.100,    2269,     66338,     6,    False, False
2026-08-29,  222,     2,   False,   107, 158.700,   34562,    836117,     6,    False, False
2026-08-29,  223,     2,   False,   182, 233.500,   20308,    620674,     6,    False, False
2026-08-29,  224,     2,   False,   180, 443.200,   84915,   2370465,     6,    False,  True
2026-08-29,  225,     2,   False,    76, 160.800,    2852,    110913,     6,    False, False
2026-08-29,  226,     2,   False,   155, 196.300,   46466,   1323423,     6,    False, False
2026-08-29,  227,     2,   False,    53,  87.900,    3993,    109051,     6,    False, False
2026-08-29,  228,     2,   False,   231, 443.200,  130161,   2911773,     6,    False,  True
2026-08-29,  229,     2,   False,   124, 252.500,   32416,    890471,     6,    False, False
2026-08-29,  230,     2,   False,   121, 228.800,   12905,    328970,     6,    False, False
2026-08-29,  231,     2,   False,    72, 136.400,    6903,    185154,     6,    False, False
2026-08-29,  232,     2,   False,   157, 443.200,   14079,    426417,     6,    False,  True
2026-08-29,  233,     2,   False,   102, 171.300,    9004,    191633,     6,    False, False
2026-08-29,  234,     2,   False,   305, 443.200,  267749,   8235057,     6,    False,  True
2026-08-29,  235,     2,   False,   157, 443.200,   17212,    421942,     6,    False,  True
2026-08-29,  236,     2,   False,    60, 112.900,    4611,    152460,     6,    False, False
2026-08-29,  237,     2,   False,    81, 133.500,   19380,    473799,     6,    False, False
2026-08-29,  238,     2,   False,    64, 117.500,    6346,    158676,     6,    False, False
2026-08-29,  239,     2,   False,   147, 443.200,   55302,   1233511,     6,    False,  True
2026-08-29,  240,     2,   False,   184, 443.200,   65870,   2273313,     6,    False,  True
2026-08-29,  241,     2,   False,   196, 443.200,   32596,   1047824,     6,    False,  True
2026-08-29,  242,     2,   False,   158, 443.200,  242678,   6230130,     6,    False,  True
2026-08-29,  243,     2,   False,   180, 443.200,   17074,    401555,     6,    False,  True
2026-08-29,  244,     2,   False,   125, 208.500,   14508,    435433,     6,    False, False
2026-08-29,  245,     2,   False,   168, 443.200,   26778,    851191,     6,    False,  True
2026-08-29,  246,     2,   False,    73, 156.000,    7792,    201105,     6,    False, False
2026-08-29,  247,     2,   False,   180, 443.200,   51452,   1731348,     6,    False,  True
2026-08-29,  248,     2,   False,   166, 443.200,   57537,   1737120,     6,    False,  True
2026-08-29,  249,     2,   False,   194, 443.200,   33145,    861129,     6,    False,  True
2026-08-29,  250,     2,   False,   134, 443.200,   15357,    445448,     6,    False,  True
2026-08-29,  251,     2,   False,    57,  96.200,    7361,    156894,     6,    False, False
2026-08-29,  252,     2,   False,   194, 443.200,   60940,   1637353,     6,    False,  True
2026-08-29,  253,     2,   False,   155, 443.200,   59896,   1640882,     6,    False,  True
2026-08-29,  254,     2,   False,   243, 443.200,  148749,   3901480,     6,    False,  True
2026-08-29,  255,     2,   False,   128, 190.700,    9970,    339425,     6,    False, False
2026-08-29,  256,     2,   False,   532, 443.200,  311142,   9989213,     6,    False,  True
2026-08-29,  257,     2,   False,   102, 183.600,    5321,    157134,     6,    False, False
2026-08-29,  258,     2,   False,   159, 443.200,   33519,    896833,     6,    False,  True
2026-08-29,  259,     2,   False,   163, 443.200,   29795,    806958,     6,    False,  True
2026-08-29,  260,     2,   False,   210, 443.200,  141530,   4216429,     6,    False,  True
2026-08-29,  261,     2,   False,   129, 443.200,   46184,   1173280,     6,    False,  True
2026-08-29,  262,     2,   False,    96, 238.200,   82698,   2028546,     6,    False, False
2026-08-29,  263,     2,   False,   160, 443.200,   63171,   1309862,     6,    False,  True
2026-08-29,  264,     2,   False,   174, 443.200,   40200,   1097519,     6,    False,  True
2026-08-29,  265,     2,   False,    84, 225.900,    6823,    196806,     6,    False, False
2026-08-29,  266,     2,   False,   123, 227.700,    9278,    282933,     6,    False, False
2026-08-29,  267,     2,   False,   350, 443.200,  164008,   4411880,     6,    False,  True
2026-08-29,  268,     2,   False,    87, 140.200,    8081,    233879,     6,    False, False
2026-08-29,  269,     2,   False,   220, 443.200,  107904,   3241127,     6,    False,  True
2026-08-29,  270,     2,   False,   157, 443.200,   24851,    654109,     6,    False,  True
2026-08-29,  271,     2,   False,   187, 443.200,   32366,    895036,     6,    False,  True
2026-08-29,  272,     2,   False,   147, 443.200,   43740,   1317322,     6,    False,  True
2026-08-29,  273,     2,   False,    87, 191.200,   30869,    645671,     6,    False, False
2026-08-29,  274,     2,   False,   188, 216.900,   34774,    924073,     6,    False, False
2026-08-29,  275,     2,   False,    56, 104.900,    9972,    242655,     6,    False, False
2026-08-29,  276,     2,   False,   202, 443.200,   44918,   1083862,     6,    False,  True
2026-08-29,  277,     2,   False,   126, 217.400,   26674,    699586,     6,    False, False
2026-08-29,  278,     2,   False,   399, 443.200,  195227,   5786205,     6,    False,  True
2026-08-29,  279,     2,   False,   183, 443.200,   21018,    626762,     6,    False,  True
2026-08-29,  280,     2,   False,   136, 246.100,   55998,   1486051,     6,    False, False
2026-08-29,  281,     2,   False,   204, 443.200,   36575,   1161379,     6,    False,  True
2026-08-29,  282,     2,   False,    61,  94.400,    7691,    287498,     6,    False, False
2026-08-29,  283,     2,   False,   201, 443.200,   67662,   1930905,     6,    False,  True
2026-08-29,  284,     2,   False,   198, 443.200,   41732,   1353464,     6,    False,  True
2026-08-29,  285,     2,   False,   192, 443.200,   27837,    864287,     6,    False,  True
2026-08-29,  286,     2,   False,   148, 443.200,   21042,    634723,     6,    False,  True
2026-08-29,  287,     2,   False,   303, 443.200,  129014,   3556892,     6,    False,  True
2026-08-29,  288,     2,   False,   135, 235.500,   15817,    431652,     6,    False, False
2026-08-29,  289,     2,   False,   146, 443.200,  147577,   3775533,     6,    False,  True
2026-08-29,  290,     2,   False,   177, 443.200,   23483,    599020,     6,    False,  True
2026-08-29,  291,     2,   False,   176, 443.200,  244744,   7212886,     6,    False,  True
2026-08-29,  292,     2,   False,   166, 443.200,   50334,   1583502,     6,    False,  True
2026-08-29,  293,     2,   False,   138, 443.200,   31008,   1001136,     6,    False,  True
2026-08-29,  294,     2,   False,   364, 443.200,  181852,   6248121,     6,    False,  True
2026-08-29,  295,     2,   False,   113, 224.100,   55000,   1306062,     6,    False, False
2026-08-29,  296,     2,   False,    89, 209.500,   10729,    311702,     6,    False, False
2026-08-29,  297,     2,   False,   139, 155.500,   25282,    576641,     6,    False, False
2026-08-29,  298,     2,   False,   134, 243.400,   52652,   1409331,     6,    False, False
2026-08-29,  299,     2,   False,   264, 443.200,  146622,   4889208,     6,    False,  True
2026-08-29,  100,     4,   False,   322, 174.800,    17295,    171396,     2,    False, False
2026-08-29,  101,     4,   False,    75,  60.900,     2710,     26809,     2,    False, False
2026-08-29,  102,     4,   False,   482, 184.000,    34112,    343056,     2,    False, False
2026-08-29,  103,     4,   False,   249, 118.200,    10768,    106200,     2,    False, False
2026-08-29,  104,     4,   False,  1391, 164.500,   167766,   1660789,     2,    False, False
2026-08-29,  105,     4,   False,    56,  74.600,     1111,      9437,     2,    False, False
2026-08-29,  106,     4,   False,   138, 148.700,     2596,     26078,     2,    False, False
2026-08-29,  107,     4,   False,   108, 107.100,     3407,     32960,     2,    False, False
2026-08-29,  108,     4,   False,    42,  75.300,      579,      4922,     2,    False, False
2026-08-29,  109,     4,   False,    29,  47.200,      414,      3506,     2,    False, False
2026-08-29,  110,     4,   False,    94,  76.800,     3536,     32648,     2,    False, False
2026-08-29,  111,     4,   False,   342, 127.400,    18898,    192752,     2,    False, False
2026-08-29,  112,     4,   False,   128, 101.600,     4430,     42247,     2,    False, False
2026-08-29,  113,     4,   False,    84, 115.700,     2871,     23402,     2,    False, False
2026-08-29,  114,     4,   False,    39,  74.200,      862,      7366,     2,    False, False
2026-08-29,  115,     4,   False,   111, 138.800,     3294,     33513,     2,    False, False
2026-08-29,  116,     4,   False,   132, 128.400,     3914,     34802,     2,    False, False
2026-08-29,  117,     4,   False,    96, 106.300,     3556,     34135,     2,    False, False
2026-08-29,  118,     4,   False,   179,  81.700,    10170,    102220,     2,    False, False
2026-08-29,  119,     4,   False,    32,  55.800,      451,      3776,     2,    False, False
2026-08-29,  120,     4,   False,   118, 110.000,     7016,     54501,     2,    False, False
2026-08-29,  121,     4,   False,   205, 107.800,     9369,     88093,     2,    False, False
2026-08-29,  122,     4,   False,    56,  75.500,     1021,      8444,     2,    False, False
2026-08-29,  123,     4,   False,    68, 109.700,     1455,     13317,     2,    False, False
2026-08-29,  124,     4,   False,   854, 443.200,    91203,    878829,     2,    False,  True
2026-08-29,  125,     4,   False,    37,  57.200,      527,      4713,     2,    False, False
2026-08-29,  126,     4,   False,    33,  36.800,      450,      3934,     2,    False, False
2026-08-29,  127,     4,   False,    46,  86.200,      794,      6956,     2,    False, False
2026-08-29,  128,     4,   False,   297, 217.300,     9632,     97252,     2,    False, False
2026-08-29,  129,     4,   False,    30,  46.300,      584,      5027,     2,    False, False
2026-08-29,  130,     4,   False,    42,  67.600,      568,      5034,     2,    False, False
2026-08-29,  131,     4,   False,   178, 107.500,     6556,     54381,     2,    False, False
2026-08-29,  132,     4,   False,    71,  94.100,     1537,     13799,     2,    False, False
2026-08-29,  133,     4,   False,   131, 151.700,     5997,     56120,     2,    False, False
2026-08-29,  134,     4,   False,    59,  96.900,     1007,      8026,     2,    False, False
2026-08-29,  135,     4,   False,    68, 109.600,     1142,     10809,     2,    False, False
2026-08-29,  136,     4,   False,   130, 100.900,     4553,     44252,     2,    False, False
2026-08-29,  137,     4,   False,    27,  42.300,      603,      5365,     2,    False, False
2026-08-29,  138,     4,   False,   106, 147.200,     1652,     16538,     2,    False, False
2026-08-29,  139,     4,   False,   846, 151.600,    49824,    448251,     2,    False, False
2026-08-29,  140,     4,   False,   658, 145.800,    78930,    730738,     2,    False, False
2026-08-29,  141,     4,   False,   330, 443.200,    14909,    149038,     2,    False,  True
2026-08-29,  142,     4,   False,   220, 123.000,    15791,    155656,     2,    False, False
2026-08-29,  143,     4,   False,   194, 164.600,    18971,    187888,     2,    False, False
2026-08-29,  144,     4,   False,    41,  70.500,      807,      6962,     2,    False, False
2026-08-29,  145,     4,   False,   852, 443.200,   108159,   1156662,     2,    False,  True
2026-08-29,  146,     4,   False,    49,  74.600,      838,      7263,     2,    False, False
2026-08-29,  147,     4,   False,   603, 443.200,    41111,    404654,     2,    False,  True
2026-08-29,  148,     4,   False,    46,  74.600,      945,      8853,     2,    False, False
2026-08-29,  149,     4,   False,   332, 182.700,    33452,    319083,     2,    False, False
2026-08-29,  150,     4,   False,   151, 140.800,     4765,     47191,     2,    False, False
2026-08-29,  151,     4,   False,    36,  57.200,      631,      5504,     2,    False, False
2026-08-29,  152,     4,   False,   101, 118.600,     3896,     37737,     2,    False, False
2026-08-29,  153,     4,   False,   125, 102.200,     4903,     49874,     2,    False, False
2026-08-29,  154,     4,   False,   156, 105.700,     8484,     86702,     2,    False, False
2026-08-29,  155,     4,   False,    82,  72.800,     1707,     15145,     2,    False, False
2026-08-29,  156,     4,   False,   465, 238.000,    39960,    402503,     2,    False, False
2026-08-29,  157,     4,   False,   184, 105.200,    16272,    137172,     2,    False, False
2026-08-29,  158,     4,   False,    27,  43.600,      339,      2641,     2,    False, False
2026-08-29,  159,     4,   False,    51,  95.400,      698,      5703,     2,    False, False
2026-08-29,  160,     4,   False,   109,  79.300,     6404,     55946,     2,    False, False
2026-08-29,  161,     4,   False,   472,  82.500,    23503,    241392,     2,    False, False
2026-08-29,  162,     4,   False,  1211, 443.200,   116579,   1196024,     2,    False,  True
2026-08-29,  163,     4,   False,    74, 100.600,     1800,     17440,     2,    False, False
2026-08-29,  164,     4,   False,    96,  95.900,     2575,     23961,     2,    False, False
2026-08-29,  165,     4,   False,   212, 133.300,     9110,     91271,     2,    False, False
2026-08-29,  166,     4,   False,   109,  93.500,     3166,     29531,     2,    False, False
2026-08-29,  167,     4,   False,   391, 169.400,    43136,    415850,     2,    False, False
2026-08-29,  168,     4,   False,    44,  49.600,     1006,      8623,     2,    False, False
2026-08-29,  169,     4,   False,    42,  63.000,     1050,      8952,     2,    False, False
2026-08-29,  170,     4,   False,    40,  62.800,      923,      7538,     2,    False, False
2026-08-29,  171,     4,   False,    42,  76.300,      633,      5311,     2,    False, False
2026-08-29,  172,     4,   False,   259, 109.000,    19100,    152332,     2,    False, False
2026-08-29,  173,     4,   False,   140, 229.500,     4981,     49143,     2,    False, False
2026-08-29,  174,     4,   False,   354, 159.400,    31210,    266479,     2,    False, False
2026-08-29,  175,     4,   False,    40,  58.100,      794,      6521,     2,    False, False
2026-08-29,  176,     4,   False,    40,  66.400,      901,      7127,     2,    False, False
2026-08-29,  177,     4,   False,    46,  59.700,      904,      8143,     2,    False, False
2026-08-29,  178,     4,   False,    64,  97.100,     1534,     12893,     2,    False, False
2026-08-29,  179,     4,   False,    50,  69.700,      945,      8349,     2,    False, False
2026-08-29,  180,     4,   False,   219, 186.400,    10783,    104638,     2,    False, False
2026-08-29,  181,     4,   False,   138, 128.800,    10838,    105382,     2,    False, False
2026-08-29,  182,     4,   False,   290, 108.500,    13102,    130673,     2,    False, False
2026-08-29,  183,     4,   False,    44,  65.900,      888,      7423,     2,    False, False
2026-08-29,  184,     4,   False,   181, 103.300,     5742,     57400,     2,    False, False
2026-08-29,  185,     4,   False,   189, 149.800,    17589,    171122,     2,    False, False
2026-08-29,  186,     4,   False,   299,  93.100,    20743,    177965,     2,    False, False
2026-08-29,  187,     4,   False,   256, 129.900,    11637,    125456,     2,    False, False
2026-08-29,  188,     4,   False,   605, 443.200,    27949,    281951,     2,    False,  True
2026-08-29,  189,     4,   False,    49,  75.300,      745,      7011,     2,    False, False
2026-08-29,  190,     4,   False,   225, 162.100,    15684,    157836,     2,    False, False
2026-08-29,  191,     4,   False,   121, 102.300,     2788,     25856,     2,    False, False
2026-08-29,  192,     4,   False,   307,  86.300,     7756,     76359,     2,    False, False
2026-08-29,  193,     4,   False,    23,  30.600,      426,      3425,     2,    False, False
2026-08-29,  194,     4,   False,    91, 119.900,     2778,     27194,     2,    False, False
2026-08-29,  195,     4,   False,   245,  98.500,    10757,     93282,     2,    False, False
2026-08-29,  196,     4,   False,     1,   6.000,        2,        25,     2,    False, False
2026-08-29,  197,     4,   False,    73,  80.800,     1574,     15975,     2,    False, False
2026-08-29,  198,     4,   False,    63,  97.000,      978,      9086,     2,    False, False
2026-08-29,  199,     4,   False,    30,  54.900,      408,      3638,     2,    False, False
2026-08-29,  200,     4,   False,   820, 234.500,    64173,    657837,     2,    False, False
2026-08-29,  201,     4,   False,   547, 119.300,    48016,    470351,     2,    False, False
2026-08-29,  202,     4,   False,    87,  95.400,     2177,     20404,     2,    False, False
2026-08-29,  203,     4,   False,    96,  59.800,     3301,     30567,     2,    False, False
2026-08-29,  204,     4,   False,   161, 138.100,     5261,     46702,     2,    False, False
2026-08-29,  205,     4,   False,   185, 136.200,    15432,    142616,     2,    False, False
2026-08-29,  206,     4,   False,    94,  89.500,     2094,     21152,     2,    False, False
2026-08-29,  207,     4,   False,   173, 140.000,    14978,    148313,     2,    False, False
2026-08-29,  208,     4,   False,    35,  45.600,      558,      4816,     2,    False, False
2026-08-29,  209,     4,   False,   271, 194.600,    16844,    168532,     2,    False, False
2026-08-29,  210,     4,   False,    30,  38.200,      315,      2709,     2,    False, False
2026-08-29,  211,     4,   False,   169, 210.100,     6743,     65047,     2,    False, False
2026-08-29,  212,     4,   False,    93, 122.800,     2918,     27984,     2,    False, False
2026-08-29,  213,     4,   False,   120, 143.400,     2597,     25968,     2,    False, False
2026-08-29,  214,     4,   False,   467, 443.200,    41117,    428383,     2,    False,  True
2026-08-29,  215,     4,   False,    38,  58.900,      646,      5806,     2,    False, False
2026-08-29,  216,     4,   False,   151, 204.200,     5769,     57715,     2,    False, False
2026-08-29,  217,     4,   False,    59,  88.400,     1388,     11737,     2,    False, False
2026-08-29,  218,     4,   False,    89,  91.600,     2265,     23823,     2,    False, False
2026-08-29,  219,     4,   False,   221, 171.100,     8539,     86157,     2,    False, False
2026-08-29,  220,     4,   False,   291, 159.200,    37539,    381133,     2,    False, False
2026-08-29,  221,     4,   False,    31,  55.500,      408,      3308,     2,    False, False
2026-08-29,  222,     4,   False,    62,  89.800,     1080,      9256,     2,    False, False
2026-08-29,  223,     4,   False,    90, 107.700,     2299,     21081,     2,    False, False
2026-08-29,  224,     4,   False,   220, 167.500,     8585,     83970,     2,    False, False
2026-08-29,  225,     4,   False,    66,  71.100,     1877,     18070,     2,    False, False
2026-08-29,  226,     4,   False,   159, 125.500,    13798,    125165,     2,    False, False
2026-08-29,  227,     4,   False,   164, 151.300,    10588,    101639,     2,    False, False
2026-08-29,  228,     4,   False,    54,  72.400,      934,      8023,     2,    False, False
2026-08-29,  229,     4,   False,    47,  86.100,      637,      5598,     2,    False, False
2026-08-29,  230,     4,   False,    89,  98.400,     2968,     26322,     2,    False, False
2026-08-29,  231,     4,   False,    41,  67.200,      603,      5978,     2,    False, False
2026-08-29,  232,     4,   False,   158, 143.600,     4104,     42114,     2,    False, False
2026-08-29,  233,     4,   False,   241, 113.500,    15038,    131375,     2,    False, False
2026-08-29,  234,     4,   False,    44,  72.900,      833,      7392,     2,    False, False
2026-08-29,  235,     4,   False,   159, 127.400,     7709,     74820,     2,    False, False
2026-08-29,  236,     4,   False,   126, 112.400,     3568,     32348,     2,    False, False
2026-08-29,  237,     4,   False,   416, 120.000,    27771,    270231,     2,    False, False
2026-08-29,  238,     4,   False,   185,  98.800,     6696,     67044,     2,    False, False
2026-08-29,  239,     4,   False,    41,  74.300,      758,      7491,     2,    False, False
2026-08-29,  240,     4,   False,   310, 443.200,    13329,    123867,     2,    False,  True
2026-08-29,  241,     4,   False,  2237, 443.200,   352250,   4267513,     2,    False,  True
2026-08-29,  242,     4,   False,   351, 231.900,    15484,    160603,     2,    False, False
2026-08-29,  243,     4,   False,    44,  70.100,      809,      6735,     2,    False, False
2026-08-29,  244,     4,   False,   188, 150.600,     6637,     68280,     2,    False, False
2026-08-29,  245,     4,   False,   274, 166.200,    18149,    162255,     2,    False, False
2026-08-29,  246,     4,   False,   240, 130.700,     7254,     72987,     2,    False, False
2026-08-29,  247,     4,   False,  1055, 136.900,   117936,   1119742,     2,    False, False
2026-08-29,  248,     4,   False,   206, 137.900,     7311,     65740,     2,    False, False
2026-08-29,  249,     4,   False,   159, 149.400,     7097,     75195,     2,    False, False
2026-08-29,  250,     4,   False,    55,  97.900,      938,      7784,     2,    False, False
2026-08-29,  251,     4,   False,   102, 124.200,     1875,     19021,     2,    False, False
2026-08-29,  252,     4,   False,  2316, 443.200,   297521,   3316434,     2,    False,  True
2026-08-29,  253,     4,   False,   709, 443.200,    44461,    448624,     2,    False,  True
2026-08-29,  254,     4,   False,    74,  93.400,     1161,     10122,     2,    False, False
2026-08-29,  255,     4,   False,    84,  99.100,     4273,     36614,     2,    False, False
2026-08-29,  256,     4,   False,   170, 134.400,     9189,     78008,     2,    False, False
2026-08-29,  257,     4,   False,   224, 166.500,    15867,    152052,     2,    False, False
2026-08-29,  258,     4,   False,   168, 118.500,     8221,     76043,     2,    False, False
2026-08-29,  259,     4,   False,    38,  54.500,      712,      6297,     2,    False, False
2026-08-29,  260,     4,   False,    69,  87.900,     1954,     17302,     2,    False, False
2026-08-29,  261,     4,   False,   227, 443.200,     9843,     95485,     2,    False,  True
2026-08-29,  262,     4,   False,   226, 108.700,    12105,    116905,     2,    False, False
2026-08-29,  263,     4,   False,   239, 443.200,     9848,     94225,     2,    False,  True
2026-08-29,  264,     4,   False,    43,  60.300,     1255,     11480,     2,    False, False
2026-08-29,  265,     4,   False,   102,  83.500,     3849,     32847,     2,    False, False
2026-08-29,  266,     4,   False,   125, 108.600,     5944,     54325,     2,    False, False
2026-08-29,  267,     4,   False,    65, 109.400,     1523,     14773,     2,    False, False
2026-08-29,  268,     4,   False,    53,  40.500,     1491,     14363,     2,    False, False
2026-08-29,  269,     4,   False,    67, 104.600,     1499,     13690,     2,    False, False
2026-08-29,  270,     4,   False,    43,  77.000,      599,      5625,     2,    False, False
2026-08-29,  271,     4,   False,   257, 122.000,    16241,    149592,     2,    False, False
2026-08-29,  272,     4,   False,   240, 158.000,     7670,     71972,     2,    False, False
2026-08-29,  273,     4,   False,    40,  76.400,      730,      6136,     2,    False, False
2026-08-29,  274,     4,   False,   345, 443.200,    19450,    196372,     2,    False,  True
2026-08-29,  275,     4,   False,   334, 130.800,    14711,    135378,     2,    False, False
2026-08-29,  276,     4,   False,   104, 133.200,     2074,     18529,     2,    False, False
2026-08-29,  277,     4,   False,    45,  58.900,      874,      7621,     2,    False, False
2026-08-29,  278,     4,   False,   161, 141.600,     3924,     36671,     2,    False, False
2026-08-29,  279,     4,   False,   709, 443.200,    59616,    599786,     2,    False,  True
2026-08-29,  280,     4,   False,    70, 121.700,     1317,     11604,     2,    False, False
2026-08-29,  281,     4,   False,   207, 211.500,     9383,     87543,     2,    False, False
2026-08-29,  282,     4,   False,   416, 137.000,    98744,    873087,     2,    False, False
2026-08-29,  283,     4,   False,    65, 128.700,     1312,     11517,     2,    False, False
2026-08-29,  284,     4,   False,    36,  50.000,      716,      5664,     2,    False, False
2026-08-29,  285,     4,   False,   450, 443.200,    32411,    305848,     2,    False,  True
2026-08-29,  286,     4,   False,   277, 116.100,    14062,    123405,     2,    False, False
2026-08-29,  287,     4,   False,   111, 122.200,     1816,     17372,     2,    False, False
2026-08-29,  288,     4,   False,    39,  64.500,      596,      5328,     2,    False, False
2026-08-29,  289,     4,   False,    65,  71.200,     1936,     19524,     2,    False, False
2026-08-29,  290,     4,   False,    19,  26.800,      261,      2423,     2,    False, False
2026-08-29,  291,     4,   False,    58,  94.700,     1519,     13408,     2,    False, False
2026-08-29,  292,     4,   False,    38,  77.700,      971,      8134,     2,    False, False
2026-08-29,  293,     4,   False,    27,  41.400,      365,      3259,     2,    False, False
2026-08-29,  294,     4,   False,    54, 108.800,      880,      7597,     2,    False, False
2026-08-29,  295,     4,   False,   195, 153.200,    10824,    103836,     2,    False, False
2026-08-29,  296,     4,   False,    87, 114.900,     2367,     23459,     2,    False, False
2026-08-29,  297,     4,   False,    79,  99.000,     1419,     14295,     2,    False, False
2026-08-29,  298,     4,   False,    26,  39.200,      683,      5832,     2,    False, False
2026-08-29,  299,     4,   False,   114, 117.200,     5991,     58843,     2,    False, False
2026-08-29,  100,     4,   False,   215, 202.000,    18716,    250792,     3,    False, False
2026-08-29,  101,     4,   False,   149,  84.000,    44364,    574860,     3,    False, False
2026-08-29,  102,     4,   False,   133, 153.200,     6955,     91311,     3,    False, False
2026-08-29,  103,     4,   False,   293, 162.900,    19066,    236592,     3,    False, False
2026-08-29,  104,     4,   False,   825, 235.500,   154872,   2038457,     3,    False, False
2026-08-29,  105,     4,   False,   458, 175.700,    86744,   1212525,     3,    False, False
2026-08-29,  106,     4,   False,   364, 169.200,    79252,   1013333,     3,    False, False
2026-08-29,  107,     4,   False,   230, 150.800,    33000,    436074,     3,    False, False
2026-08-29,  108,     4,   False,    70,  98.900,     1950,     23657,     3,    False, False
2026-08-29,  109,     4,   False,   110,  87.700,     4711,     57536,     3,    False, False
2026-08-29,  110,     4,   False,    45,  69.600,     1163,     14307,     3,    False, False
2026-08-29,  111,     4,   False,   123, 114.700,     5460,     71659,     3,    False, False
2026-08-29,  112,     4,   False,   250, 104.400,    23188,    292909,     3,    False, False
2026-08-29,  113,     4,   False,    61,  78.500,     2404,     27277,     3,    False, False
2026-08-29,  114,     4,   False,   119, 166.200,     5630,     68662,     3,    False, False
2026-08-29,  115,     4,   False,   118, 153.200,     7173,     93933,     3,    False, False
2026-08-29,  116,     4,   False,   166, 103.500,    16136,    192354,     3,    False, False
2026-08-29,  117,     4,   False,   394, 147.500,    63149,    807792,     3,    False, False
2026-08-29,  118,     4,   False,   135, 107.100,     7147,     93053,     3,    False, False
2026-08-29,  119,     4,   False,    87,  93.600,     4280,     58141,     3,    False, False
2026-08-29,  120,     4,   False,  1028, 443.200,    97542,   1577712,     3,    False,  True
2026-08-29,  121,     4,   False,   304, 443.200,    16045,    223209,     3,    False,  True
2026-08-29,  122,     4,   False,    79, 112.200,     2386,     31070,     3,    False, False
2026-08-29,  123,     4,   False,   548, 100.300,   223153,   2742407,     3,    False, False
2026-08-29,  124,     4,   False,   240, 165.400,    18212,    232790,     3,    False, False
2026-08-29,  125,     4,   False,   115,  98.000,     5987,     74784,     3,    False, False
2026-08-29,  126,     4,   False,    38,  47.700,     1104,     12335,     3,    False, False
2026-08-29,  127,     4,   False,   134, 148.600,     8256,    105528,     3,    False, False
2026-08-29,  128,     4,   False,    95, 163.700,     6941,     86607,     3,    False, False
2026-08-29,  129,     4,   False,   540, 443.200,    59394,    867386,     3,    False,  True
2026-08-29,  130,     4,   False,    55,  77.200,     1103,     13882,     3,    False, False
2026-08-29,  131,     4,   False,   102, 106.900,     4144,     47743,     3,    False, False
2026-08-29,  132,     4,   False,   150, 164.900,     9747,    134388,     3,    False, False
2026-08-29,  133,     4,   False,   101, 130.400,     4555,     56758,     3,    False, False
2026-08-29,  134,     4,   False,    70, 121.000,     2430,     28001,     3,    False, False
2026-08-29,  135,     4,   False,    81, 148.500,     2171,     27485,     3,    False, False
2026-08-29,  136,     4,   False,   307, 229.000,    42780,    577228,     3,    False, False
2026-08-29,  137,     4,   False,    74,  78.900,     3762,     41463,     3,    False, False
2026-08-29,  138,     4,   False,    85, 140.400,     2292,     28394,     3,    False, False
2026-08-29,  139,     4,   False,   622, 145.200,    94918,   1157829,     3,    False, False
2026-08-29,  140,     4,   False,  1709, 139.100,   677839,  10078856,     3,    False, False
2026-08-29,  141,     4,   False,   150, 114.200,     7591,     94174,     3,    False, False
2026-08-29,  142,     4,   False,    56,  77.300,     2138,     26187,     3,    False, False
2026-08-29,  143,     4,   False,  1751, 264.100,   519713,   8493950,     3,    False, False
2026-08-29,  144,     4,   False,    66, 100.100,     2526,     30184,     3,    False, False
2026-08-29,  145,     4,   False,   831, 443.200,   101487,   1517016,     3,    False,  True
2026-08-29,  146,     4,   False,    41,  52.000,      791,      9844,     3,    False, False
2026-08-29,  147,     4,   False,   525, 117.300,    75175,   1043654,     3,    False, False
2026-08-29,  148,     4,   False,    48,  69.300,     1944,     23070,     3,    False, False
2026-08-29,  149,     4,   False,   136, 149.000,     5041,     70062,     3,    False, False
2026-08-29,  150,     4,   False,   112, 108.700,     5520,     65954,     3,    False, False
2026-08-29,  151,     4,   False,   209,  96.800,    40910,    542757,     3,    False, False
2026-08-29,  152,     4,   False,    68, 101.100,     1927,     22504,     3,    False, False
2026-08-29,  153,     4,   False,   112, 155.000,     3116,     38453,     3,    False, False
2026-08-29,  154,     4,   False,    84,  96.800,     3575,     43068,     3,    False, False
2026-08-29,  155,     4,   False,    76,  77.200,     1674,     18797,     3,    False, False
2026-08-29,  156,     4,   False,   335, 443.200,    20108,    287765,     3,    False,  True
2026-08-29,  157,     4,   False,   339, 250.300,    55690,    750289,     3,    False, False
2026-08-29,  158,     4,   False,   324, 118.500,    40386,    491640,     3,    False, False
2026-08-29,  159,     4,   False,    79,  85.600,     2252,     29308,     3,    False, False
2026-08-29,  160,     4,   False,   704, 105.900,   122692,   1855256,     3,    False, False
2026-08-29,  161,     4,   False,    47,  55.400,     3381,     38070,     3,    False, False
2026-08-29,  162,     4,   False,   973, 182.800,   515576,   6864849,     3,    False, False
2026-08-29,  163,     4,   False,   189, 106.000,    19840,    241445,     3,    False, False
2026-08-29,  164,     4,   False,   692, 443.200,   149082,   2028437,     3,    False,  True
2026-08-29,  165,     4,   False,   140, 176.400,    15912,    216208,     3,    False, False
2026-08-29,  166,     4,   False,   247, 139.400,    24258,    307985,     3,    False, False
2026-08-29,  167,     4,   False,   301, 202.000,    42496,    583614,     3,    False, False
2026-08-29,  168,     4,   False,    52,  73.400,     2937,     35945,     3,    False, False
2026-08-29,  169,     4,   False,    78, 132.200,     3589,     40802,     3,    False, False
2026-08-29,  170,     4,   False,    51,  68.600,     2768,     33618,     3,    False, False
2026-08-29,  171,     4,   False,    93, 113.300,     3635,     48855,     3,    False, False
2026-08-29,  172,     4,   False,   267, 129.600,    43678,    494803,     3,    False, False
2026-08-29,  173,     4,   False,   215, 443.200,    19590,    275252,     3,    False,  True
2026-08-29,  174,     4,   False,   109, 122.600,     6035,     72451,     3,    False, False
2026-08-29,  175,     4,   False,    53,  54.100,     2097,     23133,     3,    False, False
2026-08-29,  176,     4,   False,   188, 443.200,    10076,    136880,     3,    False,  True
2026-08-29,  177,     4,   False,    96, 123.400,    10692,    147640,     3,    False, False
2026-08-29,  178,     4,   False,    74, 111.700,     4449,     54754,     3,    False, False
2026-08-29,  179,     4,   False,    52,  57.400,     1400,     17530,     3,    False, False
2026-08-29,  180,     4,   False,   296, 171.700,    21528,    289172,     3,    False, False
2026-08-29,  181,     4,   False,    61,  60.500,     3591,     41149,     3,    False, False
2026-08-29,  182,     4,   False,    37,  52.800,      748,      8817,     3,    False, False
2026-08-29,  183,     4,   False,    61,  68.100,     3007,     35540,     3,    False, False
2026-08-29,  184,     4,   False,   243, 142.800,    15973,    204962,     3,    False, False
2026-08-29,  185,     4,   False,   145, 148.700,     4233,     50106,     3,    False, False
2026-08-29,  186,     4,   False,   363,  88.100,    30412,    407771,     3,    False, False
2026-08-29,  187,     4,   False,   108, 168.900,     6972,     95296,     3,    False, False
2026-08-29,  188,     4,   False,   148, 116.800,    12112,    155796,     3,    False, False
2026-08-29,  189,     4,   False,    74,  97.800,     1391,     18756,     3,    False, False
2026-08-29,  190,     4,   False,   324, 443.200,    18185,    248332,     3,    False,  True
2026-08-29,  191,     4,   False,   890, 443.200,   116409,   1821112,     3,    False,  True
2026-08-29,  192,     4,   False,    49,  65.100,     2980,     33354,     3,    False, False
2026-08-29,  193,     4,   False,    42,  34.800,     1347,     15225,     3,    False, False
2026-08-29,  194,     4,   False,   112, 150.500,     4607,     60585,     3,    False, False
2026-08-29,  195,     4,   False,   105, 125.800,     4573,     56835,     3,    False, False
2026-08-29,  196,     4,   False,     1,   6.000,        2,        23,     3,    False, False
2026-08-29,  197,     4,   False,    48,  82.900,     1306,     16155,     3,    False, False
2026-08-29,  198,     4,   False,   231, 126.500,    19051,    240303,     3,    False, False
2026-08-29,  199,     4,   False,    52,  71.600,     1538,     18547,     3,    False, False
2026-08-29,  200,     4,   False,    86,  95.000,     3976,     54530,     3,    False, False
2026-08-29,  201,     4,   False,   150, 180.000,    16642,    220167,     3,    False, False
2026-08-29,  202,     4,   False,   100,  93.000,     3624,     48192,     3,    False, False
2026-08-29,  203,     4,   False,    83,  84.800,     5650,     72958,     3,    False, False
2026-08-29,  204,     4,   False,   151, 145.100,     6841,     91707,     3,    False, False
2026-08-29,  205,     4,   False,   135, 151.400,     9023,    121043,     3,    False, False
2026-08-29,  206,     4,   False,   130,  99.200,     7257,     96310,     3,    False, False
2026-08-29,  207,     4,   False,   143, 112.600,     6595,     80367,     3,    False, False
2026-08-29,  208,     4,   False,   129, 117.900,     4356,     55982,     3,    False, False
2026-08-29,  209,     4,   False,   493, 443.200,   145277,   1692076,     3,    False,  True
2026-08-29,  210,     4,   False,    90,  66.300,     3678,     47465,     3,    False, False
2026-08-29,  211,     4,   False,   360, 443.200,    39755,    630771,     3,    False,  True
2026-08-29,  212,     4,   False,    70,  89.000,     3424,     39129,     3,    False, False
2026-08-29,  213,     4,   False,   147, 148.500,    10481,    144012,     3,    False, False
2026-08-29,  214,     4,   False,   275, 443.200,    17546,    241769,     3,    False,  True
2026-08-29,  215,     4,   False,    63,  56.900,     1914,     22168,     3,    False, False
2026-08-29,  216,     4,   False,   323, 443.200,    32730,    469008,     3,    False,  True
2026-08-29,  217,     4,   False,   223, 172.300,    20023,    259939,     3,    False, False
2026-08-29,  218,     4,   False,   651, 122.700,    83768,   1175468,     3,    False, False
2026-08-29,  219,     4,   False,   305, 443.200,    30132,    405166,     3,    False,  True
2026-08-29,  220,     4,   False,   349, 163.700,    64858,    891394,     3,    False, False
2026-08-29,  221,     4,   False,    54,  68.100,     1334,     16223,     3,    False, False
2026-08-29,  222,     4,   False,    48,  60.900,     1698,     19812,     3,    False, False
2026-08-29,  223,     4,   False,   913, 152.600,   250026,   3652967,     3,    False, False
2026-08-29,  224,     4,   False,   132, 135.600,     5458,     63411,     3,    False, False
2026-08-29,  225,     4,   False,   180, 110.900,    14487,    186418,     3,    False, False
2026-08-29,  226,     4,   False,   189, 147.500,    22602,    294883,     3,    False, False
2026-08-29,  227,     4,   False,   253, 126.700,    51860,    708996,     3,    False, False
2026-08-29,  228,     4,   False,    79,  85.300,     3374,     38110,     3,    False, False
2026-08-29,  229,     4,   False,    52, 103.000,     1205,     14661,     3,    False, False
2026-08-29,  230,     4,   False,   203, 127.200,    13081,    176354,     3,    False, False
2026-08-29,  231,     4,   False,    50,  77.100,      993,     12815,     3,    False, False
2026-08-29,  232,     4,   False,  1137, 443.200,   128954,   1736610,     3,    False,  True
2026-08-29,  233,     4,   False,    56,  77.300,     2104,     22821,     3,    False, False
2026-08-29,  234,     4,   False,   172,  86.600,    17454,    235755,     3,    False, False
2026-08-29,  235,     4,   False,    98,  77.900,     7881,     99713,     3,    False, False
2026-08-29,  236,     4,   False,   152, 128.800,     7208,    100780,     3,    False, False
2026-08-29,  237,     4,   False,    91,  85.700,     3384,     47590,     3,    False, False
2026-08-29,  238,     4,   False,    38,  51.500,      744,     10271,     3,    False, False
2026-08-29,  239,     4,   False,    53,  78.300,     1988,     24066,     3,    False, False
2026-08-29,  240,     4,   False,   257, 255.000,    22328,    293343,     3,    False, False
2026-08-29,  241,     4,   False,   464, 443.200,    48960,    688927,     3,    False,  True
2026-08-29,  242,     4,   False,   346, 149.500,   118959,   1591019,     3,    False, False
2026-08-29,  243,     4,   False,    58,  77.400,     1571,     18588,     3,    False, False
2026-08-29,  244,     4,   False,    94, 112.000,     3799,     47329,     3,    False, False
2026-08-29,  245,     4,   False,   767, 443.200,   107612,   1560538,     3,    False,  True
2026-08-29,  246,     4,   False,   148, 111.000,     9849,    126717,     3,    False, False
2026-08-29,  247,     4,   False,   270, 175.800,    17726,    213212,     3,    False, False
2026-08-29,  248,     4,   False,   220, 119.200,    18996,    243932,     3,    False, False
2026-08-29,  249,     4,   False,    81,  98.100,     2949,     36250,     3,    False, False
2026-08-29,  250,     4,   False,   560, 268.400,   119862,   1692136,     3,    False, False
2026-08-29,  251,     4,   False,    65,  68.600,     1929,     22248,     3,    False, False
2026-08-29,  252,     4,   False,  3789, 443.200,   969863,  17591647,     3,    False,  True
2026-08-29,  253,     4,   False,   480, 443.200,    26204,    404653,     3,    False,  True
2026-08-29,  254,     4,   False,    75,  98.700,     1475,     18123,     3,    False, False
2026-08-29,  255,     4,   False,    76, 122.900,     2005,     26587,     3,    False, False
2026-08-29,  256,     4,   False,   284,  94.200,    28456,    327955,     3,    False, False
2026-08-29,  257,     4,   False,   530, 443.200,    66458,    862453,     3,    False,  True
2026-08-29,  258,     4,   False,    42,  55.700,     1196,     14857,     3,    False, False
2026-08-29,  259,     4,   False,   375, 108.800,    52121,    760677,     3,    False, False
2026-08-29,  260,     4,   False,    65, 113.500,     2869,     37884,     3,    False, False
2026-08-29,  261,     4,   False,   273, 443.200,    26019,    352449,     3,    False,  True
2026-08-29,  262,     4,   False,    95, 112.400,     3870,     48016,     3,    False, False
2026-08-29,  263,     4,   False,   181, 443.200,    11141,    146220,     3,    False,  True
2026-08-29,  264,     4,   False,    76,  59.100,     3709,     41432,     3,    False, False
2026-08-29,  265,     4,   False,   273,  91.500,    33915,    484820,     3,    False, False
2026-08-29,  266,     4,   False,   127, 149.600,     4138,     54897,     3,    False, False
2026-08-29,  267,     4,   False,   161, 111.900,    10507,    146843,     3,    False, False
2026-08-29,  268,     4,   False,    86,  80.200,     4625,     54887,     3,    False, False
2026-08-29,  269,     4,   False,   453, 282.600,    67776,    932429,     3,    False, False
2026-08-29,  270,     4,   False,    43,  54.800,     1194,     14769,     3,    False, False
2026-08-29,  271,     4,   False,   412, 131.300,    97171,   1236067,     3,    False, False
2026-08-29,  272,     4,   False,   481, 443.200,    71678,    968705,     3,    False,  True
2026-08-29,  273,     4,   False,    41,  74.900,     1251,     14843,     3,    False, False
2026-08-29,  274,     4,   False,   335, 443.200,    34235,    475472,     3,    False,  True
2026-08-29,  275,     4,   False,    46,  50.700,     1772,     20174,     3,    False, False
2026-08-29,  276,     4,   False,   209, 113.000,    11774,    144931,     3,    False, False
2026-08-29,  277,     4,   False,    60,  79.100,     2294,     28676,     3,    False, False
2026-08-29,  278,     4,   False,    92, 147.600,     5351,     65520,     3,    False, False
2026-08-29,  279,     4,   False,   166,  85.600,    17444,    233625,     3,    False, False
2026-08-29,  280,     4,   False,    96,  87.000,     3290,     40175,     3,    False, False
2026-08-29,  281,     4,   False,   136, 186.700,     7130,     92471,     3,    False, False
2026-08-29,  282,     4,   False,   130, 115.900,    16689,    200452,     3,    False, False
2026-08-29,  283,     4,   False,    72,  99.400,     2026,     25387,     3,    False, False
2026-08-29,  284,     4,   False,    36,  48.800,     1569,     18366,     3,    False, False
2026-08-29,  285,     4,   False,   382, 443.200,    45100,    616917,     3,    False,  True
2026-08-29,  286,     4,   False,   867, 224.400,   291507,   4284370,     3,    False, False
2026-08-29,  287,     4,   False,  2030, 443.200,   835443,  14051736,     3,    False,  True
2026-08-29,  288,     4,   False,    52,  57.900,     1335,     16811,     3,    False, False
2026-08-29,  289,     4,   False,    43,  61.500,     1504,     18910,     3,    False, False
2026-08-29,  290,     4,   False,    31,  31.600,      917,     11465,     3,    False, False
2026-08-29,  291,     4,   False,    75,  99.600,     3985,     47260,     3,    False, False
2026-08-29,  292,     4,   False,   381, 263.700,    62400,    834495,     3,    False, False
2026-08-29,  293,     4,   False,    65,  79.400,     1644,     19355,     3,    False, False
2026-08-29,  294,     4,   False,   791, 161.300,   297100,   4900128,     3,    False, False
2026-08-29,  295,     4,   False,   205, 127.700,    10407,    134995,     3,    False, False
2026-08-29,  296,     4,   False,    78, 111.900,     2798,     32529,     3,    False, False
2026-08-29,  297,     4,   False,   168, 150.900,     9350,    119019,     3,    False, False
2026-08-29,  298,     4,   False,   275, 228.000,    84320,   1106280,     3,    False, False
2026-08-29,  299,     4,   False,   214, 175.400,    35137,    506010,     3,    False, False
2026-08-29,  100,     4,   False,    99, 126.700,     4541,     89358,     4,    False, False
2026-08-29,  101,     4,   False,  1008, 155.200,  1109298,  19690530,     4,    False, False
2026-08-29,  102,     4,   False,   686, 443.200,   294053,   4826861,     4,    False,  True
2026-08-29,  103,     4,   False,   452, 273.500,    97152,   1509340,     4,    False, False
2026-08-29,  104,     4,   False,  1195, 443.200,   872630,  17970044,     4,    False,  True
2026-08-29,  105,     4,   False,    94, 153.700,     6786,    117167,     4,    False, False
2026-08-29,  106,     4,   False,  1290, 443.200,   427887,   8552374,     4,    False,  True
2026-08-29,  107,     4,   False,  1276, 443.200,   842001,  17848021,     4,    False,  True
2026-08-29,  108,     4,   False,   132, 133.100,     6518,    106771,     4,    False, False
2026-08-29,  109,     4,   False,   413,  91.900,    87916,   1739356,     4,    False, False
2026-08-29,  110,     4,   False,    42,  69.800,     2396,     40974,     4,    False, False
2026-08-29,  111,     4,   False,   211, 218.400,    41295,    659989,     4,    False, False
2026-08-29,  112,     4,   False,   887, 443.200,   495204,   9776460,     4,    False,  True
2026-08-29,  113,     4,   False,   189, 172.600,    20275,    322396,     4,    False, False
2026-08-29,  114,     4,   False,   273, 230.300,    68389,   1166738,     4,    False, False
2026-08-29,  115,     4,   False,   172, 133.200,    28747,    534120,     4,    False, False
2026-08-29,  116,     4,   False,   231, 181.700,    32374,    533908,     4,    False, False
2026-08-29,  117,     4,   False,  1348, 241.000,   865016,  18108804,     4,    False, False
2026-08-29,  118,     4,   False,   447, 175.700,   240397,   4168751,     4,    False, False
2026-08-29,  119,     4,   False,   285, 118.700,    35231,    579895,     4,    False, False
2026-08-29,  120,     4,   False,   372, 443.200,    45758,    856861,     4,    False,  True
2026-08-29,  121,     4,   False,   421, 443.200,    44926,    776557,     4,    False,  True
2026-08-29,  122,     4,   False,   104, 134.700,    26384,    402252,     4,    False, False
2026-08-29,  123,     4,   False,   889, 100.200,   447168,   7376674,     4,    False, False
2026-08-29,  124,     4,   False,    89,  57.500,     5461,     83788,     4,    False, False
2026-08-29,  125,     4,   False,   265, 137.100,    31286,    550823,     4,    False, False
2026-08-29,  126,     4,   False,    58,  69.400,     3139,     45102,     4,    False, False
2026-08-29,  127,     4,   False,   290, 443.200,    47188,    868525,     4,    False,  True
2026-08-29,  128,     4,   False,   161, 169.700,    21747,    333430,     4,    False, False
2026-08-29,  129,     4,   False,   495, 193.900,   206358,   3483732,     4,    False, False
2026-08-29,  130,     4,   False,    57,  77.100,     2014,     30382,     4,    False, False
2026-08-29,  131,     4,   False,   575, 443.200,    67865,   1249452,     4,    False,  True
2026-08-29,  132,     4,   False,    98, 109.900,     4842,     78313,     4,    False, False
2026-08-29,  133,     4,   False,   162, 132.300,    22450,    289329,     4,    False, False
2026-08-29,  134,     4,   False,    79, 101.400,     4647,     73250,     4,    False, False
2026-08-29,  135,     4,   False,   106, 167.200,     8141,    142218,     4,    False, False
2026-08-29,  136,     4,   False,    82,  84.200,    12861,    180174,     4,    False, False
2026-08-29,  137,     4,   False,   188, 126.200,    39641,    612824,     4,    False, False
2026-08-29,  138,     4,   False,    95, 148.300,     3613,     57219,     4,    False, False
2026-08-29,  139,     4,   False,   899, 191.000,   275213,   4896849,     4,    False, False
2026-08-29,  140,     4,   False,   180, 101.300,    24622,    362948,     4,    False, False
2026-08-29,  141,     4,   False,   151, 120.600,    14109,    250546,     4,    False, False
2026-08-29,  142,     4,   False,    56,  78.100,     3560,     51460,     4,    False, False
2026-08-29,  143,     4,   False,  1056, 271.100,   995277,  19237453,     4,    False, False
2026-08-29,  144,     4,   False,    80,  98.300,    12855,    214084,     4,    False, False
2026-08-29,  145,     4,   False,  1090, 443.200,   739466,  13776588,     4,    False,  True
2026-08-29,  146,     4,   False,    41,  52.000,     1114,     18288,     4,    False, False
2026-08-29,  147,     4,   False,  1166, 180.300,   378869,   6550478,     4,    False, False
2026-08-29,  148,     4,   False,    77,  88.200,     7007,    100423,     4,    False, False
2026-08-29,  149,     4,   False,   829, 443.200,   585784,  11138898,     4,    False,  True
2026-08-29,  150,     4,   False,   127, 153.500,    11132,    171795,     4,    False, False
2026-08-29,  151,     4,   False,    55,  80.500,     4300,     64197,     4,    False, False
2026-08-29,  152,     4,   False,    79, 109.100,     3621,     57359,     4,    False, False
2026-08-29,  153,     4,   False,    92, 133.300,     4789,     87496,     4,    False, False
2026-08-29,  154,     4,   False,   186,  95.100,    21536,    371348,     4,    False, False
2026-08-29,  155,     4,   False,    76,  98.000,     2103,     27757,     4,    False, False
2026-08-29,  156,     4,   False,   419, 174.000,   137768,   2650127,     4,    False, False
2026-08-29,  157,     4,   False,   282, 443.200,    84041,   1340125,     4,    False,  True
2026-08-29,  158,     4,   False,   243, 151.900,    42116,    691532,     4,    False, False
2026-08-29,  159,     4,   False,    58,  90.300,     2491,     38671,     4,    False, False
2026-08-29,  160,     4,   False,   931, 111.200,   373396,   7729118,     4,    False, False
2026-08-29,  161,     4,   False,    59,  64.400,     7493,    101814,     4,    False, False
2026-08-29,  162,     4,   False,    71,  85.700,     4024,     62291,     4,    False, False
2026-08-29,  163,     4,   False,   166, 115.300,    37692,    559731,     4,    False, False
2026-08-29,  164,     4,   False,  2343, 169.400,  3002231,  69040318,     4,    False, False
2026-08-29,  165,     4,   False,   288, 218.100,    34655,    636071,     4,    False, False
2026-08-29,  166,     4,   False,   152, 113.600,    12832,    241381,     4,    False, False
2026-08-29,  167,     4,   False,    81, 115.200,     7180,    116590,     4,    False, False
2026-08-29,  168,     4,   False,    36,  35.900,     1047,     16535,     4,    False, False
2026-08-29,  169,     4,   False,    94,  90.700,     7512,    145991,     4,    False, False
2026-08-29,  170,     4,   False,   414,  98.200,    98977,   1658844,     4,    False, False
2026-08-29,  171,     4,   False,    49,  84.600,     1459,     25375,     4,    False, False
2026-08-29,  172,     4,   False,   319, 111.400,    87324,   1408647,     4,    False, False
2026-08-29,  173,     4,   False,   434, 443.200,    67740,   1217832,     4,    False,  True
2026-08-29,  174,     4,   False,   514, 443.200,   122760,   2323435,     4,    False,  True
2026-08-29,  175,     4,   False,   223,  85.000,    22316,    361566,     4,    False, False
2026-08-29,  176,     4,   False,    59,  75.500,     5169,     71216,     4,    False, False
2026-08-29,  177,     4,   False,   111, 118.100,    10409,    180124,     4,    False, False
2026-08-29,  178,     4,   False,    78, 116.600,    11400,    190181,     4,    False, False
2026-08-29,  179,     4,   False,   185,  77.200,    25626,    471408,     4,    False, False
2026-08-29,  180,     4,   False,    89,  93.500,     9397,    156413,     4,    False, False
2026-08-29,  181,     4,   False,    57,  65.700,     6721,    102354,     4,    False, False
2026-08-29,  182,     4,   False,    71,  61.300,     2641,     47568,     4,    False, False
2026-08-29,  183,     4,   False,   120, 159.400,    12348,    212032,     4,    False, False
2026-08-29,  184,     4,   False,   330,  89.700,    92810,   1817495,     4,    False, False
2026-08-29,  185,     4,   False,  1125, 235.600,   416772,   8137349,     4,    False, False
2026-08-29,  186,     4,   False,    98,  76.100,     6101,     95217,     4,    False, False
2026-08-29,  187,     4,   False,   153, 189.100,    16337,    281354,     4,    False, False
2026-08-29,  188,     4,   False,   113, 128.900,    10084,    166352,     4,    False, False
2026-08-29,  189,     4,   False,    62,  84.300,     1515,     25532,     4,    False, False
2026-08-29,  190,     4,   False,    97, 136.500,    15832,    252836,     4,    False, False
2026-08-29,  191,     4,   False,   442, 206.700,   285564,   4721903,     4,    False, False
2026-08-29,  192,     4,   False,    55,  65.300,     7444,    104762,     4,    False, False
2026-08-29,  193,     4,   False,    42,  42.200,     2829,     41219,     4,    False, False
2026-08-29,  194,     4,   False,   110, 109.300,     9955,    145367,     4,    False, False
2026-08-29,  195,     4,   False,   263, 184.000,    39129,    667480,     4,    False, False
2026-08-29,  196,     4,   False,     1,   6.000,        2,        59,     4,    False, False
2026-08-29,  197,     4,   False,    97,  97.400,     8343,    143816,     4,    False, False
2026-08-29,  198,     4,   False,   166, 199.400,    15743,    296732,     4,    False, False
2026-08-29,  199,     4,   False,    53,  73.100,     2892,     43512,     4,    False, False
2026-08-29,  200,     4,   False,    85, 103.900,     4076,     66698,     4,    False, False
2026-08-29,  201,     4,   False,    97, 124.700,     9926,    161875,     4,    False, False
2026-08-29,  202,     4,   False,   118,  87.200,    14568,    261756,     4,    False, False
2026-08-29,  203,     4,   False,   328, 111.300,    91883,   1596915,     4,    False, False
2026-08-29,  204,     4,   False,   266, 443.200,    51698,    917627,     4,    False,  True
2026-08-29,  205,     4,   False,   311, 443.200,    33492,    575482,     4,    False,  True
2026-08-29,  206,     4,   False,   145, 106.300,    10991,    192113,     4,    False, False
2026-08-29,  207,     4,   False,    94, 126.400,     4474,     69112,     4,    False, False
2026-08-29,  208,     4,   False,  2743, 229.500,  3060468,  70235632,     4,    False, False
2026-08-29,  209,     4,   False,   296, 159.300,   122411,   2196160,     4,    False, False
2026-08-29,  210,     4,   False,    57,  59.300,     2423,     37173,     4,    False, False
2026-08-29,  211,     4,   False,   359, 443.200,    57665,   1037237,     4,    False,  True
2026-08-29,  212,     4,   False,   252, 132.500,    36698,    591758,     4,    False, False
2026-08-29,  213,     4,   False,  1284, 443.200,  2179311,  45739473,     4,    False,  True
2026-08-29,  214,     4,   False,   491, 443.200,    87062,   1519511,     4,    False,  True
2026-08-29,  215,     4,   False,    71,  77.100,     3722,     59000,     4,    False, False
2026-08-29,  216,     4,   False,    66, 102.400,     3355,     54606,     4,    False, False
2026-08-29,  217,     4,   False,    45,  64.700,     4184,     56507,     4,    False, False
2026-08-29,  218,     4,   False,    45,  58.200,     2067,     31724,     4,    False, False
2026-08-29,  219,     4,   False,   204, 443.200,    13064,    247900,     4,    False,  True
2026-08-29,  220,     4,   False,   191, 172.100,    54853,   1050004,     4,    False, False
2026-08-29,  221,     4,   False,    54,  70.400,     2338,     37304,     4,    False, False
2026-08-29,  222,     4,   False,    53,  65.600,     2314,     38782,     4,    False, False
2026-08-29,  223,     4,   False,   105, 115.100,    24884,    426721,     4,    False, False
2026-08-29,  224,     4,   False,   102, 124.300,    10674,    198762,     4,    False, False
2026-08-29,  225,     4,   False,    53,  83.600,     3007,     47556,     4,    False, False
2026-08-29,  226,     4,   False,   158, 100.100,    28832,    514029,     4,    False, False
2026-08-29,  227,     4,   False,   123, 138.800,    10176,    180600,     4,    False, False
2026-08-29,  228,     4,   False,   235, 138.600,   128586,   1883443,     4,    False, False
2026-08-29,  229,     4,   False,   343, 117.200,    25651,    410912,     4,    False, False
2026-08-29,  230,     4,   False,   170, 146.000,    15828,    280751,     4,    False, False
2026-08-29,  231,     4,   False,   156, 112.200,    14096,    228110,     4,    False, False
2026-08-29,  232,     4,   False,   569, 443.200,   136007,   2379424,     4,    False,  True
2026-08-29,  233,     4,   False,    81, 114.300,     4188,     74300,     4,    False, False
2026-08-29,  234,     4,   False,   386, 443.200,    80356,   1406509,     4,    False,  True
2026-08-29,  235,     4,   False,   113, 117.300,     7805,    134104,     4,    False, False
2026-08-29,  236,     4,   False,   337, 155.600,   128990,   2163608,     4,    False, False
2026-08-29,  237,     4,   False,   245, 112.000,    21392,    356418,     4,    False, False
2026-08-29,  238,     4,   False,    90,  96.700,     4349,     77905,     4,    False, False
2026-08-29,  239,     4,   False,    66,  92.600,     8559,    127721,     4,    False, False
2026-08-29,  240,     4,   False,   211, 281.100,    32555,    561527,     4,    False, False
2026-08-29,  241,     4,   False,   987, 247.200,   305888,   5220044,     4,    False, False
2026-08-29,  242,     4,   False,   104, 122.200,    10034,    162689,     4,    False, False
2026-08-29,  243,     4,   False,   447, 443.200,    84833,   1506153,     4,    False,  True
2026-08-29,  244,     4,   False,   330, 231.900,    39352,    648153,     4,    False, False
2026-08-29,  245,     4,   False,  1274, 443.200,   623668,  13406442,     4,    False,  True
2026-08-29,  246,     4,   False,   155,  92.500,    43769,    636562,     4,    False, False
2026-08-29,  247,     4,   False,   701, 122.300,   191366,   3651459,     4,    False, False
2026-08-29,  248,     4,   False,   677, 277.200,   153538,   2789341,     4,    False, False
2026-08-29,  249,     4,   False,   127, 181.300,     8023,    137274,     4,    False, False
2026-08-29,  250,     4,   False,    88,  97.700,     5570,     81719,     4,    False, False
2026-08-29,  251,     4,   False,    60,  79.100,     3446,     52136,     4,    False, False
2026-08-29,  252,     4,   False,   540, 269.800,   125741,   2255754,     4,    False, False
2026-08-29,  253,     4,   False,   693, 443.200,   167444,   3363941,     4,    False,  True
2026-08-29,  254,     4,   False,    74,  96.700,     2250,     37674,     4,    False, False
2026-08-29,  255,     4,   False,    76,  86.700,     5028,     88731,     4,    False, False
2026-08-29,  256,     4,   False,   310, 133.700,    70383,   1105588,     4,    False, False
2026-08-29,  257,     4,   False,   115, 130.400,    12599,    205791,     4,    False, False
2026-08-29,  258,     4,   False,    49,  73.500,     2536,     40734,     4,    False, False
2026-08-29,  259,     4,   False,   173, 128.100,    14086,    251091,     4,    False, False
2026-08-29,  260,     4,   False,   220, 130.300,    23848,    414040,     4,    False, False
2026-08-29,  261,     4,   False,    99, 154.500,    10010,    167118,     4,    False, False
2026-08-29,  262,     4,   False,    56,  56.900,     5324,     78863,     4,    False, False
2026-08-29,  263,     4,   False,   261, 165.900,   135200,   2157992,     4,    False, False
2026-08-29,  264,     4,   False,   523, 158.400,   382359,   6816284,     4,    False, False
2026-08-29,  265,     4,   False,    85, 118.000,     7935,    124186,     4,    False, False
2026-08-29,  266,     4,   False,  4570, 182.100,  5576591, 188871739,     4,    False, False
2026-08-29,  267,     4,   False,   114, 154.500,     9044,    145723,     4,    False, False
2026-08-29,  268,     4,   False,    85,  67.000,     8043,    128950,     4,    False, False
2026-08-29,  269,     4,   False,   156,  71.000,    15727,    269136,     4,    False, False
2026-08-29,  270,     4,   False,    43,  54.800,     2261,     38179,     4,    False, False
2026-08-29,  271,     4,   False,   487, 132.200,   240583,   4111417,     4,    False, False
2026-08-29,  272,     4,   False,   462, 443.200,    65128,   1207775,     4,    False,  True
2026-08-29,  273,     4,   False,    97, 114.100,     8647,    167568,     4,    False, False
2026-08-29,  274,     4,   False,   233, 205.900,    21979,    379744,     4,    False, False
2026-08-29,  275,     4,   False,   128,  94.500,    15411,    245818,     4,    False, False
2026-08-29,  276,     4,   False,   140,  95.400,    14281,    241081,     4,    False, False
2026-08-29,  277,     4,   False,    68,  68.700,     3790,     58707,     4,    False, False
2026-08-29,  278,     4,   False,   860, 443.200,   277229,   4796788,     4,    False,  True
2026-08-29,  279,     4,   False,    56,  62.900,     3412,     55330,     4,    False, False
2026-08-29,  280,     4,   False,   349, 127.800,    66576,   1106617,     4,    False, False
2026-08-29,  281,     4,   False,   355, 443.200,    77182,   1414977,     4,    False,  True
2026-08-29,  282,     4,   False,   360, 115.900,   476397,   8533022,     4,    False, False
2026-08-29,  283,     4,   False,   656, 218.100,   150357,   2733848,     4,    False, False
2026-08-29,  284,     4,   False,   381, 210.600,    50178,    875312,     4,    False, False
2026-08-29,  285,     4,   False,   364, 443.200,   112321,   1878515,     4,    False,  True
2026-08-29,  286,     4,   False,   464, 443.200,    73885,   1486326,     4,    False,  True
2026-08-29,  287,     4,   False,   682, 269.000,   478803,   9056580,     4,    False, False
2026-08-29,  288,     4,   False,    61,  67.300,     3570,     52534,     4,    False, False
2026-08-29,  289,     4,   False,    56,  76.700,     3091,     50918,     4,    False, False
2026-08-29,  290,     4,   False,   143,  70.600,    18385,    302726,     4,    False, False
2026-08-29,  291,     4,   False,  1295, 443.200,  1391532,  26092663,     4,    False,  True
2026-08-29,  292,     4,   False,    98, 110.900,    12426,    218480,     4,    False, False
2026-08-29,  293,     4,   False,    50,  91.900,     2026,     33426,     4,    False, False
2026-08-29,  294,     4,   False,  1042, 160.100,  1029844,  26074378,     4,    False, False
2026-08-29,  295,     4,   False,   314, 198.200,    46258,    757032,     4,    False, False
2026-08-29,  296,     4,   False,    79,  99.200,     4605,     76990,     4,    False, False
2026-08-29,  297,     4,   False,   395, 443.200,    94835,   1632140,     4,    False,  True
2026-08-29,  298,     4,   False,   195, 163.400,    44917,    772893,     4,    False, False
2026-08-29,  299,     4,   False,   339, 176.500,    49770,    900945,     4,    False, False
2026-08-29,  100,     4,   False,    76, 113.000,     7303,    125223,     5,    False, False
2026-08-29,  101,     4,   False,  1267, 140.000,  2360687,  60504975,     5,    False, False
2026-08-29,  102,     4,   False,    66,  83.600,     9299,    169359,     5,    False, False
2026-08-29,  103,     4,   False,   556, 212.700,   116392,   2610582,     5,    False, False
2026-08-29,  104,     4,   False,   464, 176.800,   192345,   4159914,     5,    False, False
2026-08-29,  105,     4,   False,   313, 148.700,    57230,   1174922,     5,    False, False
2026-08-29,  106,     4,   False,   251, 202.900,    40792,    924932,     5,    False, False
2026-08-29,  107,     4,   False,   116, 129.300,    26740,    508287,     5,    False, False
2026-08-29,  108,     4,   False,    79,  86.500,     8965,    155623,     5,    False, False
2026-08-29,  109,     4,   False,   444,  90.600,   145564,   3945779,     5,    False, False
2026-08-29,  110,     4,   False,   935, 171.100,   711190,  19178774,     5,    False, False
2026-08-29,  111,     4,   False,   157, 104.800,    38171,    796274,     5,    False, False
2026-08-29,  112,     4,   False,   376,  97.800,    81058,   2075477,     5,    False, False
2026-08-29,  113,     4,   False,   112, 142.900,    13570,    245744,     5,    False, False
2026-08-29,  114,     4,   False,   790, 443.200,  2608479,  69255485,     5,    False,  True
2026-08-29,  115,     4,   False,   377, 185.100,   145273,   3313966,     5,    False, False
2026-08-29,  116,     4,   False,    62,  93.300,    11812,    205989,     5,    False, False
2026-08-29,  117,     4,   False,  2173, 137.200,  3942834, 117700395,     5,    False, False
2026-08-29,  118,     4,   False,   122,  76.100,    19151,    416124,     5,    False, False
2026-08-29,  119,     4,   False,   546, 137.500,   181040,   4680023,     5,    False, False
2026-08-29,  120,     4,   False,   409, 443.200,   181427,   4072787,     5,    False,  True
2026-08-29,  121,     4,   False,   870, 443.200,   442990,  10935199,     5,    False,  True
2026-08-29,  122,     4,   False,    90, 121.000,    10965,    258954,     5,    False, False
2026-08-29,  123,     4,   False,    41,  62.300,     4566,     80763,     5,    False, False
2026-08-29,  124,     4,   False,    89,  57.500,     8373,    169078,     5,    False, False
2026-08-29,  125,     4,   False,   120, 102.400,    30255,    659206,     5,    False, False
2026-08-29,  126,     4,   False,    61,  65.100,     6041,    110997,     5,    False, False
2026-08-29,  127,     4,   False,   187, 157.400,    44530,    936681,     5,    False, False
2026-08-29,  128,     4,   False,   199, 178.600,    48661,    915689,     5,    False, False
2026-08-29,  129,     4,   False,   347, 104.500,   220946,   3757669,     5,    False, False
2026-08-29,  130,     4,   False,    59,  89.800,     4942,     87340,     5,    False, False
2026-08-29,  131,     4,   False,   120, 118.300,    11870,    246969,     5,    False, False
2026-08-29,  132,     4,   False,  1031, 187.200,  1304366,  35751776,     5,    False, False
2026-08-29,  133,     4,   False,    99, 110.300,    33631,    598843,     5,    False, False
2026-08-29,  134,     4,   False,    70, 104.800,     6761,    137066,     5,    False, False
2026-08-29,  135,     4,   False,   264, 172.900,    47010,   1086803,     5,    False, False
2026-08-29,  136,     4,   False,   125, 149.700,    42880,    830105,     5,    False, False
2026-08-29,  137,     4,   False,    60,  80.200,     9912,    171238,     5,    False, False
2026-08-29,  138,     4,   False,   228, 443.200,    73795,   1589465,     5,    False,  True
2026-08-29,  139,     4,   False,   835, 212.300,   464783,  10864665,     5,    False, False
2026-08-29,  140,     4,   False,   231, 199.300,    39182,    888991,     5,    False, False
2026-08-29,  141,     4,   False,  2189, 191.300,  2981028,  77102171,     5,    False, False
2026-08-29,  142,     4,   False,    73,  88.200,    11768,    211668,     5,    False, False
2026-08-29,  143,     4,   False,  1841, 157.700,  9316822, 301407881,     5,     True, False
2026-08-29,  144,     4,   False,    78,  96.100,    19248,    378024,     5,    False, False
2026-08-29,  145,     4,   False,  2474, 443.200,  2754398,  67073656,     5,    False,  True
2026-08-29,  146,     4,   False,    41,  52.000,     1448,     31122,     5,    False, False
2026-08-29,  147,     4,   False,  1584, 160.200,  2831606,  71303111,     5,    False, False
2026-08-29,  148,     4,   False,    89,  91.000,    17757,    344563,     5,    False, False
2026-08-29,  149,     4,   False,   237, 155.700,    65995,   1457464,     5,    False, False
2026-08-29,  150,     4,   False,    60,  99.100,     2816,     67201,     5,    False, False
2026-08-29,  151,     4,   False,   100, 117.100,     9092,    203762,     5,    False, False
2026-08-29,  152,     4,   False,   246, 189.400,    82654,   1824804,     5,    False, False
2026-08-29,  153,     4,   False,   290, 141.400,    93201,   1776502,     5,    False, False
2026-08-29,  154,     4,   False,   499, 143.100,   182967,   4605452,     5,    False, False
2026-08-29,  155,     4,   False,    81,  78.500,     3177,     50706,     5,    False, False
2026-08-29,  156,     4,   False,   294, 443.200,    71504,   1563132,     5,    False,  True
2026-08-29,  157,     4,   False,   308, 443.200,    61968,   1318261,     5,    False,  True
2026-08-29,  158,     4,   False,   217, 136.300,   101539,   2106872,     5,    False, False
2026-08-29,  159,     4,   False,    88, 138.100,     8901,    204706,     5,    False, False
2026-08-29,  160,     4,   False,   180,  89.400,    39853,    773711,     5,    False, False
2026-08-29,  161,     4,   False,    80,  70.900,    16126,    276961,     5,    False, False
2026-08-29,  162,     4,   False,   125,  89.700,    14721,    298228,     5,    False, False
2026-08-29,  163,     4,   False,   176, 115.300,    62700,   1198753,     5,    False, False
2026-08-29,  164,     4,   False,   219, 114.700,    36340,    698646,     5,    False, False
2026-08-29,  165,     4,   False,    98, 150.600,    14982,    317147,     5,    False, False
2026-08-29,  166,     4,   False,   259, 100.400,   191629,   4306094,     5,    False, False
2026-08-29,  167,     4,   False,  1858, 209.100, 11338151, 300864019,     5,    False, False
2026-08-29,  168,     4,   False,    38,  35.900,     2733,     56832,     5,    False, False
2026-08-29,  169,     4,   False,   103, 114.800,    20739,    347867,     5,    False, False
2026-08-29,  170,     4,   False,    50,  68.600,    12064,    227229,     5,    False, False
2026-08-29,  171,     4,   False,    52,  83.500,     3170,     61380,     5,    False, False
2026-08-29,  172,     4,   False,   334, 129.500,   136629,   3073625,     5,    False, False
2026-08-29,  173,     4,   False,   412, 208.400,   105109,   2425605,     5,    False, False
2026-08-29,  174,     4,   False,   168, 144.400,    14660,    288256,     5,    False, False
2026-08-29,  175,     4,   False,   513,  90.500,   127597,   2908151,     5,    False, False
2026-08-29,  176,     4,   False,   185, 443.200,    32216,    712409,     5,    False,  True
2026-08-29,  177,     4,   False,   131, 102.900,    15307,    317447,     5,    False, False
2026-08-29,  178,     4,   False,   268, 443.200,   283928,   6673241,     5,    False,  True
2026-08-29,  179,     4,   False,    71,  53.800,     8320,    149943,     5,    False, False
2026-08-29,  180,     4,   False,   315, 199.200,   117903,   2698880,     5,    False, False
2026-08-29,  181,     4,   False,   123, 132.900,    28130,    539666,     5,    False, False
2026-08-29,  182,     4,   False,    56,  55.300,     2851,     53179,     5,    False, False
2026-08-29,  183,     4,   False,   844, 167.200,   401659,   9206759,     5,    False, False
2026-08-29,  184,     4,   False,   349, 103.400,   260610,   5275835,     5,    False, False
2026-08-29,  185,     4,   False,   792, 443.200,   325238,   8040871,     5,    False,  True
2026-08-29,  186,     4,   False,   424,  77.300,    49697,    848567,     5,    False, False
2026-08-29,  187,     4,   False,   116, 188.400,    13241,    295267,     5,    False, False
2026-08-29,  188,     4,   False,   359, 126.100,   162417,   3337633,     5,    False, False
2026-08-29,  189,     4,   False,    67,  87.800,     2456,     53625,     5,    False, False
2026-08-29,  190,     4,   False,   272, 443.200,    49181,   1059476,     5,    False,  True
2026-08-29,  191,     4,   False,  2928, 240.100,  4423856, 115657296,     5,    False, False
2026-08-29,  192,     4,   False,    54,  66.400,    15157,    262849,     5,    False, False
2026-08-29,  193,     4,   False,    52,  55.600,    11294,    202290,     5,    False, False
2026-08-29,  194,     4,   False,    77, 131.400,    15001,    267034,     5,    False, False
2026-08-29,  195,     4,   False,   149, 140.800,    54333,   1153504,     5,    False, False
2026-08-29,  196,     4,   False,     1,   6.000,        2,        24,     5,    False, False
2026-08-29,  197,     4,   False,   189, 117.100,    72277,   1531953,     5,    False, False
2026-08-29,  198,     4,   False,   114, 137.300,    15583,    321933,     5,    False, False
2026-08-29,  199,     4,   False,    58,  73.100,     5236,     97784,     5,    False, False
2026-08-29,  200,     4,   False,   158, 108.600,    30053,    843919,     5,    False, False
2026-08-29,  201,     4,   False,   104, 117.900,    32533,    683250,     5,    False, False
2026-08-29,  202,     4,   False,   102, 105.600,     9083,    205677,     5,    False, False
2026-08-29,  203,     4,   False,   144,  99.100,    18752,    373627,     5,    False, False
2026-08-29,  204,     4,   False,    75,  93.200,    12483,    242568,     5,    False, False
2026-08-29,  205,     4,   False,   243, 233.900,    27368,    619580,     5,    False, False
2026-08-29,  206,     4,   False,   248, 136.800,    53505,   1176409,     5,    False, False
2026-08-29,  207,     4,   False,    96, 109.700,     7719,    145129,     5,    False, False
2026-08-29,  208,     4,   False,  1963, 443.200,  1431023,  37997622,     5,    False,  True
2026-08-29,  209,     4,   False,   358, 443.200,   137849,   2855555,     5,    False,  True
2026-08-29,  210,     4,   False,    63,  67.300,     2201,     50877,     5,    False, False
2026-08-29,  211,     4,   False,   426, 443.200,   205253,   4971037,     5,    False,  True
2026-08-29,  212,     4,   False,   213, 146.700,    29595,    683955,     5,    False, False
2026-08-29,  213,     4,   False,   294, 194.000,   117334,   2729572,     5,    False, False
2026-08-29,  214,     4,   False,   505, 443.200,   157687,   3435936,     5,    False,  True
2026-08-29,  215,     4,   False,    46,  61.500,     7603,    129731,     5,    False, False
2026-08-29,  216,     4,   False,    95, 106.400,    10699,    243712,     5,    False, False
2026-08-29,  217,     4,   False,   567,  84.800,   155788,   3233161,     5,    False, False
2026-08-29,  218,     4,   False,    58,  68.400,     3890,     76590,     5,    False, False
2026-08-29,  219,     4,   False,   219, 165.000,    26627,    552846,     5,    False, False
2026-08-29,  220,     4,   False,   199, 166.300,    71369,   1368720,     5,    False, False
2026-08-29,  221,     4,   False,    56,  67.100,     5262,     95840,     5,    False, False
2026-08-29,  222,     4,   False,    71,  98.500,     8449,    154639,     5,    False, False
2026-08-29,  223,     4,   False,   121, 107.500,    23411,    507613,     5,    False, False
2026-08-29,  224,     4,   False,   419, 443.200,   376115,   8646815,     5,    False,  True
2026-08-29,  225,     4,   False,   286,  96.400,   117048,   2272698,     5,    False, False
2026-08-29,  226,     4,   False,   131, 121.500,    30467,    605337,     5,    False, False
2026-08-29,  227,     4,   False,   476, 191.600,   426511,   8719532,     5,    False, False
2026-08-29,  228,     4,   False,   328, 147.300,   221202,   4127257,     5,    False, False
2026-08-29,  229,     4,   False,   225, 125.400,    46216,    882182,     5,    False, False
2026-08-29,  230,     4,   False,   160, 127.200,    31024,    666512,     5,    False, False
2026-08-29,  231,     4,   False,   160, 145.100,    15436,    349516,     5,    False, False
2026-08-29,  232,     4,   False,   141, 197.000,    11242,    234091,     5,    False, False
2026-08-29,  233,     4,   False,    68,  75.100,     6628,    127093,     5,    False, False
2026-08-29,  234,     4,   False,    87, 100.900,    12989,    235562,     5,    False, False
2026-08-29,  235,     4,   False,   885, 112.400,   284436,   5892855,     5,    False, False
2026-08-29,  236,     4,   False,   125, 109.400,    10406,    194685,     5,    False, False
2026-08-29,  237,     4,   False,    86,  75.300,     9282,    174744,     5,    False, False
2026-08-29,  238,     4,   False,    88, 101.000,     8383,    205387,     5,    False, False
2026-08-29,  239,     4,   False,   106,  91.600,    22680,    423141,     5,    False, False
2026-08-29,  240,     4,   False,  1193, 443.200,   885799,  24996933,     5,    False,  True
2026-08-29,  241,     4,   False,   771, 168.500,   516178,  11347692,     5,    False, False
2026-08-29,  242,     4,   False,   181, 443.200,    41116,    893551,     5,    False,  True
2026-08-29,  243,     4,   False,   270, 443.200,    45297,    924324,     5,    False,  True
2026-08-29,  244,     4,   False,   291, 443.200,    47808,   1027708,     5,    False,  True
2026-08-29,  245,     4,   False,  1944, 443.200,  2123007,  60269051,     5,    False,  True
2026-08-29,  246,     4,   False,    52,  65.500,     4292,     83849,     5,    False, False
2026-08-29,  247,     4,   False,   164, 138.900,    28069,    623058,     5,    False, False
2026-08-29,  248,     4,   False,   796, 443.200,   213100,   4811219,     5,    False,  True
2026-08-29,  249,     4,   False,    83, 100.000,     6835,    122684,     5,    False, False
2026-08-29,  250,     4,   False,    71,  77.000,     4454,     85212,     5,    False, False
2026-08-29,  251,     4,   False,    61,  71.300,     6043,     99413,     5,    False, False
2026-08-29,  252,     4,   False,   169, 181.000,    49202,    985345,     5,    False, False
2026-08-29,  253,     4,   False,   613, 443.200,   303607,   6853937,     5,    False,  True
2026-08-29,  254,     4,   False,    79, 100.900,     3276,     69493,     5,    False, False
2026-08-29,  255,     4,   False,   190, 106.500,    24974,    590245,     5,    False, False
2026-08-29,  256,     4,   False,   693, 443.200,  1218125,  27708674,     5,    False,  True
2026-08-29,  257,     4,   False,   126, 126.500,    11315,    221687,     5,    False, False
2026-08-29,  258,     4,   False,    46,  69.000,     4544,     92369,     5,    False, False
2026-08-29,  259,     4,   False,   183, 121.400,    41838,    879544,     5,    False, False
2026-08-29,  260,     4,   False,   324, 170.300,   130243,   2566732,     5,    False, False
2026-08-29,  261,     4,   False,   130, 115.700,    23823,    538492,     5,    False, False
2026-08-29,  262,     4,   False,    55,  54.800,     5969,    105274,     5,    False, False
2026-08-29,  263,     4,   False,   383, 194.900,   153894,   3430209,     5,    False, False
2026-08-29,  264,     4,   False,  1372, 199.600,  2950002,  85860289,     5,    False, False
2026-08-29,  265,     4,   False,   302, 109.100,   152152,   3741832,     5,    False, False
2026-08-29,  266,     4,   False,    55,  81.700,     7922,    132839,     5,    False, False
2026-08-29,  267,     4,   False,   413, 174.300,   140258,   3083721,     5,    False, False
2026-08-29,  268,     4,   False,   105,  85.400,    15822,    358261,     5,    False, False
2026-08-29,  269,     4,   False,   288, 120.500,    60294,   1347937,     5,    False, False
2026-08-29,  270,     4,   False,    45,  54.800,     3555,     79018,     5,    False, False
2026-08-29,  271,     4,   False,   449, 158.000,   504109,  10347338,     5,    False, False
2026-08-29,  272,     4,   False,   281, 443.200,    59947,   1303766,     5,    False,  True
2026-08-29,  273,     4,   False,   121, 104.900,    30268,    700312,     5,    False, False
2026-08-29,  274,     4,   False,   223, 194.200,    39383,    751893,     5,    False, False
2026-08-29,  275,     4,   False,    87,  91.600,    10672,    195758,     5,    False, False
2026-08-29,  276,     4,   False,   629, 169.600,   193316,   4880356,     5,    False, False
2026-08-29,  277,     4,   False,    93,  91.600,     8506,    160441,     5,    False, False
2026-08-29,  278,     4,   False,   291, 188.300,   103433,   2129379,     5,    False, False
2026-08-29,  279,     4,   False,   396, 228.800,   347556,   6832974,     5,    False, False
2026-08-29,  280,     4,   False,   313, 126.700,    63036,   1330460,     5,    False, False
2026-08-29,  281,     4,   False,  1032, 267.000,  1079687,  26041780,     5,    False, False
2026-08-29,  282,     4,   False,   123,  96.700,    17819,    419639,     5,    False, False
2026-08-29,  283,     4,   False,    55,  76.600,     3477,     74589,     5,    False, False
2026-08-29,  284,     4,   False,    46,  52.700,    13986,    267361,     5,    False, False
2026-08-29,  285,     4,   False,   254, 443.200,    98366,   2247277,     5,    False,  True
2026-08-29,  286,     4,   False,   396, 133.500,    51533,   1072541,     5,    False, False
2026-08-29,  287,     4,   False,   693, 257.600,   488637,  10524866,     5,    False, False
2026-08-29,  288,     4,   False,    46,  51.500,     2991,     56649,     5,    False, False
2026-08-29,  289,     4,   False,    59,  79.700,     5487,    112506,     5,    False, False
2026-08-29,  290,     4,   False,   102,  66.500,    19775,    395802,     5,    False, False
2026-08-29,  291,     4,   False,    72,  95.300,    10424,    188339,     5,    False, False
2026-08-29,  292,     4,   False,   101, 104.400,    18369,    426370,     5,    False, False
2026-08-29,  293,     4,   False,    61, 109.800,     5070,     97944,     5,    False, False
2026-08-29,  294,     4,   False,    59,  84.400,     6333,    127572,     5,    False, False
2026-08-29,  295,     4,   False,   118, 134.800,    27643,    515085,     5,    False, False
2026-08-29,  296,     4,   False,    86, 100.100,     8034,    165525,     5,    False, False
2026-08-29,  297,     4,   False,   396, 443.200,   134416,   2693706,     5,    False,  True
2026-08-29,  298,     4,   False,   250, 165.300,   124266,   3090452,     5,    False, False
2026-08-29,  299,     4,   False,   884, 443.200,   308336,   7020410,     5,    False,  True
2026-08-29,  100,     4,   False,    96, 123.100,    15219,    291402,     6,    False, False
2026-08-29,  101,     4,   False,  1146, 146.200,  3172248, 104880693,     6,    False, False
2026-08-29,  102,     4,   False,    99, 144.400,    17457,    395285,     6,    False, False
2026-08-29,  103,     4,   False,   341, 443.200,    96737,   2567606,     6,    False,  True
2026-08-29,  104,     4,   False,   603, 216.800,   233879,   7118298,     6,    False, False
2026-08-29,  105,     4,   False,   224, 126.800,    52296,   1248440,     6,    False, False
2026-08-29,  106,     4,   False,   308, 443.200,    61693,   1648975,     6,    False,  True
2026-08-29,  107,     4,   False,   119, 129.300,    57683,   1157104,     6,    False, False
2026-08-29,  108,     4,   False,    82,  84.100,    14933,    341653,     6,    False, False
2026-08-29,  109,     4,   False,   414,  91.900,   180716,   6460356,     6,    False, False
2026-08-29,  110,     4,   False,    76,  94.400,     8879,    231584,     6,    False, False
2026-08-29,  111,     4,   False,   407, 111.500,   398691,   9797180,     6,    False, False
2026-08-29,  112,     4,   False,   368, 102.000,   106470,   3449106,     6,    False, False
2026-08-29,  113,     4,   False,   101, 118.800,    25742,    546697,     6,    False, False
2026-08-29,  114,     4,   False,   380, 443.200,   344627,   8826430,     6,    False,  True
2026-08-29,  115,     4,   False,   369, 185.100,   250148,   6366316,     6,    False, False
2026-08-29,  116,     4,   False,    61,  88.200,    26084,    528896,     6,    False, False
2026-08-29,  117,     4,   False,   201, 191.200,    70735,   1860107,     6,    False, False
2026-08-29,  118,     4,   False,   123,  76.800,    25084,    654793,     6,    False, False
2026-08-29,  119,     4,   False,   335, 130.800,   512178,  13133073,     6,    False, False
2026-08-29,  120,     4,   False,   321, 132.700,    99278,   2519240,     6,    False, False
2026-08-29,  121,     4,   False,   176, 190.600,    77189,   2341316,     6,    False, False
2026-08-29,  122,     4,   False,    61,  97.200,    10707,    246564,     6,    False, False
2026-08-29,  123,     4,   False,   653,  89.400,  1444556,  37032845,     6,    False, False
2026-08-29,  124,     4,   False,    89,  57.500,    10013,    237186,     6,    False, False
2026-08-29,  125,     4,   False,   131, 102.400,    56546,   1328123,     6,    False, False
2026-08-29,  126,     4,   False,    71,  69.400,     9334,    192562,     6,    False, False
2026-08-29,  127,     4,   False,   432, 148.600,   539345,  15426133,     6,    False, False
2026-08-29,  128,     4,   False,   242, 443.200,    98775,   2199017,     6,    False,  True
2026-08-29,  129,     4,   False,   495, 191.800,   327800,   7556422,     6,    False, False
2026-08-29,  130,     4,   False,    57,  81.900,     6409,    147785,     6,    False, False
2026-08-29,  131,     4,   False,   116, 119.600,    16983,    417243,     6,    False, False
2026-08-29,  132,     4,   False,   257, 148.100,    65517,   1887980,     6,    False, False
2026-08-29,  133,     4,   False,    86, 106.100,    33970,    699346,     6,    False, False
2026-08-29,  134,     4,   False,    71, 117.200,     9357,    238107,     6,    False, False
2026-08-29,  135,     4,   False,   185, 231.300,    39412,   1135057,     6,    False, False
2026-08-29,  136,     4,   False,   114,  84.600,    26522,    582821,     6,    False, False
2026-08-29,  137,     4,   False,    65,  80.300,    21280,    416864,     6,    False, False
2026-08-29,  138,     4,   False,   101, 134.900,    10926,    271571,     6,    False, False
2026-08-29,  139,     4,   False,   924, 443.200,   559237,  15579817,     6,    False,  True
2026-08-29,  140,     4,   False,   395, 159.600,   124621,   3095545,     6,    False, False
2026-08-29,  141,     4,   False,   344, 138.600,   468268,  13470443,     6,    False, False
2026-08-29,  142,     4,   False,   108, 118.500,    22415,    506174,     6,    False, False
2026-08-29,  143,     4,   False,  1009, 232.300,  2750661,  63874704,     6,    False, False
2026-08-29,  144,     4,   False,    80,  96.100,    40593,    934370,     6,    False, False
2026-08-29,  145,     4,   False,  2596, 443.200,  7223159, 209262708,     6,    False,  True
2026-08-29,  146,     4,   False,    50,  64.400,     4374,     91856,     6,    False, False
2026-08-29,  147,     4,   False,  1389, 164.300,  4453042, 125571492,     6,    False, False
2026-08-29,  148,     4,   False,    92,  74.900,    41034,    932121,     6,    False, False
2026-08-29,  149,     4,   False,   186, 165.600,    32710,    852040,     6,    False, False
2026-08-29,  150,     4,   False,    61,  99.100,     3531,    103334,     6,    False, False
2026-08-29,  151,     4,   False,    57,  92.000,     7159,    174134,     6,    False, False
2026-08-29,  152,     4,   False,   107, 142.500,    12389,    301897,     6,    False, False
2026-08-29,  153,     4,   False,   420, 443.200,    83727,   2376754,     6,    False,  True
2026-08-29,  154,     4,   False,   158, 156.000,    68998,   1661088,     6,    False, False
2026-08-29,  155,     4,   False,   114, 142.500,     6552,    144543,     6,    False, False
2026-08-29,  156,     4,   False,   243, 187.000,   104655,   2814507,     6,    False, False
2026-08-29,  157,     4,   False,   262, 443.200,   109055,   2724690,     6,    False,  True
2026-08-29,  158,     4,   False,   176, 130.600,   108211,   2424110,     6,    False, False
2026-08-29,  159,     4,   False,    98, 138.100,    14475,    427222,     6,    False, False
2026-08-29,  160,     4,   False,   441, 114.600,   180197,   4828669,     6,    False, False
2026-08-29,  161,     4,   False,   209, 115.200,    89982,   2198496,     6,    False, False
2026-08-29,  162,     4,   False,    84,  99.900,    15715,    421542,     6,    False, False
2026-08-29,  163,     4,   False,   999, 238.000,   741111,  20666163,     6,    False, False
2026-08-29,  164,     4,   False,   243, 133.700,    92491,   2290171,     6,    False, False
2026-08-29,  165,     4,   False,   194, 443.200,    73903,   2012287,     6,    False,  True
2026-08-29,  166,     4,   False,   137, 104.700,    15774,    494860,     6,    False, False
2026-08-29,  167,     4,   False,    83, 125.600,    18155,    410599,     6,    False, False
2026-08-29,  168,     4,   False,    39,  38.900,     2939,     78840,     6,    False, False
2026-08-29,  169,     4,   False,   114, 150.800,    71399,   1396936,     6,    False, False
2026-08-29,  170,     4,   False,    95,  72.500,    21123,    499441,     6,    False, False
2026-08-29,  171,     4,   False,    51,  84.600,     2719,     72151,     6,    False, False
2026-08-29,  172,     4,   False,   463, 222.400,   225936,   6806632,     6,    False, False
2026-08-29,  173,     4,   False,   473, 443.200,   181652,   5405375,     6,    False,  True
2026-08-29,  174,     4,   False,    90, 133.900,    13734,    355373,     6,    False, False
2026-08-29,  175,     4,   False,    52,  62.600,    12747,    248576,     6,    False, False
2026-08-29,  176,     4,   False,   166, 267.900,    49464,   1254024,     6,    False, False
2026-08-29,  177,     4,   False,   120, 119.700,    16706,    448343,     6,    False, False
2026-08-29,  178,     4,   False,   195, 206.100,    98076,   2394583,     6,    False, False
2026-08-29,  179,     4,   False,    80,  82.600,    15786,    357815,     6,    False, False
2026-08-29,  180,     4,   False,    82,  82.600,    24317,    544406,     6,    False, False
2026-08-29,  181,     4,   False,   362, 127.500,   507701,  11340980,     6,    False, False
2026-08-29,  182,     4,   False,    74,  61.300,     3821,    120337,     6,    False, False
2026-08-29,  183,     4,   False,    72, 105.000,    14077,    307490,     6,    False, False
2026-08-29,  184,     4,   False,   686, 208.800,   561733,  16164916,     6,    False, False
2026-08-29,  185,     4,   False,   865, 443.200,   479144,  12034185,     6,    False,  True
2026-08-29,  186,     4,   False,   527, 105.500,   141535,   2656444,     6,    False, False
2026-08-29,  187,     4,   False,   348, 443.200,   483809,  15333435,     6,    False,  True
2026-08-29,  188,     4,   False,   367, 194.200,   263202,   6350520,     6,    False, False
2026-08-29,  189,     4,   False,    66,  87.800,     2973,     80562,     6,    False, False
2026-08-29,  190,     4,   False,   523, 443.200,   215831,   5411411,     6,    False,  True
2026-08-29,  191,     4,   False,   907, 443.200,   588270,  15810078,     6,    False,  True
2026-08-29,  192,     4,   False,   314, 443.200,   125507,   3157412,     6,    False,  True
2026-08-29,  193,     4,   False,    78,  74.000,    11139,    277247,     6,    False, False
2026-08-29,  194,     4,   False,    55,  87.500,    34431,    591086,     6,    False, False
2026-08-29,  195,     4,   False,   142, 160.900,    21594,    575142,     6,    False, False
2026-08-29,  196,     4,   False,     1,   6.000,        2,        24,     6,    False, False
2026-08-29,  197,     4,   False,    70,  93.800,    14057,    352542,     6,    False, False
2026-08-29,  198,     4,   False,    75, 118.700,    20665,    437804,     6,    False, False
2026-08-29,  199,     4,   False,    59,  73.100,     9714,    207879,     6,    False, False
2026-08-29,  200,     4,   False,   191, 126.900,    28844,    817704,     6,    False, False
2026-08-29,  201,     4,   False,    92, 106.100,    42249,    959178,     6,    False, False
2026-08-29,  202,     4,   False,    90, 127.800,    18026,    457724,     6,    False, False
2026-08-29,  203,     4,   False,   287, 113.000,   127059,   4534953,     6,    False, False
2026-08-29,  204,     4,   False,   234, 443.200,    65064,   1609910,     6,    False,  True
2026-08-29,  205,     4,   False,   218, 190.200,    23430,    594186,     6,    False, False
2026-08-29,  206,     4,   False,   225, 147.800,    57287,   1716041,     6,    False, False
2026-08-29,  207,     4,   False,   103, 134.200,    15157,    360852,     6,    False, False
2026-08-29,  208,     4,   False,  3056, 443.200,  5303119, 146675377,     6,    False,  True
2026-08-29,  209,     4,   False,   160, 175.500,    36015,    866480,     6,    False, False
2026-08-29,  210,     4,   False,    66,  64.600,     4915,    107772,     6,    False, False
2026-08-29,  211,     4,   False,   658, 443.200,   856643,  27773212,     6,    False,  True
2026-08-29,  212,     4,   False,   273, 148.300,   126877,   2975673,     6,    False, False
2026-08-29,  213,     4,   False,   761, 443.200,  2708307,  86154796,     6,    False,  True
2026-08-29,  214,     4,   False,   987, 443.200,   621493,  20330866,     6,    False,  True
2026-08-29,  215,     4,   False,    51,  64.200,    14778,    327888,     6,    False, False
2026-08-29,  216,     4,   False,   148, 131.100,    36358,    961792,     6,    False, False
2026-08-29,  217,     4,   False,    83, 111.100,    36943,    688141,     6,    False, False
2026-08-29,  218,     4,   False,    58,  75.900,     9481,    238120,     6,    False, False
2026-08-29,  219,     4,   False,   335, 183.600,   781267,  17934988,     6,    False, False
2026-08-29,  220,     4,   False,   495, 443.200,   311724,   7960296,     6,    False,  True
2026-08-29,  221,     4,   False,    51,  69.100,     6885,    148089,     6,    False, False
2026-08-29,  222,     4,   False,    88, 126.600,    12377,    282568,     6,    False, False
2026-08-29,  223,     4,   False,   485, 115.600,   240591,   6175335,     6,    False, False
2026-08-29,  224,     4,   False,   109, 125.100,    22596,    682301,     6,    False, False
2026-08-29,  225,     4,   False,   300,  98.100,   212696,   4876110,     6,    False, False
2026-08-29,  226,     4,   False,   281, 183.100,   178845,   4856093,     6,    False, False
2026-08-29,  227,     4,   False,   113, 103.400,     7756,    197148,     6,    False, False
2026-08-29,  228,     4,   False,   284, 142.700,   408350,   8964221,     6,    False, False
2026-08-29,  229,     4,   False,   390, 165.700,    75678,   1926814,     6,    False, False
2026-08-29,  230,     4,   False,   157, 127.200,    45547,   1234713,     6,    False, False
2026-08-29,  231,     4,   False,   159, 139.900,    29317,    678962,     6,    False, False
2026-08-29,  232,     4,   False,   149, 197.100,    28331,    673558,     6,    False, False
2026-08-29,  233,     4,   False,    67,  73.600,     9365,    218654,     6,    False, False
2026-08-29,  234,     4,   False,  1599, 140.400,  9878131, 301659642,     6,     True, False
2026-08-29,  235,     4,   False,   168, 132.100,    27156,    728935,     6,    False, False
2026-08-29,  236,     4,   False,   126, 117.000,    18424,    422890,     6,    False, False
2026-08-29,  237,     4,   False,   142, 138.100,    91999,   1868151,     6,    False, False
2026-08-29,  238,     4,   False,   103, 101.500,    14879,    470339,     6,    False, False
2026-08-29,  239,     4,   False,    99,  91.300,    60812,   1169960,     6,    False, False
2026-08-29,  240,     4,   False,  1006, 443.200,  1572456,  47794816,     6,    False,  True
2026-08-29,  241,     4,   False,  1066, 443.200,   934721,  25407355,     6,    False,  True
2026-08-29,  242,     4,   False,   206, 201.800,    46060,   1155606,     6,    False, False
2026-08-29,  243,     4,   False,   233, 443.200,    68664,   1627706,     6,    False,  True
2026-08-29,  244,     4,   False,   252, 125.700,    91327,   2915730,     6,    False, False
2026-08-29,  245,     4,   False,   462, 443.200,   381710,  11196285,     6,    False,  True
2026-08-29,  246,     4,   False,    51,  65.500,     5552,    138449,     6,    False, False
2026-08-29,  247,     4,   False,   449, 181.700,   604400,  11946161,     6,    False, False
2026-08-29,  248,     4,   False,   743, 190.900,   510111,  12920358,     6,    False, False
2026-08-29,  249,     4,   False,   166, 175.500,    35001,    894898,     6,    False, False
2026-08-29,  250,     4,   False,   264, 126.300,    28863,    754682,     6,    False, False
2026-08-29,  251,     4,   False,   154, 127.000,    59561,   1311909,     6,    False, False
2026-08-29,  252,     4,   False,   443, 280.500,   810555,  21189871,     6,    False, False
2026-08-29,  253,     4,   False,   686, 443.200,   298491,   8848123,     6,    False,  True
2026-08-29,  254,     4,   False,    70,  96.200,     5110,    121737,     6,    False, False
2026-08-29,  255,     4,   False,   197, 106.500,    35705,   1096693,     6,    False, False
2026-08-29,  256,     4,   False,   187,  98.300,    72908,   1388489,     6,    False, False
2026-08-29,  257,     4,   False,   262, 443.200,    93837,   2293394,     6,    False,  True
2026-08-29,  258,     4,   False,    47,  69.000,     7209,    177044,     6,    False, False
2026-08-29,  259,     4,   False,   106, 114.500,    23803,    604312,     6,    False, False
2026-08-29,  260,     4,   False,   108, 147.800,    27097,    774960,     6,    False, False
2026-08-29,  261,     4,   False,   284, 443.200,   103317,   2691273,     6,    False,  True
2026-08-29,  262,     4,   False,    55,  54.800,    11362,    228436,     6,    False, False
2026-08-29,  263,     4,   False,   149, 250.200,    64563,   1646568,     6,    False, False
2026-08-29,  264,     4,   False,  1654, 111.900,  7031740, 302108088,     6,     True, False
2026-08-29,  265,     4,   False,    94, 121.200,     9622,    239473,     6,    False, False
2026-08-29,  266,     4,   False,   269, 126.900,    90149,   2225818,     6,    False, False
2026-08-29,  267,     4,   False,   446, 199.700,   240951,   6306284,     6,    False, False
2026-08-29,  268,     4,   False,   103,  78.500,    57163,   1220998,     6,    False, False
2026-08-29,  269,     4,   False,   372, 167.000,    93936,   2871311,     6,    False, False
2026-08-29,  270,     4,   False,    45,  54.800,     4742,    150115,     6,    False, False
2026-08-29,  271,     4,   False,   269, 131.200,   161883,   4503746,     6,    False, False
2026-08-29,  272,     4,   False,   997, 443.200,  1042829,  28147248,     6,    False,  True
2026-08-29,  273,     4,   False,    72,  83.800,    19542,    410898,     6,    False, False
2026-08-29,  274,     4,   False,   169, 190.400,    31276,    761570,     6,    False, False
2026-08-29,  275,     4,   False,    83,  99.500,    15138,    344568,     6,    False, False
2026-08-29,  276,     4,   False,   211, 121.600,    37310,    996058,     6,    False, False
2026-08-29,  277,     4,   False,   103,  85.800,    15220,    327896,     6,    False, False
2026-08-29,  278,     4,   False,   244, 443.200,   110293,   2652566,     6,    False,  True
2026-08-29,  279,     4,   False,   219, 175.000,    89881,   2493028,     6,    False, False
2026-08-29,  280,     4,   False,   104,  90.700,     9925,    292839,     6,    False, False
2026-08-29,  281,     4,   False,   982, 304.200,  2303351,  75406265,     6,    False, False
2026-08-29,  282,     4,   False,   192,  97.400,    49883,   1317223,     6,    False, False
2026-08-29,  283,     4,   False,    64,  85.800,     3162,     98876,     6,    False, False
2026-08-29,  284,     4,   False,    53,  57.000,    28184,    662292,     6,    False, False
2026-08-29,  285,     4,   False,   230, 443.200,   164387,   4164057,     6,    False,  True
2026-08-29,  286,     4,   False,   558, 168.600,   428279,   9587257,     6,    False, False
2026-08-29,  287,     4,   False,   510, 231.200,  2565653,  68805937,     6,    False, False
2026-08-29,  288,     4,   False,    62,  67.000,    11830,    261667,     6,    False, False
2026-08-29,  289,     4,   False,    59,  76.700,     9089,    230955,     6,    False, False
2026-08-29,  290,     4,   False,   150,  65.400,    43574,   1118168,     6,    False, False
2026-08-29,  291,     4,   False,  2320, 257.100,  2992240,  95115197,     6,    False, False
2026-08-29,  292,     4,   False,   166, 140.600,    38325,   1001966,     6,    False, False
2026-08-29,  293,     4,   False,    67, 113.200,     9759,    209113,     6,    False, False
2026-08-29,  294,     4,   False,   247, 116.700,   126217,   3355509,     6,    False, False
2026-08-29,  295,     4,   False,   250, 443.200,   107342,   2645079,     6,    False,  True
2026-08-29,  296,     4,   False,    81, 102.900,    12125,    303834,     6,    False, False
2026-08-29,  297,     4,   False,   560, 211.400,   329327,   7970670,     6,    False, False
2026-08-29,  298,     4,   False,   143, 227.500,    69822,   1736577,     6,    False, False
2026-08-29,  299,     4,   False,  1192, 443.200,  1616960,  46122704,     6,    False,  True
